question_id,question,option_a,option_b,option_c,option_d,correct_answer,domain,topic,difficulty_level
DA_0001,"What is the arithmetic mean of the dataset: 4, 8, 15, 16, 23, 42?",18,18,17.5,19,B,Data Analytics,Mathematical & Statistical Foundations,1
DA_0002,Which formula correctly computes the mean of n values?,Sum of values / Count of values,Sum of values Ã— Count,Max value - Min value,Median of values,A,Data Analytics,Mathematical & Statistical Foundations,4
DA_0003,"A dataset has values 10, 20, 30. If 40 is added, what happens to the mean?",It decreases,It stays the same,It increases,It becomes undefined,C,Data Analytics,Mathematical & Statistical Foundations,9
DA_0004,"The mean of five numbers is 12. If one number is removed and the new mean is 10, what was the removed number?",18,20,22,16,B,Data Analytics,Mathematical & Statistical Foundations,3
DA_0005,Which type of mean is used when averaging rates or ratios?,Arithmetic Mean,Geometric Mean,Harmonic Mean,Weighted Mean,C,Data Analytics,Mathematical & Statistical Foundations,2
DA_0006,"If all values in a dataset are identical, then the mean is:",Zero,Equal to any one of those values,The sum divided by two,Undefined,B,Data Analytics,Mathematical & Statistical Foundations,0
DA_0007,"The mean salary in a company is $50,000. A new employee earning $100,000 joins. What happens to the mean?",It decreases,It remains unchanged,It increases,It becomes the median,C,Data Analytics,Mathematical & Statistical Foundations,4
DA_0008,Which of the following is NOT a property of the arithmetic mean?,It uses all data values,It is sensitive to outliers,It always equals the median,It can be used in further calculations,C,Data Analytics,Mathematical & Statistical Foundations,9
DA_0009,The weighted mean of scores 80 (weight 2) and 90 (weight 3) is:,84,85,86,87,C,Data Analytics,Mathematical & Statistical Foundations,7
DA_0010,A class of 30 students has a mean score of 70. Another class of 20 students has a mean of 80. What is the combined mean?,75,73,74,76,C,Data Analytics,Mathematical & Statistical Foundations,8
DA_0011,Which measure of central tendency is most affected by extreme values?,Mode,Median,Mean,Range,C,Data Analytics,Mathematical & Statistical Foundations,6
DA_0012,"The mean of -3, -1, 0, 1, 3 is:",1,0,-1,0.5,B,Data Analytics,Mathematical & Statistical Foundations,10
DA_0013,"A dataset's mean is 50. If every value is doubled, the new mean is:",50,25,100,75,C,Data Analytics,Mathematical & Statistical Foundations,0
DA_0014,The mean of the first 10 natural numbers is:,5,5.5,6,4.5,B,Data Analytics,Mathematical & Statistical Foundations,0
DA_0015,Which scenario best illustrates a use of mean in data analytics?,Finding the most purchased product,Computing average response time of a website,Finding the middle customer age,Counting distinct product categories,B,Data Analytics,Mathematical & Statistical Foundations,0
DA_0016,"If mean > median in a dataset, the distribution is likely:",Symmetric,Negatively skewed,Positively skewed,Bimodal,C,Data Analytics,Mathematical & Statistical Foundations,1
DA_0017,"Mean of 100, 200, 300, 400, 500 is:",250,300,350,200,B,Data Analytics,Mathematical & Statistical Foundations,0
DA_0018,"A student scores 85, 90, 78, 92, 95 in five subjects. What is the mean score?",87,88,88.5,89,B,Data Analytics,Mathematical & Statistical Foundations,3
DA_0019,"In a frequency distribution, mean is calculated by summing (value Ã— frequency) and dividing by:",Number of classes,Total frequency,Highest frequency,Range,B,Data Analytics,Mathematical & Statistical Foundations,9
DA_0020,Which Python function computes the mean of a list?,sum(),statistics.mean(),max(),round(),B,Data Analytics,Mathematical & Statistical Foundations,8
DA_0021,"The mean of a dataset is 40, and all values are increased by 5. The new mean is:",40,45,35,50,B,Data Analytics,Mathematical & Statistical Foundations,3
DA_0022,"Three positive numbers have a mean of 9. If two of them are 7 and 11, the third is:",8,9,10,11,B,Data Analytics,Mathematical & Statistical Foundations,3
DA_0023,Which best describes 'mean' in the context of a distribution?,The most frequent value,The middle value after sorting,The balance point of the distribution,The difference of max and min,C,Data Analytics,Mathematical & Statistical Foundations,6
DA_0024,"A dataset: 5, 10, 15, 20, 25. If 15 is replaced by 30, the mean:",Stays the same,Increases by 3,Increases by 5,Decreases by 3,B,Data Analytics,Mathematical & Statistical Foundations,10
DA_0025,Mean is most suitable when data is:,Skewed with outliers,Nominal in nature,Normally distributed without extreme outliers,Ordinal with gaps,C,Data Analytics,Mathematical & Statistical Foundations,8
DA_0026,"What is the median of 3, 7, 2, 9, 5?",5,7,2,9,A,Data Analytics,Mathematical & Statistical Foundations,6
DA_0027,"For an even number of observations, the median is:",The lower middle value,The upper middle value,The average of the two middle values,The mode of the two middle values,C,Data Analytics,Mathematical & Statistical Foundations,0
DA_0028,"Median of 1, 2, 3, 4, 5, 6 is:",3,3.5,4,2.5,B,Data Analytics,Mathematical & Statistical Foundations,0
DA_0029,Which measure is preferred when data has extreme outliers?,Mean,Mode,Median,Variance,C,Data Analytics,Mathematical & Statistical Foundations,3
DA_0030,"If a dataset is: 10, 20, 30, 40, 100, the median is:",30,40,50,20,A,Data Analytics,Mathematical & Statistical Foundations,3
DA_0031,"After sorting a dataset of 9 values, the median is located at position:",4th,5th,6th,3rd,B,Data Analytics,Mathematical & Statistical Foundations,0
DA_0032,"The median of 12, 15, 18, 21, 24 is:",15,18,21,17,B,Data Analytics,Mathematical & Statistical Foundations,5
DA_0033,Adding a very large outlier to a dataset will have what effect on the median?,Always increases it,Always decreases it,May have minimal effect,Eliminates it,C,Data Analytics,Mathematical & Statistical Foundations,9
DA_0034,Median income is preferred over mean income because:,It is easier to compute,It is less affected by very high or low incomes,It reflects all values equally,It is always higher,B,Data Analytics,Mathematical & Statistical Foundations,1
DA_0035,Which Python module provides a function to calculate median?,math,os,statistics,random,C,Data Analytics,Mathematical & Statistical Foundations,10
DA_0036,"For data: 7, 7, 8, 9, 10, 10, the median is:",8,8.5,9,7,B,Data Analytics,Mathematical & Statistical Foundations,4
DA_0037,Median divides the distribution into:,Equal halves by frequency,Quartiles,Deciles,Percentile groups,A,Data Analytics,Mathematical & Statistical Foundations,7
DA_0038,"Which of the following does NOT change the median of: 5, 10, 15, 20, 25?",Replacing 5 with 1,Replacing 25 with 100,Replacing 15 with 16,Adding 30 to the dataset,C,Data Analytics,Mathematical & Statistical Foundations,2
DA_0039,A dataset has 7 values sorted in ascending order. The median is the:,3rd value,4th value,5th value,6th value,B,Data Analytics,Mathematical & Statistical Foundations,8
DA_0040,Median of a negatively skewed distribution is:,Greater than mean,Less than mean,Equal to mean,Equal to mode,A,Data Analytics,Mathematical & Statistical Foundations,6
DA_0041,"What is the median of: 100, 200, 300, 400, 500, 600?",300,350,400,250,B,Data Analytics,Mathematical & Statistical Foundations,8
DA_0042,Median is a measure of:,Dispersion,Central tendency,Variability,Skewness,B,Data Analytics,Mathematical & Statistical Foundations,0
DA_0043,Which is true about the median?,It uses all data values in its computation,It equals the mean in all distributions,It is the 50th percentile,It is always a value in the dataset,C,Data Analytics,Mathematical & Statistical Foundations,4
DA_0044,"Data: 2, 4, 6, 8, 10. If 6 is replaced by 100, what happens to the median?",Increases significantly,Stays the same,Decreases,Becomes undefined,B,Data Analytics,Mathematical & Statistical Foundations,2
DA_0045,When is median the same as mean?,Always,When data is symmetrically distributed,When data has an outlier,When mode equals zero,B,Data Analytics,Mathematical & Statistical Foundations,3
DA_0046,"What is the mode of: 3, 5, 3, 7, 9, 3, 2?",7,5,3,9,C,Data Analytics,Mathematical & Statistical Foundations,3
DA_0047,A dataset with two modes is called:,Unimodal,Bimodal,Multimodal,Amodal,B,Data Analytics,Mathematical & Statistical Foundations,10
DA_0048,Which type of data is mode most appropriate for?,Continuous data,Categorical data,Ratio data,Interval data,B,Data Analytics,Mathematical & Statistical Foundations,6
DA_0049,"What is the mode of: 10, 20, 30, 40, 50?",30,No mode,10,50,B,Data Analytics,Mathematical & Statistical Foundations,9
DA_0050,Mode in a normal distribution equals:,Mean only,Median only,Both mean and median,Neither mean nor median,C,Data Analytics,Mathematical & Statistical Foundations,10
DA_0051,Which of the following datasets has multiple modes?,"1,2,3,4,5","2,2,3,3,4","1,1,1,1,1","2,4,6,8,10",B,Data Analytics,Mathematical & Statistical Foundations,7
DA_0052,The mode is the only measure of central tendency applicable to:,Ratio scale,Interval scale,Ordinal scale,Nominal scale,D,Data Analytics,Mathematical & Statistical Foundations,10
DA_0053,"In a frequency table, mode is the value with:",Smallest frequency,Middle frequency,Largest frequency,Second largest frequency,C,Data Analytics,Mathematical & Statistical Foundations,9
DA_0054,Which Python object best stores frequency counts to find mode?,List,Tuple,Dictionary,Set,C,Data Analytics,Mathematical & Statistical Foundations,4
DA_0055,"What is the mode of: 5, 5, 5, 5?",5,0,Undefined,25,A,Data Analytics,Mathematical & Statistical Foundations,9
DA_0056,"In a dataset representing shirt sizes (S, M, L, XL), which measure is most useful?",Mean,Median,Mode,Variance,C,Data Analytics,Mathematical & Statistical Foundations,6
DA_0057,What does 'trimodal' mean?,A dataset with no mode,A dataset with one mode,A dataset with two modes,A dataset with three modes,D,Data Analytics,Mathematical & Statistical Foundations,2
DA_0058,How does adding more occurrences of an existing non-mode value affect the mode?,Always changes it,May change it if it becomes the most frequent,Never changes it,Makes it undefined,B,Data Analytics,Mathematical & Statistical Foundations,2
DA_0059,Mode can be located on a histogram by identifying:,The shortest bar,The leftmost bar,The tallest bar,The middle bar,C,Data Analytics,Mathematical & Statistical Foundations,2
DA_0060,Which measure of central tendency is most appropriate for the 'most popular city' question?,Mean,Variance,Mode,Standard deviation,C,Data Analytics,Mathematical & Statistical Foundations,3
DA_0061,Variance is calculated as:,Mean of absolute deviations,Mean of squared deviations from the mean,Sum of all values,Range divided by 2,B,Data Analytics,Mathematical & Statistical Foundations,5
DA_0062,Standard deviation is:,Square of variance,Square root of variance,Variance divided by mean,Half of variance,B,Data Analytics,Mathematical & Statistical Foundations,4
DA_0063,A dataset with all identical values has variance equal to:,1,Mean of the values,0,Undefined,C,Data Analytics,Mathematical & Statistical Foundations,7
DA_0064,"If variance of a dataset is 25, its standard deviation is:",5,25,625,12.5,A,Data Analytics,Mathematical & Statistical Foundations,4
DA_0065,Which formula represents population variance?,Î£(x-Î¼)Â²/n,Î£(x-Î¼)Â²/(n-1),Î£|x-Î¼|/n,Î£xÂ²/n,A,Data Analytics,Mathematical & Statistical Foundations,10
DA_0066,What is the key difference between population and sample variance?,Population uses n-1 in denominator,Sample uses n in denominator,Sample uses n-1 in denominator,They are identical,C,Data Analytics,Mathematical & Statistical Foundations,4
DA_0067,A lower standard deviation means the data values are:,More spread out,Closer to the mean,Always positive,Skewed right,B,Data Analytics,Mathematical & Statistical Foundations,9
DA_0068,Variance has which unit relative to the original data?,Same unit,Square of the unit,No unit,Half the unit,B,Data Analytics,Mathematical & Statistical Foundations,1
DA_0069,Standard deviation is preferred over variance because:,It is always larger,It is in the same unit as the data,It is easier to compute,It doesn't require the mean,B,Data Analytics,Mathematical & Statistical Foundations,10
DA_0070,"Data: 2, 4, 4, 4, 5, 5, 7, 9. Mean = 5. Population variance = ?",4,5,2,6,A,Data Analytics,Mathematical & Statistical Foundations,10
DA_0071,Which measure tells you how spread out data is around the mean?,Median,Mode,Standard deviation,Percentile,C,Data Analytics,Mathematical & Statistical Foundations,4
DA_0072,A dataset's standard deviation is doubled when:,All values increase by 2,All values are doubled,Mean increases,Mode changes,B,Data Analytics,Mathematical & Statistical Foundations,6
DA_0073,"The standard deviation of 5, 5, 5, 5, 5 is:",5,1,0,25,C,Data Analytics,Mathematical & Statistical Foundations,1
DA_0074,Coefficient of variation is standard deviation divided by:,Range,Mean,Median,Mode,B,Data Analytics,Mathematical & Statistical Foundations,5
DA_0075,Which Python library function computes standard deviation?,math.std(),numpy.std(),os.std(),sys.std(),B,Data Analytics,Mathematical & Statistical Foundations,6
DA_0076,"If every value in a dataset is increased by 10, the standard deviation:",Increases by 10,Decreases by 10,Stays the same,Doubles,C,Data Analytics,Mathematical & Statistical Foundations,4
DA_0077,Variance is used in which of the following statistical techniques?,ANOVA,Median calculation,Mode finding,Quartile derivation,A,Data Analytics,Mathematical & Statistical Foundations,8
DA_0078,Population standard deviation uses denominator:,n-1,n,n+1,n/2,B,Data Analytics,Mathematical & Statistical Foundations,3
DA_0079,Sample standard deviation uses denominator:,n,n-1,n+1,nÂ²,B,Data Analytics,Mathematical & Statistical Foundations,9
DA_0080,Which of these is a correct statement about variance?,It can be negative,It is always a positive value or zero,It equals the mean,It ignores outliers,B,Data Analytics,Mathematical & Statistical Foundations,0
DA_0081,Which of the following datasets has greater variance?,"10, 10, 10, 10","1, 5, 9, 13","5, 5, 6, 5","6, 6, 6, 7",B,Data Analytics,Mathematical & Statistical Foundations,7
DA_0082,The range rule of thumb estimates standard deviation as:,Range / 4,Range Ã— 2,Range / 2,Range + 4,A,Data Analytics,Mathematical & Statistical Foundations,7
DA_0083,A high standard deviation in stock prices indicates:,Low risk,High risk / volatility,Stable returns,No price change,B,Data Analytics,Mathematical & Statistical Foundations,6
DA_0084,Which expression correctly describes 'deviation' in statistics?,A value minus the mean,The mean minus the max,Max minus min,Median minus mode,A,Data Analytics,Mathematical & Statistical Foundations,7
DA_0085,"Variance of 1, 2, 3 (population) is approximately:",0.67,1,0.5,2,A,Data Analytics,Mathematical & Statistical Foundations,1
DA_0086,What percentage is 45 out of 180?,0.2,0.25,0.3,0.35,B,Data Analytics,Mathematical & Statistical Foundations,2
DA_0087,"If a product's price increases from $80 to $100, the percentage increase is:",0.2,0.25,0.15,0.1,B,Data Analytics,Mathematical & Statistical Foundations,8
DA_0088,"A ratio of 3:5 means for every 3 units of A, there are how many units of B?",3,5,8,15,B,Data Analytics,Mathematical & Statistical Foundations,0
DA_0089,Which formula computes percentage change?,(New - Old) / Old Ã— 100,(Old - New) / New Ã— 100,New / Old Ã— 100,Old / New Ã— 100,A,Data Analytics,Mathematical & Statistical Foundations,7
DA_0090,Sales decreased from 500 to 400. What is the percentage decrease?,0.25,0.2,0.1,0.15,B,Data Analytics,Mathematical & Statistical Foundations,7
DA_0091,A store offers a 15% discount on an item priced at $200. The discount amount is:,15,30,25,20,B,Data Analytics,Mathematical & Statistical Foundations,6
DA_0092,"In a class of 40 students, 8 failed. What percentage passed?",0.8,0.75,0.85,0.7,A,Data Analytics,Mathematical & Statistical Foundations,10
DA_0093,"If the ratio of boys to girls in a school is 3:2 and there are 300 students, how many girls are there?",100,120,180,150,B,Data Analytics,Mathematical & Statistical Foundations,4
DA_0094,Converting a ratio 1:4 to a percentage (share of the first part) gives:,0.25,0.2,0.4,0.1,B,Data Analytics,Mathematical & Statistical Foundations,3
DA_0095,"A mixture has water to juice ratio 2:3. If there are 600 ml total, how much water is there?",200 ml,240 ml,300 ml,150 ml,B,Data Analytics,Mathematical & Statistical Foundations,9
DA_0096,What is 30% of 250?,65,75,80,70,B,Data Analytics,Mathematical & Statistical Foundations,9
DA_0097,A dataset shows revenue of $1M in year 1 and $1.2M in year 2. Year-over-year growth is:,0.15,0.2,0.25,0.1,B,Data Analytics,Mathematical & Statistical Foundations,9
DA_0098,"If A:B = 2:3 and B:C = 3:4, then A:C is:",01:02:00,02:04:00,02:03:00,03:04:00,A,Data Analytics,Mathematical & Statistical Foundations,9
DA_0099,What is the percentage representation used in pie charts?,Frequency / Total Ã— 50,Frequency / Total Ã— 100,Frequency Ã— 100,Total / Frequency Ã— 100,B,Data Analytics,Mathematical & Statistical Foundations,5
DA_0100,"If 20% of x is 50, what is x?",100,200,250,150,C,Data Analytics,Mathematical & Statistical Foundations,10
DA_0101,A ratio can be expressed as a:,"Fraction, decimal, or percentage",Only a fraction,Only a percentage,Only a decimal,A,Data Analytics,Mathematical & Statistical Foundations,0
DA_0102,Which metric computes market share of a company?,Company revenue / Total market revenue Ã— 100,Total market / Company revenue,Company profit / Total profit,Company revenue - Competitor revenue,A,Data Analytics,Mathematical & Statistical Foundations,4
DA_0103,"If the ratio of apples to oranges is 5:3, and there are 40 apples, how many oranges are there?",24,32,20,28,A,Data Analytics,Mathematical & Statistical Foundations,3
DA_0104,A 10% increase followed by a 10% decrease results in:,The original value,A net 1% decrease,A net 1% increase,A net 2% decrease,B,Data Analytics,Mathematical & Statistical Foundations,3
DA_0105,Which of these correctly converts a decimal to a percentage?,Multiply by 10,Divide by 100,Multiply by 100,Add 100,C,Data Analytics,Mathematical & Statistical Foundations,6
DA_0106,Probability of an event is defined as:,Number of outcomes / Total possible outcomes,Total outcomes / Favorable outcomes,Favorable outcomes / Total possible outcomes,1 - Favorable outcomes,C,Data Analytics,Mathematical & Statistical Foundations,8
DA_0107,The probability of an impossible event is:,1,0.5,0,-1,C,Data Analytics,Mathematical & Statistical Foundations,7
DA_0108,The probability of a certain event is:,0,0.5,Between 0 and 1,1,D,Data Analytics,Mathematical & Statistical Foundations,10
DA_0109,A fair coin is tossed. P(Heads) = ?,1,0,0.5,0.25,C,Data Analytics,Mathematical & Statistical Foundations,7
DA_0110,A fair die is rolled. P(getting 4) = ?,03-01-2026 00:00,06-01-2026 00:00,04-01-2026 00:00,02-01-2026 00:00,B,Data Analytics,Mathematical & Statistical Foundations,4
DA_0111,"If P(A) = 0.4, then P(A') = ?",0.4,0.6,1.4,0,B,Data Analytics,Mathematical & Statistical Foundations,5
DA_0112,P(A âˆª B) for mutually exclusive events A and B equals:,P(A) Ã— P(B),P(A) + P(B),P(A) - P(B),P(A) / P(B),B,Data Analytics,Mathematical & Statistical Foundations,1
DA_0113,The probability of drawing a red card from a standard 52-card deck is:,04-01-2026 00:00,02-01-2026 00:00,13-01-2026 00:00,26-01-2026 00:00,B,Data Analytics,Mathematical & Statistical Foundations,10
DA_0114,Which of the following is a valid probability value?,-0.3,1.2,0.85,2,C,Data Analytics,Mathematical & Statistical Foundations,2
DA_0115,A bag has 3 red and 7 blue balls. P(red) = ?,0.3,0.7,0.4,07-03-2026 00:00,A,Data Analytics,Mathematical & Statistical Foundations,4
DA_0116,The sum of all probabilities in a sample space equals:,0,0.5,Between 0 and 1,1,D,Data Analytics,Mathematical & Statistical Foundations,1
DA_0117,P(A âˆ© B) for independent events A and B equals:,P(A) + P(B),P(A) Ã— P(B),P(A) - P(B),P(A|B),B,Data Analytics,Mathematical & Statistical Foundations,2
DA_0118,Rolling a die: P(even number) = ?,06-01-2026 00:00,03-01-2026 00:00,02-01-2026 00:00,03-02-2026 00:00,C,Data Analytics,Mathematical & Statistical Foundations,3
DA_0119,Which term describes the set of all possible outcomes of an experiment?,Event,Sample space,Probability,Experiment,B,Data Analytics,Mathematical & Statistical Foundations,5
DA_0120,Two events that cannot occur simultaneously are called:,Independent,Complementary,Mutually exclusive,Conditional,C,Data Analytics,Mathematical & Statistical Foundations,4
DA_0121,Conditional probability P(A|B) is defined as:,P(A) + P(B),P(A âˆ© B) / P(B),P(B) / P(A),P(A) Ã— P(B),B,Data Analytics,Mathematical & Statistical Foundations,9
DA_0122,A card is drawn from 52 cards. P(King or Queen) = ?,01-02-1952 00:00,01-04-1952 00:00,01-08-1952 00:00,01-06-1952 00:00,C,Data Analytics,Mathematical & Statistical Foundations,3
DA_0123,"If P(A) = 0.3, P(B) = 0.5, and A and B are independent, P(A âˆ© B) = ?",0.8,0.15,0.2,0.35,B,Data Analytics,Mathematical & Statistical Foundations,1
DA_0124,What is the probability of getting heads twice when tossing a fair coin twice?,0.5,0.25,0.75,1,B,Data Analytics,Mathematical & Statistical Foundations,10
DA_0125,Classical probability assumes all outcomes are:,Dependent,Equally likely,Mutually exclusive,Conditional,B,Data Analytics,Mathematical & Statistical Foundations,4
DA_0126,P(A') means:,P(A),1 - P(A),P(A) + 1,0,B,Data Analytics,Mathematical & Statistical Foundations,4
DA_0127,Which rule is used when two events are mutually exclusive?,Multiplication rule,Addition rule,Bayes' theorem,Complement rule,B,Data Analytics,Mathematical & Statistical Foundations,10
DA_0128,"In a class of 10, P(randomly selecting a student born in July) = 2/10. This is what type of probability?",Classical,Empirical,Subjective,Conditional,B,Data Analytics,Mathematical & Statistical Foundations,6
DA_0129,"If a die is rolled twice, the sample space has how many outcomes?",6,12,36,18,C,Data Analytics,Mathematical & Statistical Foundations,0
DA_0130,"A box has 5 red, 3 green, 2 blue marbles. P(not red) = ?",0.5,0.3,0.2,0.8,A,Data Analytics,Mathematical & Statistical Foundations,3
DA_0131,Two events A and B are independent if:,P(A âˆ© B) = P(A) + P(B),P(A âˆ© B) = P(A) Ã— P(B),P(A|B) = P(B),P(A âˆ© B) = 0,B,Data Analytics,Mathematical & Statistical Foundations,10
DA_0132,P(A|B) = 0.3 and P(A) = 0.3 implies A and B are:,Mutually exclusive,Dependent,Independent,Complementary,C,Data Analytics,Mathematical & Statistical Foundations,4
DA_0133,Which formula defines Bayes' Theorem?,P(A|B) = P(B|A) Ã— P(A) / P(B),P(A|B) = P(A) Ã— P(B),P(A|B) = P(A) + P(B),P(A|B) = P(A) - P(B),A,Data Analytics,Mathematical & Statistical Foundations,7
DA_0134,"P(A âˆ© B) = 0.12, P(B) = 0.4. What is P(A|B)?",0.3,0.48,0.052,0.4,A,Data Analytics,Mathematical & Statistical Foundations,7
DA_0135,"If P(A) = 0.5, P(B) = 0.4, and A and B are independent, P(A âˆ© B) is:",0.9,0.2,0.1,0.45,B,Data Analytics,Mathematical & Statistical Foundations,0
DA_0136,A deck has 52 cards. A card is drawn and not replaced. P(second card is King | first was King) = ?,01-04-1951 00:00,01-03-1951 00:00,01-04-1952 00:00,01-03-1952 00:00,B,Data Analytics,Mathematical & Statistical Foundations,4
DA_0137,Which of these illustrates conditional probability in real life?,Probability it rains,Probability of rain given cloudy sky,Probability of a die showing 3,Probability of picking a red ball,B,Data Analytics,Mathematical & Statistical Foundations,9
DA_0138,"If events are dependent, which formula applies for P(A âˆ© B)?",P(A) + P(B),P(A) Ã— P(B|A),P(A) - P(B),P(A) / P(B),B,Data Analytics,Mathematical & Statistical Foundations,0
DA_0139,Two coin tosses are independent because:,Both use the same coin,Outcome of first doesn't affect second,They happen together,The coins are fair,B,Data Analytics,Mathematical & Statistical Foundations,0
DA_0140,P(B|A) means:,Probability of B given that A has occurred,Probability of A given B,Probability of both A and B,1 minus P(A),A,Data Analytics,Mathematical & Statistical Foundations,1
DA_0141,A medical test is 90% accurate. P(positive test | has disease) = 0.9. This is an example of:,Marginal probability,Conditional probability,Classical probability,Geometric probability,B,Data Analytics,Mathematical & Statistical Foundations,1
DA_0142,Which of the following is the multiplication rule for independent events?,P(A âˆª B) = P(A) + P(B),P(A âˆ© B) = P(A) Ã— P(B),P(A|B) = P(A) + P(B),P(A âˆ© B) = P(A) - P(B),B,Data Analytics,Mathematical & Statistical Foundations,8
DA_0143,"If P(A) = 0.6 and P(B|A) = 0.5, then P(A âˆ© B) = ?",0.3,0.1,0.6,1.1,A,Data Analytics,Mathematical & Statistical Foundations,3
DA_0144,What is the total probability rule used for?,Adding two probabilities,Computing P(B) from conditional probabilities given partitions of A,Subtracting probabilities,Multiplying marginal probabilities,B,Data Analytics,Mathematical & Statistical Foundations,2
DA_0145,"P(A) = 0.4, P(B) = 0.3, P(A âˆ© B) = 0.12. Are A and B independent?","No, 0.12 â‰  0.4 Ã— 0.3","Yes, 0.12 = 0.4 Ã— 0.3",Not enough information,"No, they overlap",B,Data Analytics,Mathematical & Statistical Foundations,10
DA_0146,Which of these is an example of independent events?,Drawing two cards without replacement,Flipping a coin and rolling a die,Getting a disease after exposure,Sampling without replacement,B,Data Analytics,Mathematical & Statistical Foundations,0
DA_0147,The law of total probability states:,P(A) = 1,P(B) = Î£P(B|Aáµ¢)P(Aáµ¢),P(A âˆ© B) = P(A) Ã— P(B),P(A âˆª B) = P(A) + P(B),B,Data Analytics,Mathematical & Statistical Foundations,1
DA_0148,P(A|B) = P(A) implies which relationship?,A and B are mutually exclusive,A and B are independent,A is a subset of B,B is a subset of A,B,Data Analytics,Mathematical & Statistical Foundations,5
DA_0149,"A student passes math with P=0.7, passes science with P=0.8. If independent, P(pass both) = ?",1.5,0.56,0.15,0.7,B,Data Analytics,Mathematical & Statistical Foundations,8
DA_0150,Conditional probability P(A|B) is undefined when:,P(A) = 0,P(B) = 0,P(A âˆ© B) = 0,P(A) = 1,B,Data Analytics,Mathematical & Statistical Foundations,4
DA_0151,The sample space of rolling a die is:,"{1,2,3}","{1,2,3,4,5}","{1,2,3,4,5,6}","{0,1,2,3,4,5}",C,Data Analytics,Mathematical & Statistical Foundations,3
DA_0152,An event is a subset of:,The complement,The sample space,The probability,The mode,B,Data Analytics,Mathematical & Statistical Foundations,4
DA_0153,"When tossing two coins, the sample space has how many elements?",2,4,8,6,B,Data Analytics,Mathematical & Statistical Foundations,8
DA_0154,The union of events A and B means:,Both A and B occur,Either A or B or both occur,Neither A nor B,A occurs given B,B,Data Analytics,Mathematical & Statistical Foundations,6
DA_0155,The intersection of events A and B means:,Either A or B,Both A and B occur simultaneously,A occurs without B,The complement of A,B,Data Analytics,Mathematical & Statistical Foundations,7
DA_0156,Which notation represents the complement of event A?,A',A+B,AÃ—B,A/B,A,Data Analytics,Mathematical & Statistical Foundations,3
DA_0157,An elementary event is:,A set of all outcomes,A single outcome from the sample space,The most probable event,An impossible event,B,Data Analytics,Mathematical & Statistical Foundations,10
DA_0158,Which of the following represents the sample space for gender of a newborn?,{M},"{M, F}","{M, F, Unknown}",{Male},B,Data Analytics,Mathematical & Statistical Foundations,7
DA_0159,"If A = {1,2,3} and B = {2,3,4} from sample space {1,2,3,4,5}, then A âˆ© B = ?","{1,2,3,4}","{2,3}","{1,4,5}","{2,3,4}",B,Data Analytics,Mathematical & Statistical Foundations,5
DA_0160,"A âˆª B for A = {2,4} and B = {4,6} is:",{4},"{2,6}","{2,4,6}","{2,4,6,8}",C,Data Analytics,Mathematical & Statistical Foundations,4
DA_0161,An event with probability 1 is called:,Impossible event,Certain event,Random event,Null event,B,Data Analytics,Mathematical & Statistical Foundations,6
DA_0162,The empty set in probability represents:,The sample space,An impossible event,A certain event,The complement,B,Data Analytics,Mathematical & Statistical Foundations,5
DA_0163,Rolling a fair die: Event A = {even numbers}. How many outcomes are in A?,2,3,4,6,B,Data Analytics,Mathematical & Statistical Foundations,2
DA_0164,Which term describes events where occurrence of one affects the other?,Mutually exclusive,Independent,Dependent,Complementary,C,Data Analytics,Mathematical & Statistical Foundations,4
DA_0165,"If A and B are mutually exclusive, A âˆ© B = ?",Sample space,A âˆª B,Empty set,1,C,Data Analytics,Mathematical & Statistical Foundations,8
DA_0166,Write a Python function to calculate the arithmetic mean of a list of numbers.,,,,,"def calculate_mean(data):
  if not data:
  return None
  return sum(data) / len(data)
 
 numbers = [10, 20, 30, 40, 50]
 print(calculate_mean(numbers))
 
 # Output:
 # 30.0",Data Analytics,Mathematical & Statistical Foundations,6
DA_0167,Write a Python function to find the median of a list without using any library.,,,,,"def calculate_median(data):
  sorted_data = sorted(data)
  n = len(sorted_data)
  mid = n // 2
  if n % 2 == 0:
  return (sorted_data[mid - 1] + sorted_data[mid]) / 2
  else:
  return sorted_data[mid]
 
 numbers = [5, 3, 8, 1, 9, 2, 7]
 print(calculate_median(numbers))
 
 # Output:
 # 5",Data Analytics,Mathematical & Statistical Foundations,3
DA_0168,Write a Python function to find all modes in a dataset.,,,,,"from collections import Counter
 
 def find_mode(data):
  counts = Counter(data)
  max_freq = max(counts.values())
  modes = [k for k, v in counts.items() if v == max_freq]
  return sorted(modes)
 
 numbers = [1, 2, 2, 3, 3, 4]
 print(find_mode(numbers))
 
 # Output:
 # [2, 3]",Data Analytics,Mathematical & Statistical Foundations,6
DA_0169,Write a Python function to compute population variance of a list.,,,,,"def population_variance(data):
  n = len(data)
  mean = sum(data) / n
  return sum((x - mean) ** 2 for x in data) / n
 
 data = [2, 4, 4, 4, 5, 5, 7, 9]
 print(round(population_variance(data), 2))
 
 # Output:
 # 4.0",Data Analytics,Mathematical & Statistical Foundations,4
DA_0170,Write a Python function to calculate the standard deviation of a dataset.,,,,,"import math
 
 def std_deviation(data):
  n = len(data)
  mean = sum(data) / n
  variance = sum((x - mean) ** 2 for x in data) / n
  return math.sqrt(variance)
 
 data = [10, 20, 30, 40, 50]
 print(round(std_deviation(data), 2))
 
 # Output:
 # 14.14",Data Analytics,Mathematical & Statistical Foundations,10
DA_0171,Write Python code to calculate the percentage change between two values.,,,,,"def percentage_change(old, new):
  if old == 0:
  return None
  return ((new - old) / old) * 100
 
 old_price = 80
 new_price = 100
 print(f'{percentage_change(old_price, new_price):.1f}%')
 
 # Output:
 # 25.0%",Data Analytics,Mathematical & Statistical Foundations,1
DA_0172,Simulate rolling a fair die 1000 times and compute the empirical probability of each face.,,,,,"import random
 from collections import Counter
 
 random.seed(42)
 rolls = [random.randint(1, 6) for _ in range(1000)]
 counts = Counter(rolls)
 for face in sorted(counts):
  print(f'P({face}) = {counts[face]/1000:.3f}')
 
 # Output:
 # P(1) = 0.164
 # P(2) = 0.172
 # P(3) = 0.157
 # P(4) = 0.161
 # P(5) = 0.175
 # P(6) = 0.171",Data Analytics,Mathematical & Statistical Foundations,5
DA_0173,Write a function to compute the weighted mean given values and their weights.,,,,,"def weighted_mean(values, weights):
  return sum(v * w for v, w in zip(values, weights)) / sum(weights)
 
 values = [80, 90, 70]
 weights = [2, 3, 1]
 print(weighted_mean(values, weights))
 
 # Output:
 # 83.33333333333333",Data Analytics,Mathematical & Statistical Foundations,6
DA_0174,Write Python code to calculate conditional probability P(A|B) given a joint probability table.,,,,,"# P(A âˆ© B) = 0.12, P(B) = 0.4
 p_a_and_b = 0.12
 p_b = 0.4
 p_a_given_b = p_a_and_b / p_b
 print(f'P(A|B) = {p_a_given_b}')
 
 # Output:
 # P(A|B) = 0.3",Data Analytics,Mathematical & Statistical Foundations,7
DA_0175,"Write a function that takes a list of numbers and returns mean, median, and mode as a dictionary.",,,,,"from statistics import mean, median, mode
 
 def summary_stats(data):
  return {
  'mean': mean(data),
  'median': median(data),
  'mode': mode(data)
  }
 
 data = [4, 1, 2, 2, 3, 5]
 print(summary_stats(data))
 
 # Output:
 # {'mean': 2.8333333333333335, 'median': 2.5, 'mode': 2}",Data Analytics,Mathematical & Statistical Foundations,5
DA_0176,Compute the probability of getting at least one head in two coin tosses using simulation.,,,,,"import random
 
 random.seed(0)
 trials = 10000
 count = 0
 for _ in range(trials):
  tosses = [random.choice(['H','T']) for _ in range(2)]
  if 'H' in tosses:
  count += 1
 print(f'P(at least one head) â‰ˆ {count/trials:.4f}')
 
 # Output:
 # P(at least one head) â‰ˆ 0.7510",Data Analytics,Mathematical & Statistical Foundations,7
DA_0177,Write Python code to find the interquartile range (IQR) of a dataset.,,,,,"import statistics
 
 def iqr(data):
  sorted_data = sorted(data)
  n = len(sorted_data)
  q1 = statistics.median(sorted_data[:n//2])
  q3 = statistics.median(sorted_data[(n+1)//2:])
  return q3 - q1
 
 data = [1, 3, 5, 7, 9, 11, 13]
 print(iqr(data))
 
 # Output:
 # 6",Data Analytics,Mathematical & Statistical Foundations,6
DA_0178,Write a function to determine if two events are independent given their probabilities.,,,,,"def are_independent(p_a, p_b, p_a_and_b, tol=1e-9):
  return abs(p_a * p_b - p_a_and_b) < tol
 
 print(are_independent(0.4, 0.3, 0.12))
 print(are_independent(0.5, 0.5, 0.3))
 
 # Output:
 # True
 # False",Data Analytics,Mathematical & Statistical Foundations,1
DA_0179,Write Python code to calculate the coefficient of variation for a dataset.,,,,,"def coefficient_of_variation(data):
  mean = sum(data) / len(data)
  variance = sum((x - mean)**2 for x in data) / len(data)
  std = variance ** 0.5
  return (std / mean) * 100
 
 data = [50, 60, 70, 80, 90]
 print(f'CV = {coefficient_of_variation(data):.2f}%')
 
 # Output:
 # CV = 22.36%",Data Analytics,Mathematical & Statistical Foundations,5
DA_0180,Implement a function to compute sample variance (using n-1) from a list.,,,,,"def sample_variance(data):
  n = len(data)
  mean = sum(data) / n
  return sum((x - mean)**2 for x in data) / (n - 1)
 
 data = [4, 7, 13, 2]
 print(round(sample_variance(data), 4))
 
 # Output:
 # 22.9167",Data Analytics,Mathematical & Statistical Foundations,8
DA_0181,Write Python code to simulate the probability of drawing a red card from a standard deck.,,,,,"import random
 
 random.seed(10)
 deck = ['red'] * 26 + ['black'] * 26
 trials = 10000
 red_count = sum(1 for _ in range(trials) if random.choice(deck) == 'red')
 print(f'P(red) â‰ˆ {red_count / trials:.4f}')
 
 # Output:
 # P(red) â‰ˆ 0.5012",Data Analytics,Mathematical & Statistical Foundations,5
DA_0182,"Write a function to normalize a list of numbers to the range [0, 1].",,,,,"def normalize(data):
  min_val = min(data)
  max_val = max(data)
  return [(x - min_val) / (max_val - min_val) for x in data]
 
 data = [10, 20, 30, 40, 50]
 print(normalize(data))
 
 # Output:
 # [0.0, 0.25, 0.5, 0.75, 1.0]",Data Analytics,Mathematical & Statistical Foundations,3
DA_0183,Write Python code to compute the z-score of each element in a dataset.,,,,,"def z_scores(data):
  mean = sum(data) / len(data)
  std = (sum((x - mean)**2 for x in data) / len(data)) ** 0.5
  return [(x - mean) / std for x in data]
 
 data = [10, 20, 30, 40, 50]
 zs = z_scores(data)
 print([round(z, 2) for z in zs])
 
 # Output:
 # [-1.41, -0.71, 0.0, 0.71, 1.41]",Data Analytics,Mathematical & Statistical Foundations,6
DA_0184,Write a Python function to compute the geometric mean of a list of positive numbers.,,,,,"import math
 
 def geometric_mean(data):
  product = 1
  for x in data:
  product *= x
  return product ** (1 / len(data))
 
 data = [2, 8, 32]
 print(round(geometric_mean(data), 4))
 
 # Output:
 # 8.0",Data Analytics,Mathematical & Statistical Foundations,2
DA_0185,Write Python code to find the percentile rank of a value in a dataset.,,,,,"def percentile_rank(data, value):
  below = sum(1 for x in data if x < value)
  return (below / len(data)) * 100
 
 data = [10, 20, 30, 40, 50, 60, 70, 80, 90, 100]
 print(f'Percentile rank of 70: {percentile_rank(data, 70):.1f}%')
 
 # Output:
 # Percentile rank of 70: 60.0%",Data Analytics,Mathematical & Statistical Foundations,4
DA_0186,"Implement Bayes' theorem in Python: P(A|B) given P(B|A), P(A), P(B).",,,,,"def bayes_theorem(p_b_given_a, p_a, p_b):
  return (p_b_given_a * p_a) / p_b
 
 # Example: disease diagnosis
 p_positive_given_disease = 0.9
 p_disease = 0.01
 p_positive = 0.108
 
 result = bayes_theorem(p_positive_given_disease, p_disease, p_positive)
 print(f'P(Disease | Positive) = {result:.4f}')
 
 # Output:
 # P(Disease | Positive) = 0.0833",Data Analytics,Mathematical & Statistical Foundations,0
DA_0187,Write a function to check if a dataset is approximately symmetric using mean vs median.,,,,,"def check_symmetry(data, threshold=0.05):
  mean = sum(data) / len(data)
  sorted_d = sorted(data)
  n = len(sorted_d)
  median = (sorted_d[n//2 - 1] + sorted_d[n//2]) / 2 if n % 2 == 0 else sorted_d[n//2]
  diff = abs(mean - median) / (max(data) - min(data))
  return 'Symmetric' if diff < threshold else 'Skewed'
 
 data = [10, 12, 14, 16, 18, 20, 22]
 print(check_symmetry(data))
 
 # Output:
 # Symmetric",Data Analytics,Mathematical & Statistical Foundations,9
DA_0188,Write Python code to compute the harmonic mean of a list.,,,,,"def harmonic_mean(data):
  n = len(data)
  return n / sum(1/x for x in data)
 
 data = [4, 6, 12]
 print(round(harmonic_mean(data), 4))
 
 # Output:
 # 6.0",Data Analytics,Mathematical & Statistical Foundations,2
DA_0189,Generate a frequency distribution table from a list of values.,,,,,"from collections import Counter
 
 def frequency_table(data):
  counts = Counter(data)
  total = len(data)
  print(f""{'Value':<10}{'Count':<10}{'Relative Freq':<15}"")
  for val in sorted(counts):
  print(f'{val:<10}{counts[val]:<10}{counts[val]/total:.4f}')
 
 data = [1, 2, 2, 3, 3, 3, 4, 4, 4, 4]
 frequency_table(data)
 
 # Output:
 # Value Count Relative Freq
 # 1 1 0.1000
 # 2 2 0.2000
 # 3 3 0.3000
 # 4 4 0.4000",Data Analytics,Mathematical & Statistical Foundations,7
DA_0190,Write a Python simulation to verify the law of large numbers using a coin flip.,,,,,"import random
 
 random.seed(5)
 flips = [random.choice([0, 1]) for _ in range(10000)]
 running_avg = []
 for i in range(1, len(flips) + 1):
  running_avg.append(sum(flips[:i]) / i)
 
 print(f'After 10 flips: {running_avg[9]:.4f}')
 print(f'After 100 flips: {running_avg[99]:.4f}')
 print(f'After 10000 flips: {running_avg[9999]:.4f}')
 
 # Output:
 # After 10 flips: 0.5000
 # After 100 flips: 0.4800
 # After 10000 flips: 0.5010",Data Analytics,Mathematical & Statistical Foundations,8
DA_0191,Write a function to calculate the probability of getting exactly k heads in n coin flips.,,,,,"from math import comb
 
 def binomial_probability(n, k, p=0.5):
  return comb(n, k) * (p ** k) * ((1 - p) ** (n - k))
 
 n, k = 5, 3
 print(f'P(exactly {k} heads in {n} flips) = {binomial_probability(n, k):.4f}')
 
 # Output:
 # P(exactly 3 heads in 5 flips) = 0.3125",Data Analytics,Mathematical & Statistical Foundations,8
DA_0192,Write Python code to detect outliers in a dataset using the IQR method.,,,,,"def detect_outliers(data):
  sorted_d = sorted(data)
  n = len(sorted_d)
  q1 = sorted_d[n // 4]
  q3 = sorted_d[(3 * n) // 4]
  iqr = q3 - q1
  lower = q1 - 1.5 * iqr
  upper = q3 + 1.5 * iqr
  return [x for x in data if x < lower or x > upper]
 
 data = [10, 12, 14, 16, 18, 100, 12, 11, 15]
 print(detect_outliers(data))
 
 # Output:
 # [100]",Data Analytics,Mathematical & Statistical Foundations,9
DA_0193,Write a function to compute correlation between two lists of numbers.,,,,,"def correlation(x, y):
  n = len(x)
  mean_x = sum(x) / n
  mean_y = sum(y) / n
  num = sum((xi - mean_x) * (yi - mean_y) for xi, yi in zip(x, y))
  den_x = sum((xi - mean_x)**2 for xi in x) ** 0.5
  den_y = sum((yi - mean_y)**2 for yi in y) ** 0.5
  return num / (den_x * den_y)
 
 x = [1, 2, 3, 4, 5]
 y = [2, 4, 5, 4, 5]
 print(round(correlation(x, y), 4))
 
 # Output:
 # 0.9129",Data Analytics,Mathematical & Statistical Foundations,1
DA_0194,Write Python code to simulate drawing 3 balls without replacement from a bag and compute probability.,,,,,"from itertools import combinations
 
 bag = ['R', 'R', 'R', 'B', 'B', 'G']
 all_draws = list(combinations(bag, 3))
 all_red = [d for d in all_draws if all(c == 'R' for c in d)]
 print(f'P(all 3 red) = {len(all_red)}/{len(all_draws)} = {len(all_red)/len(all_draws):.4f}')
 
 # Output:
 # P(all 3 red) = 1/20 = 0.0500",Data Analytics,Mathematical & Statistical Foundations,3
DA_0195,Write a function to compute cumulative relative frequency for a dataset.,,,,,"def cumulative_freq(data):
  from collections import Counter
  counts = Counter(sorted(data))
  total = len(data)
  cumulative = 0
  for val in sorted(counts):
  cumulative += counts[val]
  print(f'{val}: {cumulative/total:.4f}')
 
 data = [1, 2, 2, 3, 3, 3, 4]
 cumulative_freq(data)
 
 # Output:
 # 1: 0.1429
 # 2: 0.4286
 # 3: 0.8571
 # 4: 1.0000",Data Analytics,Mathematical & Statistical Foundations,4
DA_0196,Find and fix the bug in this variance calculation code: `def var(d): return sum(d) / len(d)`,,,,,"# Bug: The function computes the mean, not variance.
 # Fix:
 
 def var(data):
  mean = sum(data) / len(data)
  return sum((x - mean) ** 2 for x in data) / len(data)
 
 data = [2, 4, 4, 4, 5, 5, 7, 9]
 print(round(var(data), 2))
 
 # Output:
 # 4.0",Data Analytics,Mathematical & Statistical Foundations,2
DA_0197,Which of the following is a valid variable name in Python?,2value,value-1,my_value,my value,C,Data Analytics,Python Fundamentals,10
DA_0198,What data type is returned by type(3.14)?,<class 'int'>,<class 'float'>,<class 'str'>,<class 'complex'>,B,Data Analytics,Python Fundamentals,0
DA_0199,Which data type is immutable in Python?,List,Dictionary,Tuple,Set,C,Data Analytics,Python Fundamentals,5
DA_0200,What is the output of: x = 5; x += 3; print(x)?,5,3,8,53,C,Data Analytics,Python Fundamentals,9
DA_0201,Python uses which type of typing?,Static typing,Strong typing only,Dynamic typing,Weak typing,C,Data Analytics,Python Fundamentals,1
DA_0202,What is the result of: type('hello') == str?,0,1,Error,,B,Data Analytics,Python Fundamentals,8
DA_0203,Which is a correct multi-assignment in Python?,a = b = c = 10,"a, b, c = 10",a=10 b=10 c=10,"assign(a,b,c=10)",A,Data Analytics,Python Fundamentals,0
DA_0204,What does bool(0) return?,1,0,0,,C,Data Analytics,Python Fundamentals,10
DA_0205,Which of these is NOT a built-in data type in Python?,int,float,char,bool,C,Data Analytics,Python Fundamentals,8
DA_0206,"What is the data type of: x = [1, 2, 3]?",tuple,array,list,set,C,Data Analytics,Python Fundamentals,6
DA_0207,What is the output of: print(type(True))?,<class 'bool'>,<class 'int'>,<class 'str'>,<class 'float'>,A,Data Analytics,Python Fundamentals,10
DA_0208,Which conversion function converts a string to integer?,str(),float(),int(),list(),C,Data Analytics,Python Fundamentals,9
DA_0209,What is the output of: x = 'Python'; print(len(x))?,5,6,7,8,B,Data Analytics,Python Fundamentals,1
DA_0210,Which data type is used to store a sequence of characters?,int,float,str,list,C,Data Analytics,Python Fundamentals,5
DA_0211,x = None; what is type(x)?,<class 'bool'>,<class 'str'>,<class 'NoneType'>,<class 'int'>,C,Data Analytics,Python Fundamentals,7
DA_0212,What is 'duck typing' in Python?,Using only duck libraries,A type-checking approach based on behavior rather than type declarations,A naming convention,A form of inheritance,B,Data Analytics,Python Fundamentals,1
DA_0213,What does id() function return in Python?,The value of variable,The memory address of the object,The data type,The variable name,B,Data Analytics,Python Fundamentals,4
DA_0214,Which of the following is a complex number literal in Python?,3+4j,"(3,4)",3.4,3/4j,A,Data Analytics,Python Fundamentals,10
DA_0215,Which keyword deletes a variable in Python?,remove,del,delete,clear,B,Data Analytics,Python Fundamentals,5
DA_0216,"What is the output of: print(isinstance(3.14, float))?",0,3.14,TRUE,Error,C,Data Analytics,Python Fundamentals,2
DA_0217,What is the result of 10 // 3 in Python?,3.33,3,4,1,B,Data Analytics,Python Fundamentals,1
DA_0218,What does the ** operator do in Python?,Multiplication,Division,Exponentiation,Modulus,C,Data Analytics,Python Fundamentals,10
DA_0219,What is 17 % 5?,3,2,4,1,B,Data Analytics,Python Fundamentals,5
DA_0220,Which operator checks identity (not equality)?,0,is,!=,in,B,Data Analytics,Python Fundamentals,2
DA_0221,What is the output of: print(2 ** 3 ** 2)?,64,512,8,256,B,Data Analytics,Python Fundamentals,1
DA_0222,Which logical operator returns True only if both operands are True?,or,not,and,xor,C,Data Analytics,Python Fundamentals,0
DA_0223,What is the result of: not (3 > 2)?,1,0,,Error,B,Data Analytics,Python Fundamentals,7
DA_0224,What does the 'in' operator check in Python?,Membership in a sequence,Type of a variable,Identity of objects,Arithmetic division,A,Data Analytics,Python Fundamentals,0
DA_0225,What is the output of: 5 == 5.0?,0,1,TypeError,,B,Data Analytics,Python Fundamentals,4
DA_0226,What is the result of: True + True?,1,2,0,Error,B,Data Analytics,Python Fundamentals,10
DA_0227,Which operator is used for bitwise AND?,|,^,&,~,C,Data Analytics,Python Fundamentals,5
DA_0228,What does x //= 3 do?,Divides x by 3 and stores float result,Applies floor division by 3 to x,Computes modulus,Raises x to power 3,B,Data Analytics,Python Fundamentals,10
DA_0229,What is the result of: 0 or 'Python'?,0,Python',TRUE,0,B,Data Analytics,Python Fundamentals,2
DA_0230,What does 'not in' operator do?,Checks if element is present,Checks if element is absent from a sequence,Logical NOT of 'in',Both B and C,B,Data Analytics,Python Fundamentals,6
DA_0231,What is the output of: print(10 != 10)?,1,10,0,,C,Data Analytics,Python Fundamentals,1
DA_0232,Which comparison returns True: 3 is 3?,Only if both are strings,"True, because small integers are cached",False always,Error,B,Data Analytics,Python Fundamentals,6
DA_0233,The augmented assignment operator '+=' is equivalent to:,x = + x,x = x + 1,x = x + value,x + value,C,Data Analytics,Python Fundamentals,1
DA_0234,What does the ~ operator do in Python?,Logical NOT,Bitwise NOT,Floor division,Exponentiation,B,Data Analytics,Python Fundamentals,4
DA_0235,What is the output of: print(3 < 5 < 10)?,1,0,Error,,A,Data Analytics,Python Fundamentals,6
DA_0236,Which operator evaluates right-to-left in Python?,//,**,%,#ERROR!,B,Data Analytics,Python Fundamentals,10
DA_0237,What is the output of: 'hello'[1]?,h,e,l,he,B,Data Analytics,Python Fundamentals,10
DA_0238,Which method converts a string to uppercase?,capitalize(),upper(),toUpper(),UP(),B,Data Analytics,Python Fundamentals,2
DA_0239,What is the output of: 'Python'[::-1]?,Python,nohtyP,Pytho,nohtP,B,Data Analytics,Python Fundamentals,10
DA_0240,Which method splits a string by a delimiter?,break(),split(),divide(),separate(),B,Data Analytics,Python Fundamentals,3
DA_0241,What is the output of: 'hello' + ' ' + 'world'?,helloworld,hello world,hello+world,Error,B,Data Analytics,Python Fundamentals,0
DA_0242,String repetition in Python uses operator:,#ERROR!,Ã—,*,**,C,Data Analytics,Python Fundamentals,2
DA_0243,What does 'hello'.find('l') return?,0,2,3,1,B,Data Analytics,Python Fundamentals,8
DA_0244,What is the output of: len('Data Analytics')?,12,13,14,15,C,Data Analytics,Python Fundamentals,9
DA_0245,Which method removes whitespace from both ends of a string?,clean(),strip(),trim(),clear(),B,Data Analytics,Python Fundamentals,4
DA_0246,"What does 'hello'.replace('l','r') return?",herlo,herro,helo,hello,B,Data Analytics,Python Fundamentals,7
DA_0247,Which method checks if a string starts with a specific prefix?,prefix(),startswith(),begin(),starts(),B,Data Analytics,Python Fundamentals,1
DA_0248,What is the output of: 'abc'.upper() == 'ABC'?,0,Error,,1,D,Data Analytics,Python Fundamentals,2
DA_0249,f-strings in Python are used for:,File handling,String formatting,Function definition,Floating point,B,Data Analytics,Python Fundamentals,6
DA_0250,"What does ',' .join(['a','b','c']) produce?",a b c',"a,b,c'","['a','b','c']",abc',B,Data Analytics,Python Fundamentals,9
DA_0251,String slicing s[2:5] returns characters at indices:,"2,3,4","2,3,4,5","3,4,5","1,2,3",A,Data Analytics,Python Fundamentals,3
DA_0252,Which of the following creates a multiline string?,Using \n,"Using triple quotes """"""",Using +,Using [],B,Data Analytics,Python Fundamentals,8
DA_0253,What is the output of: 'Python'.count('t')?,0,1,2,3,B,Data Analytics,Python Fundamentals,6
DA_0254,Which escape character represents a new line?,\t,\r,\n,\b,C,Data Analytics,Python Fundamentals,10
DA_0255,What does 'hello'.isdigit() return?,1,0,,Error,B,Data Analytics,Python Fundamentals,0
DA_0256,What is the output of: print('Data'[0:2])?,Da,Dat,D,at,A,Data Analytics,Python Fundamentals,3
DA_0257,How do you add an element to the end of a list?,list.add(),list.insert(),list.append(),list.push(),C,Data Analytics,Python Fundamentals,9
DA_0258,What does list.pop() do by default?,Removes first element,Removes last element,Removes all elements,Throws error,B,Data Analytics,Python Fundamentals,10
DA_0259,"What is the output of: [1,2,3] + [4,5]?","[1,2,3,4,5]","[5,7]",Error,"[[1,2,3],[4,5]]",A,Data Analytics,Python Fundamentals,5
DA_0260,Which method sorts a list in-place?,list.order(),sorted(),list.sort(),list.arrange(),C,Data Analytics,Python Fundamentals,5
DA_0261,"What is the output of: len([1,[2,3],4])?",4,3,5,2,B,Data Analytics,Python Fundamentals,9
DA_0262,How do you remove an element by value from a list?,list.delete(val),list.remove(val),del list[val],list.pop(val),B,Data Analytics,Python Fundamentals,5
DA_0263,What is the output of: [0]*3?,"[0,0,0]",[000],"[0,3]",Error,A,Data Analytics,Python Fundamentals,4
DA_0264,Which method returns the index of the first occurrence of an element?,find(),search(),index(),locate(),C,Data Analytics,Python Fundamentals,2
DA_0265,"What is the output of: [1,2,3].count(2)?",0,1,2,3,B,Data Analytics,Python Fundamentals,1
DA_0266,Which creates a copy of a list (shallow)?,list.deepcopy(),list.copy(),list = another,copy.deepcopy(list),B,Data Analytics,Python Fundamentals,2
DA_0267,What is a list comprehension used for?,Creating functions,Creating lists with concise syntax,Defining classes,Importing modules,B,Data Analytics,Python Fundamentals,8
DA_0268,What is the output of: [x for x in range(5) if x % 2 == 0]?,"[1,3]","[0,2,4]","[0,1,2,3,4]","[2,4]",B,Data Analytics,Python Fundamentals,2
DA_0269,"Slicing list[1:3] on [10,20,30,40] returns:","[10,20]","[20,30]","[30,40]","[20,30,40]",B,Data Analytics,Python Fundamentals,2
DA_0270,Which function returns a list from an iterable?,tuple(),set(),list(),dict(),C,Data Analytics,Python Fundamentals,0
DA_0271,"What is the output of: sorted([3,1,2]) == [1,2,3]?",0,,TRUE,Error,C,Data Analytics,Python Fundamentals,1
DA_0272,"What does list.extend([4,5]) do?","Appends [4,5] as a single element",Adds 4 and 5 individually to the list,"Replaces list with [4,5]",Raises an error,B,Data Analytics,Python Fundamentals,10
DA_0273,Negative indexing in Python list: [-1] refers to:,First element,Second element,Last element,Second to last,C,Data Analytics,Python Fundamentals,2
DA_0274,"What is the output of: list(range(2,10,3))?","[2,5,8]","[2,5,7,9]","[2,4,6,8]","[3,6,9]",A,Data Analytics,Python Fundamentals,1
DA_0275,Which method reverses a list in-place?,list.back(),list.reverse(),reversed(list),list[::-1],B,Data Analytics,Python Fundamentals,7
DA_0276,Can a Python list contain elements of different types?,"No, must be same type","Yes, it is heterogeneous",Only numbers and strings,Only if declared as 'mixed',B,Data Analytics,Python Fundamentals,5
DA_0277,Which of the following creates a tuple with one element?,-5,"(5,)",[5],{5},B,Data Analytics,Python Fundamentals,6
DA_0278,Tuples in Python are:,Mutable sequences,Immutable sequences,Ordered dictionaries,Unordered collections,B,Data Analytics,Python Fundamentals,0
DA_0279,"What is the output of: (1,2,3)[1]?",1,2,3,Error,B,Data Analytics,Python Fundamentals,5
DA_0280,Which operation is NOT allowed on a tuple?,Indexing,Slicing,Appending,Counting,C,Data Analytics,Python Fundamentals,1
DA_0281,"Tuple unpacking: a, b, c = (1, 2, 3). Value of b is:",1,2,3,"(1,2,3)",B,Data Analytics,Python Fundamentals,5
DA_0282,"What is the output of: len((1,2,(3,4)))?",4,3,2,5,B,Data Analytics,Python Fundamentals,2
DA_0283,"Which is faster for iteration, tuple or list?",List,Tuple,Both are equal,Depends on size,B,Data Analytics,Python Fundamentals,6
DA_0284,"What does tuple() applied to a list [1,2,3] produce?","[1,2,3]","(1,2,3)","{1,2,3}","1,2,3",B,Data Analytics,Python Fundamentals,2
DA_0285,Tuples are used as dictionary keys because they are:,Mutable,Ordered,Hashable/immutable,Dynamic,C,Data Analytics,Python Fundamentals,8
DA_0286,"What is the output of: (1,2,3) * 2?","(2,4,6)","(1,2,3,1,2,3)","(3,6,9)",Error,B,Data Analytics,Python Fundamentals,2
DA_0287,Which property characterizes a Python set?,Ordered and allows duplicates,Ordered and no duplicates,Unordered and allows duplicates,Unordered and no duplicates,D,Data Analytics,Python Fundamentals,6
DA_0288,"What is the output of: {1,2,2,3,3,3}?","{1,2,2,3,3,3}","{1,2,3}","{3,2,1}","{1,3}",B,Data Analytics,Python Fundamentals,3
DA_0289,Which method adds an element to a set?,set.append(),set.insert(),set.add(),set.push(),C,Data Analytics,Python Fundamentals,7
DA_0290,What does set.union(other_set) return?,Elements in set only,Elements in both sets (combined),Only common elements,Difference of both,B,Data Analytics,Python Fundamentals,1
DA_0291,Which set operation returns common elements?,union,difference,intersection,symmetric_difference,C,Data Analytics,Python Fundamentals,7
DA_0292,How do you check if element x is in a set s?,s.has(x),x in s,s.contains(x),x.in(s),B,Data Analytics,Python Fundamentals,8
DA_0293,"What is the output of: {1,2,3} - {2,3,4}?","{1,2,3}",{1},{4},"{2,3}",B,Data Analytics,Python Fundamentals,7
DA_0294,Can a set contain a list as an element?,Yes,"No, sets require hashable elements",Only numeric lists,Only if the list is sorted,B,Data Analytics,Python Fundamentals,5
DA_0295,Which operator computes symmetric difference of sets?,&,|,^,-,C,Data Analytics,Python Fundamentals,9
DA_0296,What does frozenset do?,Creates a mutable set,Creates an immutable set,Creates a sorted set,Removes duplicates from list,B,Data Analytics,Python Fundamentals,0
DA_0297,Which of the following correctly creates a dictionary?,"d = [1:'a', 2:'b']","d = {1:'a', 2:'b'}","d = (1:'a', 2:'b')","d = <1:'a',2:'b'>",B,Data Analytics,Python Fundamentals,6
DA_0298,How do you access a value by key in a dictionary?,d.get_value(key),d[key],d.key,d.access(key),B,Data Analytics,Python Fundamentals,0
DA_0299,What does dict.keys() return?,Values,A list of all keys,Key-value pairs,An integer count,B,Data Analytics,Python Fundamentals,6
DA_0300,What does dict.values() return?,All keys,All values,Key-value tuples,Dictionary length,B,Data Analytics,Python Fundamentals,1
DA_0301,"What is the output of: {'a':1,'b':2}.get('c', 0)?",,KeyError,0,c',C,Data Analytics,Python Fundamentals,7
DA_0302,How do you remove a key-value pair from a dictionary?,dict.remove(key),del dict[key],dict.delete(key),dict.pop_key(key),B,Data Analytics,Python Fundamentals,1
DA_0303,What does dict.items() return?,Only keys,Only values,Key-value tuple pairs,Dictionary length,C,Data Analytics,Python Fundamentals,2
DA_0304,Which method merges two dictionaries in Python 3.9+?,dict.merge(),dict.update(),dict | other_dict,dict.combine(),C,Data Analytics,Python Fundamentals,2
DA_0305,What happens when you assign a new value to an existing key?,Raises KeyError,Creates a duplicate,Overwrites the existing value,No effect,C,Data Analytics,Python Fundamentals,0
DA_0306,"What does len({'a':1,'b':2,'c':3}) return?",1,2,3,6,C,Data Analytics,Python Fundamentals,4
DA_0307,"What is the output of: 'a' in {'a':1, 'b':2}?",1,1,0,a',B,Data Analytics,Python Fundamentals,4
DA_0308,Which creates an empty dictionary?,d = {},d = [],d = (),d = set(),A,Data Analytics,Python Fundamentals,9
DA_0309,Dictionary comprehension syntax uses:,[ ],( ),{ key: value for ... },< >,C,Data Analytics,Python Fundamentals,4
DA_0310,"What is the output of: {'x': 10, 'y': 20}['y']?",10,20,y',KeyError,B,Data Analytics,Python Fundamentals,8
DA_0311,What does dict.pop('key') do?,Returns value and keeps key,Removes key and returns its value,Raises error if key exists,Adds key,B,Data Analytics,Python Fundamentals,5
DA_0312,Python dictionaries (3.7+) maintain:,Random order,Alphabetical order,Insertion order,Descending order,C,Data Analytics,Python Fundamentals,5
DA_0313,Which is a valid way to iterate over dictionary keys and values?,for k in d.keys(),"for k, v in d.items()",for v in d.values(),All of the above,D,Data Analytics,Python Fundamentals,2
DA_0314,"What does dict.setdefault('k', 0) do?",Deletes key 'k',Sets 'k' to 0 only if 'k' doesn't exist,Always sets 'k' to 0,Raises error,B,Data Analytics,Python Fundamentals,4
DA_0315,Can a dictionary have duplicate keys?,Yes,No,Only for numeric keys,Only if values differ,B,Data Analytics,Python Fundamentals,9
DA_0316,"What is the output of: d = dict(a=1, b=2); print(d['a'])?",2,Error,a',1,D,Data Analytics,Python Fundamentals,6
DA_0317,What is the output of: x=10; print('yes') if x>5 else print('no')?,no,yes,,Error,B,Data Analytics,Python Fundamentals,2
DA_0318,Which loop in Python guarantees at least one execution?,for loop,while loop,Both guarantee,Neither guarantees; Python has no do-while,D,Data Analytics,Python Fundamentals,1
DA_0319,What is the output of: for i in range(3): print(i)?,1 2 2003,2000 1 2,0 1 2 3,1 2,B,Data Analytics,Python Fundamentals,4
DA_0320,The 'break' statement in a loop:,Skips current iteration,Exits the loop entirely,Continues to next iteration,Restarts the loop,B,Data Analytics,Python Fundamentals,2
DA_0321,The 'continue' statement:,Exits the loop,Skips the rest of current iteration and goes to next,Breaks at a condition,Pauses the loop,B,Data Analytics,Python Fundamentals,4
DA_0322,What does the 'pass' statement do?,Exits function,Skips loop,Does nothing; used as placeholder,Raises exception,C,Data Analytics,Python Fundamentals,8
DA_0323,What is the output of: i=0; while i<3: i+=1; print(i)?,2000 1 2,1 2 2003,0 1 2 3,3,B,Data Analytics,Python Fundamentals,10
DA_0324,What is the else clause in a for loop?,Runs if loop raises an error,Runs if loop completes without break,Runs before first iteration,Required with every loop,B,Data Analytics,Python Fundamentals,9
DA_0325,Which correctly uses a nested if in Python?,if x>0: { if x<10: },"if x>0:
  if x<10:",if x>0 and x<10: (valid but different),Both B and C are correct,D,Data Analytics,Python Fundamentals,0
DA_0326,What is the output of: [i for i in range(5) if i != 3]?,"[0,1,2,3]","[0,1,2,4]","[1,2,3,4]","[0,2,4]",B,Data Analytics,Python Fundamentals,3
DA_0327,Which loop is best for iterating a known number of times?,while loop,for loop,do-while,recursive function,B,Data Analytics,Python Fundamentals,9
DA_0328,What is the output of: x=0; while True: x+=1; if x==3: break; print(x)?,1 2,1 2 2003,3,1 2 3 4,A,Data Analytics,Python Fundamentals,4
DA_0329,"How many times does the body of 'for i in range(0,10,2)' execute?",10,5,4,6,B,Data Analytics,Python Fundamentals,1
DA_0330,Which evaluates as False in Python?,1,hello',[],1,C,Data Analytics,Python Fundamentals,1
DA_0331,What is the output of: print(1 if True else 0)?,0,1,TRUE,,B,Data Analytics,Python Fundamentals,0
DA_0332,Which is the correct Python syntax for if-elif-else?,if: elif: else:,if () elif () else (),"if cond:
  elif cond2:
  else:",if cond { elif },C,Data Analytics,Python Fundamentals,7
DA_0333,enumerate() is used in for loops to:,Create index-value pairs,Skip iterations,Count loop runs externally,Reverse iteration,A,Data Analytics,Python Fundamentals,1
DA_0334,What is the output of: for x in 'abc': print(x)?,abc,a b c (each on new line),"['a','b','c']",Error,B,Data Analytics,Python Fundamentals,2
DA_0335,zip() in a for loop is used to:,Compress files,Iterate multiple iterables in parallel,Create nested loops,Unzip lists,B,Data Analytics,Python Fundamentals,1
DA_0336,What is the output of: sum(i for i in range(5))?,10,15,5,0,A,Data Analytics,Python Fundamentals,3
DA_0337,Which keyword defines a function in Python?,func,define,def,function,C,Data Analytics,Python Fundamentals,0
DA_0338,What does a function return if no return statement is present?,0,0,,Error,C,Data Analytics,Python Fundamentals,2
DA_0339,What is a lambda function?,A named multi-line function,An anonymous single-expression function,A class method,A built-in function,B,Data Analytics,Python Fundamentals,4
DA_0340,What is the output of: f = lambda x: x**2; print(f(4))?,8,16,4,2,B,Data Analytics,Python Fundamentals,9
DA_0341,Which parameter type allows passing any number of positional args?,*args,**kwargs,def args,opt args,A,Data Analytics,Python Fundamentals,0
DA_0342,Which parameter type allows passing any number of keyword args?,*args,**kwargs,any args,opt args,B,Data Analytics,Python Fundamentals,3
DA_0343,What is a docstring in Python?,A comment using #,A string literal as first statement of a function explaining it,A return type annotation,An error message,B,Data Analytics,Python Fundamentals,5
DA_0344,"What is the output of: (lambda a, b: a + b)(3, 4)?",3,4,7,34,C,Data Analytics,Python Fundamentals,3
DA_0345,What does 'return' do in a function?,Prints the value,Exits the function and optionally sends back a value,Raises an exception,Ends the program,B,Data Analytics,Python Fundamentals,6
DA_0346,A function that calls itself is called:,Iterator,Generator,Recursive function,Lambda,C,Data Analytics,Python Fundamentals,6
DA_0347,What is the scope of a variable defined inside a function?,Global,Local,Module,Built-in,B,Data Analytics,Python Fundamentals,5
DA_0348,Which keyword allows modifying a global variable inside a function?,local,nonlocal,global,extern,C,Data Analytics,Python Fundamentals,8
DA_0349,"What does sorted(items, key=lambda x: x[1]) do?",Sorts by index 0,Sorts by index 1,Sorts in reverse,Raises error,B,Data Analytics,Python Fundamentals,1
DA_0350,A function with default parameters: def greet(name='World'). Calling greet() prints:,Error,greet,Hello,Uses default value 'World',D,Data Analytics,Python Fundamentals,9
DA_0351,"What is the output of: def f(x, y=2): return x*y; print(f(3))?",3,6,2,Error,B,Data Analytics,Python Fundamentals,7
DA_0352,Higher-order functions are functions that:,Have more than 10 lines,Take other functions as arguments or return them,Are defined in a higher scope,Use global variables,B,Data Analytics,Python Fundamentals,7
DA_0353,"What does map(func, iterable) return?",A list,An iterator applying func to each element,A new function,A filtered list,B,Data Analytics,Python Fundamentals,10
DA_0354,"What does filter(func, iterable) do?",Applies func to all elements,Filters elements where func returns True,Sorts elements,Returns None,B,Data Analytics,Python Fundamentals,9
DA_0355,"What is the output of: list(map(lambda x: x+1, [1,2,3]))?","[1,2,3]","[2,3,4]","[0,1,2]","[1,4,9]",B,Data Analytics,Python Fundamentals,10
DA_0356,Which of these creates a generator function?,def f(): return list,def f(): yield value,def f(): pass,def f(): lambda,B,Data Analytics,Python Fundamentals,3
DA_0357,What is the output of: [x*2 for x in range(4)]?,"[0,1,2,3]","[0,2,4,6]","[2,4,6,8]","[1,2,3,4]",B,Data Analytics,Python Fundamentals,5
DA_0358,Which creates a list of even squares from 1-10?,"[x**2 for x in range(1,11)]","[x**2 for x in range(1,11) if x%2==0]","[x for x in range(1,11) if x%2==0]",[x*x if x%2==0 for x in range(10)],B,Data Analytics,Python Fundamentals,10
DA_0359,Dictionary comprehension syntax is:,[k:v for ...],{k:v for ...},(k:v for ...),<k:v for ...>,B,Data Analytics,Python Fundamentals,5
DA_0360,What is a generator expression?,Same as list comprehension but slower,A lazy iterable using () instead of [],A dictionary generator,A recursive list,B,Data Analytics,Python Fundamentals,4
DA_0361,What is the output of: {x: x**2 for x in range(3)}?,"{0:0,1:1,2:4}","{1:1,2:4,3:9}","{0,1,2}","[0,1,4]",A,Data Analytics,Python Fundamentals,0
DA_0362,Which is more memory-efficient for large sequences: list comp or generator?,List comprehension,Generator expression,Both equal,Depends on CPU,B,Data Analytics,Python Fundamentals,2
DA_0363,What does [x for x in 'hello' if x != 'l'] produce?,"['h','e','l','l','o']","['h','e','o']","['l','l']","['h','e']",B,Data Analytics,Python Fundamentals,6
DA_0364,Nested list comprehension [[j for j in range(2)] for i in range(3)] produces:,"[[0,1],[0,1],[0,1]]","[[0,1,2],[0,1,2]]","[0,1,0,1,0,1]","[[0],[1],[2]]",A,Data Analytics,Python Fundamentals,7
DA_0365,Set comprehension syntax is:,[x for x in ...],{x for x in ...},(x for x in ...),set(x for x in ...),B,Data Analytics,Python Fundamentals,1
DA_0366,"What is the output of: list(x**2 for x in [1,2,3])?","[1,4,9]","[1,2,3]","[2,4,6]","[1,8,27]",A,Data Analytics,Python Fundamentals,2
DA_0367,Which block is used to handle exceptions in Python?,error...catch,try...except,check...handle,test...rescue,B,Data Analytics,Python Fundamentals,3
DA_0368,What exception is raised when dividing by zero?,ValueError,TypeError,ZeroDivisionError,ArithmeticError,C,Data Analytics,Python Fundamentals,10
DA_0369,The 'finally' block in exception handling:,Runs only if exception occurs,Runs only if no exception,Always runs,Runs if except block runs,C,Data Analytics,Python Fundamentals,4
DA_0370,What does 'raise' do in Python?,Catches an exception,Manually triggers an exception,Logs an error,Ignores an exception,B,Data Analytics,Python Fundamentals,2
DA_0371,What exception is raised when a list index is out of range?,KeyError,ValueError,IndexError,TypeError,C,Data Analytics,Python Fundamentals,4
DA_0372,What exception is raised when accessing a missing dictionary key?,IndexError,KeyError,AttributeError,LookupError,B,Data Analytics,Python Fundamentals,7
DA_0373,Which clause runs if no exception is raised in try block?,finally,else,except,pass,B,Data Analytics,Python Fundamentals,7
DA_0374,Which exception is raised on type mismatch in operations?,ValueError,TypeError,AttributeError,NameError,B,Data Analytics,Python Fundamentals,1
DA_0375,What does 'except Exception as e' do?,Ignores all errors,Catches exception and stores it in e,Re-raises the exception,Only catches TypeError,B,Data Analytics,Python Fundamentals,5
DA_0376,Which is the base class of all Python exceptions?,Error,BaseException,Exception,RuntimeError,B,Data Analytics,Python Fundamentals,3
DA_0377,Which keyword imports a module in Python?,include,require,import,load,C,Data Analytics,Python Fundamentals,8
DA_0378,How do you import only the sqrt function from math?,import sqrt from math,from math import sqrt,import math.sqrt,include math.sqrt,B,Data Analytics,Python Fundamentals,9
DA_0379,What is a Python package?,A single .py file,A directory with __init__.py containing modules,A compiled library,A function collection,B,Data Analytics,Python Fundamentals,1
DA_0380,Which module provides mathematical functions in Python?,calc,maths,math,numbers,C,Data Analytics,Python Fundamentals,7
DA_0381,What does 'import random' allow you to do?,Use random filesystem operations,Use random number generation functions,Import all modules,Define random variables,B,Data Analytics,Python Fundamentals,0
DA_0382,What does 'as' do in 'import numpy as np'?,Creates an alias for the module,Imports a function,Renames the file,Installs the package,A,Data Analytics,Python Fundamentals,10
DA_0383,Which module is used for date and time in Python?,time_module,calendar,datetime,chronos,C,Data Analytics,Python Fundamentals,5
DA_0384,pip is used to:,Run Python scripts,Install Python packages,Debug code,Format code,B,Data Analytics,Python Fundamentals,10
DA_0385,What does __name__ == '__main__' check for?,If file is imported,If the script is run directly,If function is defined,If class is instantiated,B,Data Analytics,Python Fundamentals,10
DA_0386,Which module provides CSV file reading in Python?,file,excel,csv,text,C,Data Analytics,Python Fundamentals,9
DA_0387,"Write a Python function that accepts a list and returns it with duplicates removed, preserving order.",,,,,"def remove_duplicates(lst):
  seen = set()
  result = []
  for item in lst:
  if item not in seen:
  seen.add(item)
  result.append(item)
  return result
 
 print(remove_duplicates([1, 2, 2, 3, 4, 3, 5]))
 
 # Output:
 # [1, 2, 3, 4, 5]",Data Analytics,Python Fundamentals,0
DA_0388,"Find and fix the bug: def add(a,b): return a - b",,,,,"# Bug: The function subtracts instead of adding.
 # Fix:
 
 def add(a, b):
  return a + b
 
 print(add(3, 4))
 
 # Output:
 # 7",Data Analytics,Python Fundamentals,1
DA_0389,Write a Python function that flattens a nested list one level deep.,,,,,"def flatten(nested):
  return [item for sublist in nested for item in sublist]
 
 print(flatten([[1, 2], [3, 4], [5]]))
 
 # Output:
 # [1, 2, 3, 4, 5]",Data Analytics,Python Fundamentals,2
DA_0390,Write a Python program that counts the frequency of each word in a sentence.,,,,,"def word_count(sentence):
  words = sentence.lower().split()
  freq = {}
  for word in words:
  freq[word] = freq.get(word, 0) + 1
  return freq
 
 sentence = 'the cat sat on the mat and the cat'
 print(word_count(sentence))
 
 # Output:
 # {'the': 3, 'cat': 2, 'sat': 1, 'on': 1, 'mat': 1, 'and': 1}",Data Analytics,Python Fundamentals,8
DA_0391,Write a Python function using a lambda to sort a list of tuples by the second element.,,,,,"data = [(1, 3), (4, 1), (2, 2)]
 sorted_data = sorted(data, key=lambda x: x[1])
 print(sorted_data)
 
 # Output:
 # [(4, 1), (2, 2), (1, 3)]",Data Analytics,Python Fundamentals,4
DA_0392,Write a Python function that reverses a string without using slicing.,,,,,"def reverse_string(s):
  result = ''
  for char in s:
  result = char + result
  return result
 
 print(reverse_string('analytics'))
 
 # Output:
 # scitylana",Data Analytics,Python Fundamentals,9
DA_0393,Write a Python program to check if a string is a palindrome.,,,,,"def is_palindrome(s):
  s = s.lower().replace(' ', '')
  return s == s[::-1]
 
 print(is_palindrome('racecar'))
 print(is_palindrome('hello'))
 
 # Output:
 # True
 # False",Data Analytics,Python Fundamentals,9
DA_0394,Write a Python function that uses *args to compute the product of all passed numbers.,,,,,"def product(*args):
  result = 1
  for num in args:
  result *= num
  return result
 
 print(product(2, 3, 4, 5))
 
 # Output:
 # 120",Data Analytics,Python Fundamentals,1
DA_0395,Debug this code: for i in range(5) print(i),,,,,"# Bug: Missing colon after range(5)
 # Fix:
 
 for i in range(5):
  print(i)
 
 # Output:
 # 0
 # 1
 # 2
 # 3
 # 4",Data Analytics,Python Fundamentals,9
DA_0396,Write a function using exception handling that safely divides two numbers.,,,,,"def safe_divide(a, b):
  try:
  return a / b
  except ZeroDivisionError:
  return 'Error: Division by zero'
 
 print(safe_divide(10, 2))
 print(safe_divide(10, 0))
 
 # Output:
 # 5.0
 # Error: Division by zero",Data Analytics,Python Fundamentals,4
DA_0397,Write a list comprehension that creates a list of squares of even numbers from 1 to 20.,,,,,"squares = [x**2 for x in range(1, 21) if x % 2 == 0]
 print(squares)
 
 # Output:
 # [4, 16, 36, 64, 100, 144, 196, 256, 324, 400]",Data Analytics,Python Fundamentals,4
DA_0398,Write a Python program to find all prime numbers up to 50 using a for loop.,,,,,"def find_primes(limit):
  primes = []
  for num in range(2, limit + 1):
  is_prime = all(num % i != 0 for i in range(2, int(num**0.5) + 1))
  if is_prime:
  primes.append(num)
  return primes
 
 print(find_primes(50))
 
 # Output:
 # [2, 3, 5, 7, 11, 13, 17, 19, 23, 29, 31, 37, 41, 43, 47]",Data Analytics,Python Fundamentals,0
DA_0399,Write a Python function that merges two dictionaries and sums values for common keys.,,,,,"def merge_dicts(d1, d2):
  result = d1.copy()
  for key, val in d2.items():
  result[key] = result.get(key, 0) + val
  return result
 
 d1 = {'a': 10, 'b': 20}
 d2 = {'b': 5, 'c': 15}
 print(merge_dicts(d1, d2))
 
 # Output:
 # {'a': 10, 'b': 25, 'c': 15}",Data Analytics,Python Fundamentals,2
DA_0400,Use the map() function to convert a list of strings to integers.,,,,,"strings = ['10', '20', '30', '40']
 integers = list(map(int, strings))
 print(integers)
 
 # Output:
 # [10, 20, 30, 40]",Data Analytics,Python Fundamentals,4
DA_0401,Use filter() to get only negative numbers from a list.,,,,,"numbers = [3, -1, 4, -1, -5, 9, -2, 6]
 negatives = list(filter(lambda x: x < 0, numbers))
 print(negatives)
 
 # Output:
 # [-1, -1, -5, -2]",Data Analytics,Python Fundamentals,8
DA_0402,Write a recursive Python function to compute factorial of n.,,,,,"def factorial(n):
  if n == 0 or n == 1:
  return 1
  return n * factorial(n - 1)
 
 print(factorial(6))
 
 # Output:
 # 720",Data Analytics,Python Fundamentals,9
DA_0403,Write Python code to group a list of words by their first letter using a dictionary.,,,,,"words = ['apple', 'banana', 'avocado', 'blueberry', 'cherry']
 grouped = {}
 for word in words:
  key = word[0]
  grouped.setdefault(key, []).append(word)
 print(grouped)
 
 # Output:
 # {'a': ['apple', 'avocado'], 'b': ['banana', 'blueberry'], 'c': ['cherry']}",Data Analytics,Python Fundamentals,0
DA_0404,Write a Python function to check if a number is a perfect square.,,,,,"import math
 
 def is_perfect_square(n):
  if n < 0:
  return False
  root = int(math.sqrt(n))
  return root * root == n
 
 print(is_perfect_square(16))
 print(is_perfect_square(15))
 
 # Output:
 # True
 # False",Data Analytics,Python Fundamentals,7
DA_0405,Write Python code to transpose a 2D list (matrix).,,,,,"matrix = [[1, 2, 3], [4, 5, 6], [7, 8, 9]]
 transposed = [[row[i] for row in matrix] for i in range(len(matrix[0]))]
 print(transposed)
 
 # Output:
 # [[1, 4, 7], [2, 5, 8], [3, 6, 9]]",Data Analytics,Python Fundamentals,0
DA_0406,Write a Python function that uses **kwargs to print a formatted student report.,,,,,"def student_report(**kwargs):
  for key, value in kwargs.items():
  print(f'{key}: {value}')
 
 student_report(Name='Alice', Math=90, Science=85, English=88)
 
 # Output:
 # Name: Alice
 # Math: 90
 # Science: 85
 # English: 88",Data Analytics,Python Fundamentals,8
DA_0407,Write Python code to count vowels in a string using a set.,,,,,"def count_vowels(text):
  vowels = set('aeiouAEIOU')
  return sum(1 for ch in text if ch in vowels)
 
 print(count_vowels('Data Analytics is amazing'))
 
 # Output:
 # 10",Data Analytics,Python Fundamentals,5
DA_0408,Write a generator function that yields Fibonacci numbers up to n.,,,,,"def fibonacci(n):
  a, b = 0, 1
  while a <= n:
  yield a
  a, b = b, a + b
 
 print(list(fibonacci(50)))
 
 # Output:
 # [0, 1, 1, 2, 3, 5, 8, 13, 21, 34]",Data Analytics,Python Fundamentals,0
DA_0409,Write a Python function that implements binary search on a sorted list.,,,,,"def binary_search(arr, target):
  low, high = 0, len(arr) - 1
  while low <= high:
  mid = (low + high) // 2
  if arr[mid] == target:
  return mid
  elif arr[mid] < target:
  low = mid + 1
  else:
  high = mid - 1
  return -1
 
 arr = [2, 5, 8, 12, 16, 23, 38, 56]
 print(binary_search(arr, 23))
 
 # Output:
 # 5",Data Analytics,Python Fundamentals,7
DA_0410,Write Python code that reads a list of student scores and assigns letter grades.,,,,,"def assign_grade(score):
  if score >= 90: return 'A'
  elif score >= 80: return 'B'
  elif score >= 70: return 'C'
  elif score >= 60: return 'D'
  else: return 'F'
 
 scores = [92, 85, 73, 65, 54]
 grades = {score: assign_grade(score) for score in scores}
 print(grades)
 
 # Output:
 # {92: 'A', 85: 'B', 73: 'C', 65: 'D', 54: 'F'}",Data Analytics,Python Fundamentals,4
DA_0411,Debug the following code: def square(n): return n*n; result = square; print(result(5)),,,,,"# The code is actually correct â€” result = square assigns the function.
 # But if intent was to call and store result:
 
 def square(n):
  return n * n
 
 result = square(5)
 print(result)
 
 # Output:
 # 25",Data Analytics,Python Fundamentals,6
DA_0412,Write a Python function to rotate a list to the right by k positions.,,,,,"def rotate_right(lst, k):
  k = k % len(lst)
  return lst[-k:] + lst[:-k]
 
 print(rotate_right([1, 2, 3, 4, 5], 2))
 
 # Output:
 # [4, 5, 1, 2, 3]",Data Analytics,Python Fundamentals,6
DA_0413,Write Python code to find the two numbers in a list that sum to a target.,,,,,"def two_sum(nums, target):
  seen = {}
  for i, num in enumerate(nums):
  complement = target - num
  if complement in seen:
  return [seen[complement], i]
  seen[num] = i
 
 print(two_sum([2, 7, 11, 15], 9))
 
 # Output:
 # [0, 1]",Data Analytics,Python Fundamentals,6
DA_0414,Write a Python function using enumerate to number items in a list.,,,,,"items = ['apple', 'banana', 'cherry']
 for idx, val in enumerate(items, start=1):
  print(f'{idx}. {val}')
 
 # Output:
 # 1. apple
 # 2. banana
 # 3. cherry",Data Analytics,Python Fundamentals,5
DA_0415,Write Python code to zip two lists into a dictionary.,,,,,"keys = ['name', 'age', 'city']
 values = ['Alice', 30, 'Delhi']
 result = dict(zip(keys, values))
 print(result)
 
 # Output:
 # {'name': 'Alice', 'age': 30, 'city': 'Delhi'}",Data Analytics,Python Fundamentals,10
DA_0416,Write a Python function that takes a sentence and returns the most frequent word.,,,,,"from collections import Counter
 
 def most_frequent_word(sentence):
  words = sentence.lower().split()
  counts = Counter(words)
  return counts.most_common(1)[0][0]
 
 print(most_frequent_word('the quick brown fox jumps over the lazy fox'))
 
 # Output:
 # the",Data Analytics,Python Fundamentals,7
DA_0417,"Implement a stack using a Python list with push, pop, and peek operations.",,,,,"class Stack:
  def __init__(self):
  self.items = []
  def push(self, item):
  self.items.append(item)
  def pop(self):
  return self.items.pop() if self.items else None
  def peek(self):
  return self.items[-1] if self.items else None
 
 s = Stack()
 s.push(1)
 s.push(2)
 s.push(3)
 print(s.peek())
 print(s.pop())
 print(s.peek())
 
 # Output:
 # 3
 # 3
 # 2",Data Analytics,Python Fundamentals,8
DA_0418,Write Python code to find the longest word in a sentence.,,,,,"def longest_word(sentence):
  words = sentence.split()
  return max(words, key=len)
 
 print(longest_word('Data Analytics is a fascinating field'))
 
 # Output:
 # fascinating",Data Analytics,Python Fundamentals,1
DA_0419,Write a Python function that checks if two strings are anagrams.,,,,,"def are_anagrams(s1, s2):
  return sorted(s1.lower()) == sorted(s2.lower())
 
 print(are_anagrams('listen', 'silent'))
 print(are_anagrams('hello', 'world'))
 
 # Output:
 # True
 # False",Data Analytics,Python Fundamentals,6
DA_0420,Write Python code using a while loop to implement the Collatz conjecture.,,,,,"def collatz(n):
  steps = 0
  while n != 1:
  n = n // 2 if n % 2 == 0 else 3 * n + 1
  steps += 1
  return steps
 
 print(collatz(27))
 
 # Output:
 # 111",Data Analytics,Python Fundamentals,1
DA_0421,Write a dictionary comprehension that maps numbers 1-5 to their cubes.,,,,,"cubes = {x: x**3 for x in range(1, 6)}
 print(cubes)
 
 # Output:
 # {1: 1, 2: 8, 3: 27, 4: 64, 5: 125}",Data Analytics,Python Fundamentals,5
DA_0422,Write Python code to flatten a deeply nested list recursively.,,,,,"def deep_flatten(lst):
  result = []
  for item in lst:
  if isinstance(item, list):
  result.extend(deep_flatten(item))
  else:
  result.append(item)
  return result
 
 print(deep_flatten([1, [2, [3, [4]], 5]]))
 
 # Output:
 # [1, 2, 3, 4, 5]",Data Analytics,Python Fundamentals,1
DA_0423,Write a Python function to compute the running total of a list.,,,,,"def running_total(lst):
  total = 0
  result = []
  for x in lst:
  total += x
  result.append(total)
  return result
 
 print(running_total([1, 2, 3, 4, 5]))
 
 # Output:
 # [1, 3, 6, 10, 15]",Data Analytics,Python Fundamentals,9
DA_0424,Write Python code to extract all unique characters from a string in order of appearance.,,,,,"def unique_chars(s):
  seen = set()
  result = []
  for ch in s:
  if ch not in seen:
  seen.add(ch)
  result.append(ch)
  return ''.join(result)
 
 print(unique_chars('programming'))
 
 # Output:
 # progamin",Data Analytics,Python Fundamentals,5
DA_0425,Write a Python lambda with reduce() to compute the product of a list.,,,,,"from functools import reduce
 
 nums = [1, 2, 3, 4, 5]
 product = reduce(lambda x, y: x * y, nums)
 print(product)
 
 # Output:
 # 120",Data Analytics,Python Fundamentals,1
DA_0426,Write a Python function that finds the second largest element in a list.,,,,,"def second_largest(lst):
  unique = list(set(lst))
  unique.sort()
  return unique[-2] if len(unique) >= 2 else None
 
 print(second_largest([3, 1, 4, 1, 5, 9, 2, 6]))
 
 # Output:
 # 6",Data Analytics,Python Fundamentals,0
DA_0427,Write Python code to check whether a given year is a leap year.,,,,,"def is_leap(year):
  return year % 4 == 0 and (year % 100 != 0 or year % 400 == 0)
 
 for y in [2000, 1900, 2024, 2023]:
  print(f'{y}: {is_leap(y)}')
 
 # Output:
 # 2000: True
 # 1900: False
 # 2024: True
 # 2023: False",Data Analytics,Python Fundamentals,6
DA_0428,Write a Python function to convert a list of key-value pairs into a dictionary.,,,,,"def pairs_to_dict(pairs):
  return {k: v for k, v in pairs}
 
 pairs = [('name', 'Bob'), ('age', 25), ('city', 'Mumbai')]
 print(pairs_to_dict(pairs))
 
 # Output:
 # {'name': 'Bob', 'age': 25, 'city': 'Mumbai'}",Data Analytics,Python Fundamentals,2
DA_0429,Write Python code that uses try/except/finally to open a non-existent file.,,,,,"try:
  f = open('nonexistent.txt', 'r')
  content = f.read()
 except FileNotFoundError as e:
  print(f'Error: {e}')
 finally:
  print('Execution complete.')
 
 # Output:
 # Error: [Errno 2] No such file or directory: 'nonexistent.txt'
 # Execution complete.",Data Analytics,Python Fundamentals,3
DA_0430,Write a function that uses zip to compute the dot product of two vectors.,,,,,"def dot_product(v1, v2):
  return sum(a * b for a, b in zip(v1, v2))
 
 v1 = [1, 2, 3]
 v2 = [4, 5, 6]
 print(dot_product(v1, v2))
 
 # Output:
 # 32",Data Analytics,Python Fundamentals,5
DA_0431,Write Python code to find common elements between two lists.,,,,,"def common_elements(lst1, lst2):
  return list(set(lst1) & set(lst2))
 
 print(sorted(common_elements([1,2,3,4,5], [3,4,5,6,7])))
 
 # Output:
 # [3, 4, 5]",Data Analytics,Python Fundamentals,4
DA_0432,Write a Python program to simulate a simple grade book using a dictionary.,,,,,"grade_book = {}
 
 def add_grade(name, score):
  grade_book[name] = score
 
 def average_grade():
  return sum(grade_book.values()) / len(grade_book)
 
 add_grade('Alice', 88)
 add_grade('Bob', 92)
 add_grade('Charlie', 75)
 print(f'Average: {average_grade():.2f}')
 
 # Output:
 # Average: 85.00",Data Analytics,Python Fundamentals,3
DA_0433,Write Python code to chunk a list into groups of size n.,,,,,"def chunk_list(lst, n):
  return [lst[i:i+n] for i in range(0, len(lst), n)]
 
 print(chunk_list([1,2,3,4,5,6,7,8,9], 3))
 
 # Output:
 # [[1, 2, 3], [4, 5, 6], [7, 8, 9]]",Data Analytics,Python Fundamentals,8
DA_0434,Write a Python function to count the number of uppercase and lowercase letters in a string.,,,,,"def count_case(s):
  upper = sum(1 for c in s if c.isupper())
  lower = sum(1 for c in s if c.islower())
  return {'uppercase': upper, 'lowercase': lower}
 
 print(count_case('Hello World from Python'))
 
 # Output:
 # {'uppercase': 3, 'lowercase': 16}",Data Analytics,Python Fundamentals,5
DA_0435,Write a Python function that returns a list of numbers divisible by both 3 and 5 up to n.,,,,,"def divisible_by_3_and_5(n):
  return [x for x in range(1, n+1) if x % 3 == 0 and x % 5 == 0]
 
 print(divisible_by_3_and_5(100))
 
 # Output:
 # [15, 30, 45, 60, 75, 90]",Data Analytics,Python Fundamentals,5
DA_0436,Write Python code to implement a Caesar cipher (shift by k).,,,,,"def caesar_cipher(text, k):
  result = ''
  for ch in text:
  if ch.isalpha():
  base = ord('A') if ch.isupper() else ord('a')
  result += chr((ord(ch) - base + k) % 26 + base)
  else:
  result += ch
  return result
 
 print(caesar_cipher('Hello World', 3))
 
 # Output:
 # Khoor Zruog",Data Analytics,Python Fundamentals,1
DA_0437,Write a Python generator that yields squares up to a given limit.,,,,,"def square_gen(limit):
  n = 1
  while n * n <= limit:
  yield n * n
  n += 1
 
 print(list(square_gen(100)))
 
 # Output:
 # [1, 4, 9, 16, 25, 36, 49, 64, 81, 100]",Data Analytics,Python Fundamentals,5
DA_0438,Write a Python function to get the top-k most frequent elements from a list.,,,,,"from collections import Counter
 
 def top_k_frequent(lst, k):
  counts = Counter(lst)
  return [item for item, _ in counts.most_common(k)]
 
 print(top_k_frequent([1,1,2,2,2,3,3,4], 2))
 
 # Output:
 # [2, 1]",Data Analytics,Python Fundamentals,6
DA_0439,Write Python code to find all pairs in a list that sum to zero.,,,,,"def zero_sum_pairs(lst):
  pairs = []
  seen = set()
  for num in lst:
  if -num in seen:
  pairs.append((-num, num))
  seen.add(num)
  return pairs
 
 print(zero_sum_pairs([-3, -1, 0, 1, 2, 3]))
 
 # Output:
 # [(-3, 3), (-1, 1)]",Data Analytics,Python Fundamentals,7
DA_0440,Complete the missing code: def classify(n): if n > 0: return ___; elif n < 0: return ___; else: return ___,,,,,"def classify(n):
  if n > 0:
  return 'positive'
  elif n < 0:
  return 'negative'
  else:
  return 'zero'
 
 print(classify(5))
 print(classify(-3))
 print(classify(0))
 
 # Output:
 # positive
 # negative
 # zero",Data Analytics,Python Fundamentals,7
DA_0441,Write a Python decorator that measures execution time of a function.,,,,,"import time
 
 def timer(func):
  def wrapper(*args, **kwargs):
  start = time.time()
  result = func(*args, **kwargs)
  end = time.time()
  print(f'{func.__name__} took {end - start:.4f} seconds')
  return result
  return wrapper
 
 @timer
 def slow_sum(n):
  return sum(range(n))
 
 slow_sum(1000000)
 
 # Output:
 # slow_sum took 0.04XX seconds",Data Analytics,Python Fundamentals,8
DA_0442,Write Python code to read command line arguments using sys.argv.,,,,,"import sys
 
 def main():
  args = sys.argv[1:]
  if args:
  print(f'Arguments: {args}')
  else:
  print('No arguments provided.')
 
 # When run as: python script.py hello world
 # Output:
 # Arguments: ['hello', 'world']
 main()
 # Output (no args):
 # No arguments provided.",Data Analytics,Python Fundamentals,9
DA_0443,Write a Python function that implements selection sort.,,,,,"def selection_sort(arr):
  for i in range(len(arr)):
  min_idx = i
  for j in range(i+1, len(arr)):
  if arr[j] < arr[min_idx]:
  min_idx = j
  arr[i], arr[min_idx] = arr[min_idx], arr[i]
  return arr
 
 print(selection_sort([64, 25, 12, 22, 11]))
 
 # Output:
 # [11, 12, 22, 25, 64]",Data Analytics,Python Fundamentals,10
DA_0444,What is a workbook in Excel?,A single cell,A single sheet,A file containing one or more worksheets,A formula,C,Data Analytics,Excel,2
DA_0445,The default number of worksheets in a new Excel workbook is:,1,3,5,2,A,Data Analytics,Excel,9
DA_0446,How do you rename a worksheet in Excel?,File > Rename,Double-click the sheet tab,Right-click cell A1,Insert > Rename,B,Data Analytics,Excel,6
DA_0447,Which keyboard shortcut switches between worksheets in Excel?,Ctrl+Tab,Ctrl+Page Down,Alt+Tab,Shift+Tab,B,Data Analytics,Excel,6
DA_0448,What is the maximum number of rows in an Excel worksheet?,65536,1048576,500000,100000,B,Data Analytics,Excel,0
DA_0449,What is the maximum number of columns in an Excel 2016+ worksheet?,256,1024,16384,65536,C,Data Analytics,Excel,7
DA_0450,Which Excel file format supports macros?,.xlsx,.xls,.xlsm,.csv,C,Data Analytics,Excel,3
DA_0451,How do you insert a new worksheet in Excel?,Ctrl+N,Click the + icon next to existing sheet tabs,File > New Sheet,Alt+W,B,Data Analytics,Excel,4
DA_0452,What does Ctrl+Home do in Excel?,Goes to last cell,Goes to cell A1,Closes workbook,Opens a new sheet,B,Data Analytics,Excel,5
DA_0453,A worksheet is best described as:,A collection of workbooks,A grid of rows and columns within a workbook,A chart,A named formula,B,Data Analytics,Excel,2
DA_0454,"In Excel, columns are labeled with:",Numbers,Letters,Symbols,Roman numerals,B,Data Analytics,Excel,4
DA_0455,"In Excel, rows are labeled with:",Numbers,Letters,Symbols,Both numbers and letters,A,Data Analytics,Excel,9
DA_0456,"The cell reference for row 5, column C is:",5C,C5,"(5,C)",C:5,B,Data Analytics,Excel,4
DA_0457,What is the keyboard shortcut to select an entire row in Excel?,Ctrl+C,Shift+Space,Ctrl+Space,Alt+Space,B,Data Analytics,Excel,0
DA_0458,What is the keyboard shortcut to select an entire column?,Shift+Space,Ctrl+Space,Alt+Space,Ctrl+Shift,B,Data Analytics,Excel,2
DA_0459,How do you freeze the top row in Excel?,View > Freeze > First Row,Format > Freeze > Top,Insert > Freeze,Data > Freeze,A,Data Analytics,Excel,2
DA_0460,Which cell is at the intersection of column B and row 3?,3B,B3,"(B,3)",B:3,B,Data Analytics,Excel,0
DA_0461,What does Ctrl+End do in Excel?,Moves to A1,Moves to last used cell,Selects all cells,Closes file,B,Data Analytics,Excel,6
DA_0462,Which of the following is a valid cell range notation?,A1-B5,A1:B5,"A1,B5",A1>B5,B,Data Analytics,Excel,0
DA_0463,Cell A1 is located in which corner?,Bottom-right,Bottom-left,Top-right,Top-left,D,Data Analytics,Excel,6
DA_0464,A relative cell reference in Excel:,Stays fixed when copied,Changes relative to the position when copied,Requires $ sign,References another workbook,B,Data Analytics,Excel,3
DA_0465,An absolute cell reference uses:,@ symbol,# symbol,$ symbol,! symbol,C,Data Analytics,Excel,8
DA_0466,What does $A$1 represent?,Relative reference,Absolute reference,Mixed reference,Invalid reference,B,Data Analytics,Excel,6
DA_0467,"If you copy formula =A1+B1 from row 1 to row 2, it becomes:",,,,,B,Data Analytics,Excel,4
DA_0468,"In $A1, what part is absolute?",Row,Column,Both,Neither,B,Data Analytics,Excel,6
DA_0469,"In A$1, what part is absolute?",Row,Column,Both,Neither,A,Data Analytics,Excel,8
DA_0470,A mixed reference allows you to:,Reference cells in another workbook,Lock either row or column but not both,Lock both row and column,Reference a named range,B,Data Analytics,Excel,9
DA_0471,What key cycles through reference types (relative/absolute/mixed)?,F2,F4,F5,F8,B,Data Analytics,Excel,5
DA_0472,Which reference would you use to always multiply by the same tax rate in column D?,D1,$D$1,D$1,$D1,B,Data Analytics,Excel,0
DA_0473,"If =SUM(A1:A5) is copied one column to the right, it becomes:",0,0,0,0,B,Data Analytics,Excel,5
DA_0474,External references in Excel include:,References to the same sheet,References to another workbook using [BookName],Using $ signs,Only named ranges,B,Data Analytics,Excel,0
DA_0475,Named ranges in Excel are:,Absolute by default,Relative by default,Invalid in formulas,Only for charts,A,Data Analytics,Excel,3
DA_0476,Which formula uses an absolute reference correctly?,,,0,,B,Data Analytics,Excel,7
DA_0477,When would you use a relative reference?,When the reference must not change when copied,When the formula should adjust as you copy it to new rows/columns,When using VLOOKUP,When creating charts,B,Data Analytics,Excel,4
DA_0478,3D reference in Excel refers to:,A reference across multiple rows,A reference spanning multiple worksheets,A reference to an external workbook,An absolute reference,B,Data Analytics,Excel,4
DA_0479,Which formula sums the range A1 to A10?,,,0,,C,Data Analytics,Excel,9
DA_0480,0,10,30,20,60,C,Data Analytics,Excel,10
DA_0481,Which function counts only numeric values in a range?,COUNTA,COUNTIF,COUNT,COUNTBLANK,C,Data Analytics,Excel,7
DA_0482,0,3,1,5,9,D,Data Analytics,Excel,7
DA_0483,0,100,50,75,25,D,Data Analytics,Excel,0
DA_0484,COUNTA counts:,Only numbers,Only text,All non-empty cells,Only blanks,C,Data Analytics,Excel,4
DA_0485,0,10,60,30,20,B,Data Analytics,Excel,4
DA_0486,"What is the output of =AVERAGE(A1:A5) if values are 2,4,6,8,10?",5,6,4,8,B,Data Analytics,Excel,7
DA_0487,COUNTBLANK counts:,Numeric cells,Text cells,Empty cells in a range,All cells,C,Data Analytics,Excel,0
DA_0488,0,5,1,10,8,C,Data Analytics,Excel,6
DA_0489,Which formula computes the sum of only cells meeting a criterion?,SUM,SUMIF,COUNTIF,AVERAGEIF,B,Data Analytics,Excel,6
DA_0490,0,10,7,5,3,D,Data Analytics,Excel,8
DA_0491,SUMPRODUCT multiplies corresponding arrays and returns:,Largest product,Sum of all products,Average of products,Min product,B,Data Analytics,Excel,1
DA_0492,0,4,3,2,1,C,Data Analytics,Excel,2
DA_0493,0,10,5,3.33,0,C,Data Analytics,Excel,3
DA_0494,Which function returns the k-th largest value in a range?,MAX,LARGE,TOP,RANK,B,Data Analytics,Excel,0
DA_0495,0,Largest value,Second smallest value,Average,Second largest value,B,Data Analytics,Excel,6
DA_0496,Which function counts cells that match a condition?,COUNT,COUNTA,COUNTIF,SUM,C,Data Analytics,Excel,9
DA_0497,0,3,7,10,6,C,Data Analytics,Excel,2
DA_0498,0,B > 10,A < 10,A > 10,B = 10,C,Data Analytics,Excel,2
DA_0499,"What does =SUMIF(A1:A5, '>5', B1:B5) do?",Sums A values > 5,Sums B values where corresponding A > 5,Counts A > 5,Averages B,B,Data Analytics,Excel,2
DA_0500,0,5,3,2,1,B,Data Analytics,Excel,7
DA_0501,Which function finds the minimum value ignoring zeros?,"MINIF(A1:A5, '<>0')",MIN,MINIFS,"SMALL(A1:A5,1)",C,Data Analytics,Excel,8
DA_0502,0,Row A,Column A,Cell A1,Range A1:A10,B,Data Analytics,Excel,9
DA_0503,"What is the purpose of SUMPRODUCT(A1:A3, B1:B3)?",Sums A + B,Computes A1*B1 + A2*B2 + A3*B3,Counts products,Finds max product,B,Data Analytics,Excel,1
DA_0504,The syntax of the IF function is:,"IF(result, condition, false)","IF(condition, true, false)","IF(true, false, condition)","IF(value, condition)",B,Data Analytics,Excel,9
DA_0505,0,No,5>3,Yes,Error,C,Data Analytics,Excel,9
DA_0506,What does VLOOKUP stand for?,Variable Lookup,Vertical Lookup,Value Lookup,Virtual Lookup,B,Data Analytics,Excel,0
DA_0507,VLOOKUP searches for a value in which column?,Any column,Last column,First column of a range,Second column,C,Data Analytics,Excel,8
DA_0508,The last argument of VLOOKUP (TRUE/FALSE) determines:,Case sensitivity,Exact or approximate match,Sort order,Number of results,B,Data Analytics,Excel,5
DA_0509,0,Column A,Column B,Column C,Column D,C,Data Analytics,Excel,8
DA_0510,What error appears when VLOOKUP cannot find a match?,,,,,C,Data Analytics,Excel,5
DA_0511,XLOOKUP is considered an improvement over VLOOKUP because:,It is faster on small data,It can search in any direction and doesn't require sorted data for exact match,It uses fewer arguments,It was introduced earlier,B,Data Analytics,Excel,1
DA_0512,0,A,B,C,85,B,Data Analytics,Excel,0
DA_0513,"HLOOKUP searches horizontally, looking for the lookup value in:",The first column,The last row,The first row,The middle row,C,Data Analytics,Excel,7
DA_0514,Which function can replace VLOOKUP for left-side lookups?,INDEX/MATCH,SUMIF,IF,HLOOKUP,A,Data Analytics,Excel,2
DA_0515,The MATCH function returns:,The value found,The position of the value in a range,TRUE/FALSE,Sum of matching values,B,Data Analytics,Excel,0
DA_0516,0,Value in row 1,Value in row 3,3rd column,Error,B,Data Analytics,Excel,7
DA_0517,"What does IFERROR(formula, 'Not found') do?",Always returns 'Not found',"Returns the formula result; if error, returns 'Not found'",Checks for errors only,Raises an error,B,Data Analytics,Excel,0
DA_0518,"XLOOKUP syntax is: =XLOOKUP(lookup_value, lookup_array, return_array, [if_not_found], ...)",1,False: return_array comes before lookup_array,False: there is no if_not_found,False: lookup_value is last,A,Data Analytics,Excel,7
DA_0519,Which argument in VLOOKUP specifies the column number to return?,1st argument,2nd argument,3rd argument,4th argument,C,Data Analytics,Excel,0
DA_0520,0,Column B,Column A,Row 1,Row 2,B,Data Analytics,Excel,8
DA_0521,XLOOKUP with exact match mode returns what when no match is found (without if_not_found)?,,,0,Empty string,B,Data Analytics,Excel,8
DA_0522,Nested IF functions in Excel allow:,Only one condition,Multiple conditions by nesting IFs inside each other,Looping,Recursive calls,B,Data Analytics,Excel,8
DA_0523,"What does =IF(AND(A1>5, B1<10), 'OK', 'Check') return when A1=7, B1=8?",Check,OK,Error,AND,B,Data Analytics,Excel,2
DA_0524,0,Valid,Invalid,TRUE,2,B,Data Analytics,Excel,3
DA_0525,VLOOKUP with TRUE (approximate match) requires:,Unsorted data in first column,Data sorted in ascending order in first column,Data in last column sorted,No sorting,B,Data Analytics,Excel,4
DA_0526,IFS function in Excel is used to:,Check a single condition,Test multiple conditions without nesting,Sum values with conditions,Count with conditions,B,Data Analytics,Excel,5
DA_0527,Which function returns the relative position of a value in a range?,INDEX,LOOKUP,MATCH,FIND,C,Data Analytics,Excel,8
DA_0528,0,Current sheet column A,Another sheet named Sheet2,External workbook,A named range,B,Data Analytics,Excel,10
DA_0529,SWITCH function in Excel is used to:,Replace IF for a single comparison against multiple values,Sort data,Find duplicates,Sum based on conditions,A,Data Analytics,Excel,3
DA_0530,"In XLOOKUP, the return_array can be:",Only a single column,Only a single row,A single column or row,A full table,C,Data Analytics,Excel,5
DA_0531,What is the main limitation of VLOOKUP?,It cannot sum values,It can only look up values in the first column and return from columns to the right,It doesn't support ranges,It works only with text,B,Data Analytics,Excel,0
DA_0532,Which formula correctly uses IFERROR with VLOOKUP?,0,0,0,0,A,Data Analytics,Excel,1
DA_0533,0,Low,High,NOT,Error,B,Data Analytics,Excel,7
DA_0534,Which menu contains Sort options in Excel?,Insert,Home,Data,View,C,Data Analytics,Excel,3
DA_0535,Sorting A to Z in Excel sorts text in:,Reverse alphabetical order,Alphabetical order,Numerical order,Random order,B,Data Analytics,Excel,9
DA_0536,Which option allows sorting by multiple columns in Excel?,Sort by Value,Custom Sort,AutoFilter,Quick Sort,B,Data Analytics,Excel,6
DA_0537,What does AutoFilter do in Excel?,Sorts data automatically,Filters rows based on selected criteria,Removes duplicates,Colors rows,B,Data Analytics,Excel,3
DA_0538,Which keyboard shortcut toggles AutoFilter in Excel?,Ctrl+F,Ctrl+Shift+L,Alt+D+F,Ctrl+T,B,Data Analytics,Excel,8
DA_0539,Advanced Filter in Excel allows you to:,Only filter by one criterion,Filter with complex criteria and copy results to another location,Sort data,Remove blank rows,B,Data Analytics,Excel,8
DA_0540,"When sorting by multiple columns, which level has highest priority?",Last level added,First level added (top),Middle level,Alphabetically first,B,Data Analytics,Excel,3
DA_0541,Filtering by color in Excel requires:,Conditional Formatting,Cells to have manually set background color or conditional format color,VBA macro,A formula,B,Data Analytics,Excel,7
DA_0542,Which function filters a range based on a condition (Excel 365/2019+)?,FILTER(),VLOOKUP(),SUMIF(),IF(),A,Data Analytics,Excel,5
DA_0543,What happens to hidden rows when you filter data?,They are deleted,They are moved to another sheet,They are hidden but data is preserved,They turn red,C,Data Analytics,Excel,0
DA_0544,Sorting numbers in Largest to Smallest is called:,Ascending,Descending,Alphabetical,Numerical,B,Data Analytics,Excel,6
DA_0545,Which Excel feature removes duplicate rows from a dataset?,Filter,Sort,Remove Duplicates (Data tab),Conditional Format,C,Data Analytics,Excel,0
DA_0546,A UNIQUE() function in Excel returns:,Count of unique values,List of unique values from a range,TRUE/FALSE for uniqueness,Error,B,Data Analytics,Excel,2
DA_0547,Which Excel tool creates a dropdown to filter column data?,Data Validation,AutoFilter,Slicer,Pivot Table,B,Data Analytics,Excel,7
DA_0548,"When you apply a filter, row numbers of filtered rows:",Change,Remain the same,Turn blue,Are renumbered,C,Data Analytics,Excel,8
DA_0549,Sort by custom list in Excel allows:,Sorting by color,"Sorting in user-defined order (e.g., Mon, Tue, Wed)",Sorting by formula,Sorting by row,B,Data Analytics,Excel,2
DA_0550,What does SORT() function return in Excel 365?,A sorted copy of the range,Sort options menu,Sorted chart,Sorted count,A,Data Analytics,Excel,0
DA_0551,Slicers in Excel are used to:,Cut worksheet,Visually filter Pivot Table or Table data,Sort data,Merge cells,B,Data Analytics,Excel,0
DA_0552,Which of the following is NOT a valid filter type in Excel AutoFilter?,Text Filters,Number Filters,Formula Filters,Date Filters,C,Data Analytics,Excel,6
DA_0553,"After filtering, =SUBTOTAL(9, A1:A100) computes:",Sum of all values,Sum of only visible filtered values,Count of cells,Average,B,Data Analytics,Excel,4
DA_0554,What is a Pivot Table in Excel?,A table of formulas,An interactive summary table for analyzing data,A chart type,A sorting tool,B,Data Analytics,Excel,0
DA_0555,Which tab in Excel contains the Pivot Table option?,Home,Data,Insert,View,C,Data Analytics,Excel,5
DA_0556,"In a Pivot Table, the 'Values' area typically displays:",Category names,"Aggregated numbers (sum, count, average)",Filter options,Row labels,B,Data Analytics,Excel,5
DA_0557,The 'Rows' area in a Pivot Table determines:,Column headers,What appears as row labels,The summary calculation,The source data,B,Data Analytics,Excel,3
DA_0558,The 'Columns' area in a Pivot Table determines:,Row labels,Column headers of the cross-tabulation,Values to sum,Filters,B,Data Analytics,Excel,6
DA_0559,How do you refresh a Pivot Table when source data changes?,Delete and recreate,Right-click > Refresh,Press F5,Ctrl+Alt+R,B,Data Analytics,Excel,6
DA_0560,Which feature allows you to group dates in a Pivot Table by month or year?,AutoFilter,Group field option,VLOOKUP,Slicers,B,Data Analytics,Excel,8
DA_0561,A slicer connected to a Pivot Table allows you to:,Edit source data,Interactively filter the Pivot Table,Add calculated fields,Sort the Pivot Table,B,Data Analytics,Excel,0
DA_0562,A Calculated Field in a Pivot Table:,References external data,Creates a new field using a formula based on existing fields,Sorts data,Groups data,B,Data Analytics,Excel,4
DA_0563,Which Pivot Table value function counts unique items?,Count,Distinct Count,Unique,CountA,B,Data Analytics,Excel,9
DA_0564,Pivot Charts are linked to:,Raw data directly,A Pivot Table,An Excel table,A named range,B,Data Analytics,Excel,2
DA_0565,What does 'Show Values As' in a Pivot Table allow?,Sort order changes,"Display values as % of total, running total, etc.",Formula references,Formatting only,B,Data Analytics,Excel,6
DA_0566,How do you add a field to the Rows area of a Pivot Table?,Drag field to Rows area in the field list,Type in cell,Use VLOOKUP,Write a formula,A,Data Analytics,Excel,3
DA_0567,What is a Grand Total row in a Pivot Table?,The first row of data,The last row showing total of all values,The row with headers,An error row,B,Data Analytics,Excel,3
DA_0568,Which of the following is NOT an aggregation option in Pivot Table Values?,SUM,AVERAGE,VLOOKUP,COUNT,C,Data Analytics,Excel,0
DA_0569,Pivot Table source data should have:,Merged cells,No headers,Headers in first row and no blank columns,Multiple header rows,C,Data Analytics,Excel,0
DA_0570,What does 'Expand/Collapse' in a Pivot Table do?,Filters data,Shows or hides sub-level detail for grouped rows,Sorts rows,Removes fields,B,Data Analytics,Excel,9
DA_0571,Which Excel feature allows multiple Pivot Tables to share one set of slicers?,Report Connections,Named Ranges,Linked Tables,Data Validation,A,Data Analytics,Excel,1
DA_0572,Conditional formatting applied to a Pivot Table:,Cannot be done,Can highlight values based on rules like data bars or color scales,Is permanent,Only works on text,B,Data Analytics,Excel,1
DA_0573,What is the main benefit of using Pivot Tables for data analysis?,They run Python code,"They allow fast, flexible summarization of large datasets without formulas",They create 3D charts,They replace VLOOKUP,B,Data Analytics,Excel,0
DA_0574,"What is the mean of the numbers 8, 12, 16, and 20?",12,14,16,18,B,Data Analytics,Mathematical & Statistical Foundations,7
DA_0575,Which statistical measure represents the most frequently occurring value?,Mean,Median,Mode,Range,C,Data Analytics,Mathematical & Statistical Foundations,5
DA_0576,"If a product costs â‚¹500 and receives a 10% discount, what is the discount amount?",â‚¹25,â‚¹50,â‚¹75,â‚¹100,B,Data Analytics,Mathematical & Statistical Foundations,5
DA_0577,What is the probability of getting a head when tossing a fair coin once?,04-01-2026 00:00,03-01-2026 00:00,02-01-2026 00:00,1,C,Data Analytics,Mathematical & Statistical Foundations,9
DA_0578,Which measure is most affected by extreme values in a dataset?,Median,Mode,Mean,Range,C,Data Analytics,Mathematical & Statistical Foundations,9
DA_0579,"What is the median of 3, 5, 7, 9, 11?",5,7,9,11,B,Data Analytics,Mathematical & Statistical Foundations,8
DA_0580,What is the output of print(type(10))?,float,int,str,bool,B,Data Analytics,Python Fundamentals,4
DA_0581,Which symbol is used for assignment in Python?,,#ERROR!,!=,:=,B,Data Analytics,Python Fundamentals,3
DA_0582,What is the output of len('Data')?,3,4,5,6,B,Data Analytics,Python Fundamentals,10
DA_0583,Which data structure stores key-value pairs in Python?,List,Tuple,Dictionary,Set,C,Data Analytics,Python Fundamentals,5
DA_0584,What is the result of 5 // 2 in Python?,2,2.5,3,1,A,Data Analytics,Python Fundamentals,7
DA_0585,Which keyword is used to define a function in Python?,func,function,define,def,D,Data Analytics,Python Fundamentals,0
DA_0586,"What is the output of print([1,2,3][0])?",0,1,2,3,B,Data Analytics,Python Fundamentals,6
DA_0587,Which loop is used when the number of iterations is known?,while,repeat,for,loop,C,Data Analytics,Python Fundamentals,7
DA_0588,Which Python collection does not allow duplicate values?,List,Tuple,Dictionary,Set,D,Data Analytics,Python Fundamentals,8
DA_0589,What is the output of bool(0)?,1,0,,Error,B,Data Analytics,Python Fundamentals,10
DA_0590,Which Excel function adds a range of values?,COUNT,SUM,AVERAGE,MAX,B,Data Analytics,Excel Fundamentals,7
DA_0591,What does cell reference A1 represent?,Column A Row 1,Row A Column 1,Worksheet 1,Workbook A,A,Data Analytics,Excel Fundamentals,6
DA_0592,Which Excel function calculates the average of numbers?,SUM,COUNT,AVERAGE,MIN,C,Data Analytics,Excel Fundamentals,2
DA_0593,What is the purpose of filtering in Excel?,Delete rows,Sort data,Show selected records,Create charts,C,Data Analytics,Excel Fundamentals,1
DA_0594,Which symbol is used to create an absolute cell reference?,#,*,#ERROR!,$,D,Data Analytics,Excel Fundamentals,2
DA_0595,Which Excel feature summarizes large datasets quickly?,Conditional Formatting,Pivot Table,Freeze Panes,Data Validation,B,Data Analytics,Excel Fundamentals,3
DA_0596,Write a Python program to calculate the mean of a list of numbers.,,,,,"numbers=[10,20,30,40]\nmean=sum(numbers)/len(numbers)\nprint(mean)\n# Output:\n25.0",Data Analytics,Mathematical & Statistical Foundations,3
DA_0597,Write a Python program to calculate percentage marks obtained by a student.,,,,,obtained=425\ntotal=500\npercentage=(obtained/total)*100\nprint(percentage)\n# Output:\n85.0,Data Analytics,Mathematical & Statistical Foundations,5
DA_0598,Write a Python function to find the maximum number in a list.,,,,,"def find_max(nums):\n return max(nums)\nprint(find_max([4,8,2,9]))\n# Output:\n9",Data Analytics,Python Fundamentals,6
DA_0599,Write a Python program to count the number of elements in a list.,,,,,"data=[1,2,3,4,5]\nprint(len(data))\n# Output:\n5",Data Analytics,Python Fundamentals,3
DA_0600,Which Excel function returns the largest value in a range?,MIN,MAX,COUNT,SUM,B,Data Analytics,Excel Fundamentals,9
DA_0601,What does VLOOKUP primarily do in Excel?,Create chart,Lookup values vertically,Filter rows,Sort columns,B,Data Analytics,Excel Fundamentals,5
DA_0602,What is the variance of a dataset used to measure?,Central tendency,Data spread,Frequency,Percentage,B,Data Analytics,Mathematical & Statistical Foundations,8
DA_0603,Which Python statement is used to handle exceptions?,if,try,while,for,B,Data Analytics,Python Fundamentals,5
DA_0604,Which Excel function counts numeric cells in a range?,SUM,AVERAGE,COUNT,MAX,C,Data Analytics,Excel Fundamentals,2
DA_0605,Which of the following best describes an 'event' in probability?,A mathematical formula,Any outcome from the sample space,A subset of the sample space,The probability value,C,Data Analytics,Mathematical & Statistical Foundations,0
DA_0606,"If P(A) = 0.6, what is P(A complement)?",0.6,1.6,0.4,0,C,Data Analytics,Mathematical & Statistical Foundations,10
DA_0607,The range of a dataset is defined as:,Max - Min,Mean - Median,Max / Min,Sum of all values,A,Data Analytics,Mathematical & Statistical Foundations,9
DA_0608,Which statistical term describes the middle 50% of data?,Variance,Interquartile Range,Standard Deviation,Mean,B,Data Analytics,Mathematical & Statistical Foundations,9
DA_0609,A percentile measures:,The mean of the dataset,The value below which a given percentage of observations fall,The standard deviation,The mode,B,Data Analytics,Mathematical & Statistical Foundations,4
DA_0610,The 25th percentile is also called:,Q2,Q3,Q1,Median,C,Data Analytics,Mathematical & Statistical Foundations,9
DA_0611,Which of the following is a measure of dispersion?,Mode,Mean,Variance,Median,C,Data Analytics,Mathematical & Statistical Foundations,9
DA_0612,What does 'mutually exclusive' mean in probability?,Events that must both occur,Events that cannot occur simultaneously,Events that always occur together,Events with equal probability,B,Data Analytics,Mathematical & Statistical Foundations,2
DA_0613,"In a standard normal distribution, mean = 0 and standard deviation = ?",0,2,TRUE,0.5,C,Data Analytics,Mathematical & Statistical Foundations,7
DA_0614,Which formula computes the probability of event A given B using Bayes' theorem?,P(A) Ã— P(B),P(A âˆ© B) / P(A),P(B|A) Ã— P(A) / P(B),P(A) + P(B),C,Data Analytics,Mathematical & Statistical Foundations,9
DA_0615,What is the output of: print(bool([]))?,1,0,,[],B,Data Analytics,Python Fundamentals,0
DA_0616,What is the output of: print(bool([0]))?,0,1,[0],,B,Data Analytics,Python Fundamentals,10
DA_0617,Which Python method returns all items of a dictionary as a list of tuples?,keys(),values(),items(),pairs(),C,Data Analytics,Python Fundamentals,1
DA_0618,What is the output of: 'abc' * 3?,abc,abcabc,abcabcabc,Error,C,Data Analytics,Python Fundamentals,2
DA_0619,Which exception is raised when using an undefined variable?,ValueError,TypeError,NameError,AttributeError,C,Data Analytics,Python Fundamentals,2
DA_0620,What is the output of: print(10 > 5 > 3)?,1,0,Error,,A,Data Analytics,Python Fundamentals,7
DA_0621,What does `__init__` do in a Python class?,Destroys the object,Initializes the object when instantiated,Calls a parent class,Returns a value,B,Data Analytics,Python Fundamentals,4
DA_0622,Which built-in function returns the sum of an iterable?,total(),add(),sum(),plus(),C,Data Analytics,Python Fundamentals,7
DA_0623,"What is the output of: list(zip([1,2],[3,4]))?","[(1,3),(2,4)]","[1,2,3,4]","[[1,3],[2,4]]","(1,2,3,4)",A,Data Analytics,Python Fundamentals,10
DA_0624,Which loop iterates over key-value pairs in a dict?,for k in d:,"for k,v in d.items():",for v in d.values():,for item in d:,B,Data Analytics,Python Fundamentals,10
DA_0625,Which Excel function returns the current date?,NOW(),TODAY(),DATE(),CURRENTDATE(),B,Data Analytics,Excel Fundamentals,5
DA_0626,Which Excel function returns both current date and time?,TODAY(),DATE(),NOW(),TIMESTAMP(),C,Data Analytics,Excel,1
DA_0627,Which formula returns the number of characters in a cell?,COUNT(),LEN(),CHARS(),SIZE(),B,Data Analytics,Excel,10
DA_0628,What does the PROPER() function do in Excel?,Capitalizes only the first letter of text,Converts text to uppercase,Converts first letter of each word to uppercase,Removes spaces,C,Data Analytics,Excel,3
DA_0629,"What does =ROUND(3.567, 2) return?",3.5,3.56,3.57,4,C,Data Analytics,Excel,8
DA_0630,Which Excel error means a formula refers to an invalid cell?,,,,,C,Data Analytics,Excel,3
DA_0631,What does #DIV/0! error in Excel mean?,Formula references wrong range,Cell contains text instead of number,A number is being divided by zero,Lookup failed,C,Data Analytics,Excel,4
DA_0632,Which function in Excel converts text to a number?,TEXTVAL(),VALUE(),NUM(),TONUM(),B,Data Analytics,Excel,4
DA_0633,What does CONCATENATE() do in Excel?,Adds numbers,Joins text strings,Counts text cells,Splits text,B,Data Analytics,Excel,9
DA_0634,What does the CHOOSE function do in Excel?,Selects a range,Returns a value from a list based on an index,Sorts choices,Filters a range,B,Data Analytics,Excel,7
DA_0635,Write a single Excel formula that extracts the first 4 characters from the text in cell A1.,,,,,ques,Data Analytics,Excel,5
DA_0636,Write a single Excel formula that extracts the last 3 characters from the text in cell A1.,,,,,_id,Data Analytics,Excel,9
DA_0637,Write a single Excel formula that returns the number of characters in the text contained in cell A1.,,,,,11,Data Analytics,Excel,6
DA_0638,Write a single Excel formula that joins the first name in A1 and last name in B1 with a space in between.,,,,,question_id question,Data Analytics,Excel,5
DA_0639,"Write a single Excel formula that removes extra leading, trailing, and repeated spaces from the text in cell A1.",,,,,question_id,Data Analytics,Excel,4
DA_0640,Write a single Excel formula that capitalizes the first letter of every word in the text in cell A1.,,,,,Question_Id,Data Analytics,Excel,4
DA_0641,Write a single Excel formula in cell B1 that returns today's date automatically whenever the sheet is opened.,,,,,46196,Data Analytics,Excel,2
DA_0642,Write a single Excel formula that extracts just the year from a date stored in cell A1.,,,,,,Data Analytics,Excel,6
DA_0643,Write a single Excel formula that extracts just the month number from a date stored in cell A1.,,,,,,Data Analytics,Excel,9
DA_0644,Write a single Excel formula that calculates the number of days between the dates in cell A1 (start date) and cell B1 (end date).,,,,,,Data Analytics,Excel,4
DA_0645,Write a single Excel formula that adds 30 days to the date in cell A1 to find a due date.,,,,,,Data Analytics,Excel,6
DA_0646,Write a single Excel formula that replaces the text 'Sales' with 'Revenue' in cell A1.,,,,,question_id,Data Analytics,Excel,1
DA_0647,Write a single Excel formula that returns the position (character number) where the letter 'a' first appears in the text in cell A1.,,,,,,Data Analytics,Excel,8
DA_0648,Write a single Excel formula that extracts 5 characters starting from the 3rd character of the text in cell A1.,,,,,estio,Data Analytics,Excel,7
DA_0649,Write a single Excel formula that converts a text value stored in cell A1 (e.g. '250') into an actual number.,,,,,,Data Analytics,Excel,4
DA_0650,Write a single Excel formula that displays the date in cell A1 formatted as 'DD-MMM-YYYY' (e.g. 21-Jun-2026).,,,,,question_id,Data Analytics,Excel,1
DA_0651,Write a single Excel formula that returns the day of the week name (e.g. Monday) for the date in cell A1.,,,,,question_id,Data Analytics,Excel,5
DA_0652,Write a single Excel formula that calculates a person's current age in completed years from their birth date in cell A1.,,,,,,Data Analytics,Excel,7
DA_0653,Write a single Excel formula that returns the last day of the current month based on the date in cell A1.,,,,,,Data Analytics,Excel,6
DA_0654,Write a single Excel formula that returns a date exactly 3 months after the date in cell A1.,,,,,,Data Analytics,Excel,7
DA_0655,"Write a single Excel formula that joins the values from cells A1, A2, and A3 into one cell separated by commas, ignoring any empty cells.",,,,,"question_id,DA_0001,DA_0002",Data Analytics,Excel,3
DA_0656,Write a single Excel formula that counts the number of working days (excluding weekends) between the dates in A1 and B1.,,,,,,Data Analytics,Excel,2
DA_0657,Write a single Excel formula that checks whether the text in cell A1 contains the word 'Urgent' and returns TRUE or FALSE.,,,,,FALSE,Data Analytics,Excel,6
DA_0658,Write a single Excel formula that converts the date in cell A1 into a serial number representing the day of the week (1 for Sunday through 7 for Saturday).,,,,,,Data Analytics,Excel,1
DA_0659,Write a single Excel formula that trims spaces and converts the cleaned text in cell A1 to lowercase in one step.,,,,,question_id,Data Analytics,Excel,4
DA_0660,"Write a single Excel formula that displays 'Yes' if the value in cell A1 is greater than 100, and 'No' otherwise.",,,,,Yes,Data Analytics,Excel,6
DA_0661,Write a single Excel formula that extracts only the first word from a full name stored in cell A1 (assume words are separated by a single space).,,,,,,Data Analytics,Excel,0
DA_0662,Write a single Excel formula that returns the quarter number (1-4) for the date in cell A1.,,,,,,Data Analytics,Excel,3
DA_0663,Write a single Excel formula that combines a date in cell A1 and a label so the result reads like 'Report Date: 21-Jun-2026'.,,,,,Report Date: question_id,Data Analytics,Excel,1
DA_0664,Which Excel function rounds a number down to the nearest integer?,ROUND(),CEILING(),FLOOR(),INT(),D,Data Analytics,Excel,5
DA_0665,"What does =COUNTIF(A1:A10, 'Apple') count?",Cells with value Apple,All non-empty cells,Cells with number equal to Apple,Sum of cells named Apple,A,Data Analytics,Excel,0
DA_0666,Which of these best defines skewness?,Measure of average,Measure of spread,Measure of asymmetry in distribution,Measure of central tendency,C,Data Analytics,Mathematical & Statistical Foundations,6
DA_0667,A positive skew means the distribution has:,A longer tail on the left,A longer tail on the right,No tail,Equal tails,B,Data Analytics,Mathematical & Statistical Foundations,2
DA_0668,Q3 - Q1 is called:,Variance,Range,Interquartile Range,Mean Deviation,C,Data Analytics,Mathematical & Statistical Foundations,0
DA_0669,Which probability describes the probability of event A given B?,Marginal probability,Joint probability,Conditional probability,Classical probability,C,Data Analytics,Mathematical & Statistical Foundations,7
DA_0670,Which measure compares variability of two datasets with different units?,Standard Deviation,Variance,Coefficient of Variation,Range,C,Data Analytics,Mathematical & Statistical Foundations,6
DA_0671,What is a Python decorator?,A comment,A class method,A function that wraps another function,A type annotation,C,Data Analytics,Python Fundamentals,1
DA_0672,Which module provides the Counter class in Python?,itertools,functools,collections,statistics,C,Data Analytics,Python Fundamentals,6
DA_0673,What does `assert x > 0` do?,Prints x,Raises AssertionError if x <= 0,Returns True/False,Deletes x,B,Data Analytics,Python Fundamentals,2
DA_0674,"What is the output of: sorted({'b':2, 'a':1, 'c':3})?","['b','a','c']","['a','b','c']","{a:1,b:2,c:3}","[1,2,3]",B,Data Analytics,Python Fundamentals,8
DA_0675,What does the walrus operator (:=) do in Python?,Assigns and uses a value in the same expression,Compares two values,Divides values,Creates a dictionary,A,Data Analytics,Python Fundamentals,7
DA_0676,What does the Excel formula =PROPER('data analytics') return?,DATA ANALYTICS,data analytics,Data Analytics,Data analytics,C,Data Analytics,Excel,4
DA_0677,Which Excel function finds the position of a substring within a text string?,POSITION(),SEARCH(),LOCATE(),FIND(),D,Data Analytics,Excel,6
DA_0678,Which keyword is used to define a function in Python?,func,define,def,lambda,C,Data Analytics,Python Fundamentals,2
DA_0679,Which Excel function calculates the average of values?,SUM,COUNT,AVERAGE,MAX,C,Data Analytics,Excel,0
DA_0680,Which measure of central tendency is least affected by outliers?,Mean,Median,Variance,Standard Deviation,B,Data Analytics,Mathematical & Statistical Foundations,0
DA_0681,Write Python code to calculate the mean of a list.,,,,,"data = [10, 20, 30, 40]

mean = sum(data) / len(data)
print(mean)

# Output:
# 25.0",Data Analytics,Mathematical & Statistical Foundations,10
DA_0682,Which measure of central tendency is least affected by outliers?,Mean,Median,Variance,Standard Deviation,B,Data Analytics,Mathematical & Statistical Foundations,1
DA_0683,Which keyword is used to define a function in Python?,func,define,def,lambda,C,Data Analytics,Python Fundamentals,7
DA_0684,Which Excel function calculates the average of values?,SUM,COUNT,AVERAGE,MAX,C,Data Analytics,Excel Fundamentals,0
DA_0685,Which keyword is used to define a function in Python?,func,define,def,lambda,C,Data Analytics,Python Fundamentals,10
DA_0686,Write a Python function to calculate the square of a number.,,,,,"def square(n):
    return n * n

print(square(5))

# Output:
# 25",Data Analytics,Python Fundamentals,4
DA_0687,Which Python data type is mutable?,Tuple,String,List,Integer,C,Data Analytics,Python Fundamentals,8
DA_0688,Which Excel function calculates the average of values?,SUM,COUNT,AVERAGE,MAX,C,Data Analytics,Excel Fundamentals,8
DA_0689,What does VLOOKUP do?,Creates charts,Looks up values vertically,Sorts data,Filters rows,B,Data Analytics,Excel Fundamentals,1
DA_0690,What does standard deviation measure?,Central tendency,Spread of data,Probability,Frequency,B,Data Analytics,Mathematical & Statistical Foundations,6
DA_0691,Write a Python function to calculate the square of a number.,,,,,"def square(n):
    return n * n

print(square(5))

# Output:
# 25",Data Analytics,Python Fundamentals,10
DA_0692,Which measure of central tendency is least affected by outliers?,Mean,Median,Variance,Standard Deviation,B,Data Analytics,Mathematical & Statistical Foundations,0
DA_0693,Which measure of central tendency is least affected by outliers?,Mean,Median,Variance,Standard Deviation,B,Data Analytics,Mathematical & Statistical Foundations,2
DA_0694,What does VLOOKUP do?,Creates charts,Looks up values vertically,Sorts data,Filters rows,B,Data Analytics,Excel Fundamentals,5
DA_0695,Which measure of central tendency is least affected by outliers?,Mean,Median,Variance,Standard Deviation,B,Data Analytics,Mathematical & Statistical Foundations,8
DA_0696,Write Python code to calculate the mean of a list.,,,,,"data = [10, 20, 30, 40]

mean = sum(data) / len(data)
print(mean)

# Output:
# 25.0",Data Analytics,Mathematical & Statistical Foundations,9
DA_0697,Which Excel function calculates the average of values?,SUM,COUNT,AVERAGE,MAX,C,Data Analytics,Excel Fundamentals,1
DA_0698,What does standard deviation measure?,Central tendency,Spread of data,Probability,Frequency,B,Data Analytics,Mathematical & Statistical Foundations,6
DA_0699,Which measure of central tendency is least affected by outliers?,Mean,Median,Variance,Standard Deviation,B,Data Analytics,Mathematical & Statistical Foundations,3
DA_0700,Which keyword is used to define a function in Python?,func,define,def,lambda,C,Data Analytics,Python Fundamentals,1
DA_0701,Write a Python function to calculate the square of a number.,,,,,"def square(n):
    return n * n

print(square(5))

# Output:
# 25",Data Analytics,Python Fundamentals,2
DA_0702,Which measure of central tendency is least affected by outliers?,Mean,Median,Variance,Standard Deviation,B,Data Analytics,Mathematical & Statistical Foundations,5
DA_0703,Which keyword is used to define a function in Python?,func,define,def,lambda,C,Data Analytics,Python Fundamentals,9
DA_0704,Which Excel function calculates the average of values?,SUM,COUNT,AVERAGE,MAX,C,Data Analytics,Excel Fundamentals,8
DA_0705,Which keyword is used to define a function in Python?,func,define,def,lambda,C,Data Analytics,Python Fundamentals,7
DA_0706,Write Python code to calculate the mean of a list.,,,,,"data = [10, 20, 30, 40]

mean = sum(data) / len(data)
print(mean)

# Output:
# 25.0",Data Analytics,Mathematical & Statistical Foundations,9
DA_0707,What does VLOOKUP do?,Creates charts,Looks up values vertically,Sorts data,Filters rows,B,Data Analytics,Excel Fundamentals,10
DA_0708,Which measure of central tendency is least affected by outliers?,Mean,Median,Variance,Standard Deviation,B,Data Analytics,Mathematical & Statistical Foundations,8
DA_0709,Which keyword is used to define a function in Python?,func,define,def,lambda,C,Data Analytics,Python Fundamentals,3
DA_0710,What does VLOOKUP do?,Creates charts,Looks up values vertically,Sorts data,Filters rows,B,Data Analytics,Excel Fundamentals,3
DA_0711,Write a Python function to calculate the square of a number.,,,,,"def square(n):
    return n * n

print(square(5))

# Output:
# 25",Data Analytics,Python Fundamentals,8
DA_0712,Which Python data type is mutable?,Tuple,String,List,Integer,C,Data Analytics,Python Fundamentals,7
DA_0713,What does VLOOKUP do?,Creates charts,Looks up values vertically,Sorts data,Filters rows,B,Data Analytics,Excel Fundamentals,1
DA_0714,Which Excel function calculates the average of values?,SUM,COUNT,AVERAGE,MAX,C,Data Analytics,Excel Fundamentals,7
DA_0715,Which measure of central tendency is least affected by outliers?,Mean,Median,Variance,Standard Deviation,B,Data Analytics,Mathematical & Statistical Foundations,0
DA_0716,Write Python code to calculate the mean of a list.,,,,,"data = [10, 20, 30, 40]

mean = sum(data) / len(data)
print(mean)

# Output:
# 25.0",Data Analytics,Mathematical & Statistical Foundations,8
DA_0717,What does standard deviation measure?,Central tendency,Spread of data,Probability,Frequency,B,Data Analytics,Mathematical & Statistical Foundations,8
DA_0718,What does VLOOKUP do?,Creates charts,Looks up values vertically,Sorts data,Filters rows,B,Data Analytics,Excel Fundamentals,7
DA_0719,What does VLOOKUP do?,Creates charts,Looks up values vertically,Sorts data,Filters rows,B,Data Analytics,Excel Fundamentals,10
DA_0720,What does standard deviation measure?,Central tendency,Spread of data,Probability,Frequency,B,Data Analytics,Mathematical & Statistical Foundations,4
DA_0721,Write Python code to calculate the mean of a list.,,,,,"data = [10, 20, 30, 40]

mean = sum(data) / len(data)
print(mean)

# Output:
# 25.0",Data Analytics,Mathematical & Statistical Foundations,4
DA_0722,What does VLOOKUP do?,Creates charts,Looks up values vertically,Sorts data,Filters rows,B,Data Analytics,Excel Fundamentals,2
DA_0723,Which Excel function calculates the average of values?,SUM,COUNT,AVERAGE,MAX,C,Data Analytics,Excel Fundamentals,4
DA_0724,What does VLOOKUP do?,Creates charts,Looks up values vertically,Sorts data,Filters rows,B,Data Analytics,Excel Fundamentals,3
DA_0725,Which Python data type is mutable?,Tuple,String,List,Integer,C,Data Analytics,Python Fundamentals,0
DA_0726,Write a Python function to calculate the square of a number.,,,,,"def square(n):
    return n * n

print(square(5))

# Output:
# 25",Data Analytics,Python Fundamentals,8
DA_0727,Which Excel function calculates the average of values?,SUM,COUNT,AVERAGE,MAX,C,Data Analytics,Excel Fundamentals,9
DA_0728,Which measure of central tendency is least affected by outliers?,Mean,Median,Variance,Standard Deviation,B,Data Analytics,Mathematical & Statistical Foundations,3
DA_0729,Which Excel function calculates the average of values?,SUM,COUNT,AVERAGE,MAX,C,Data Analytics,Excel Fundamentals,2
DA_0730,Which Python data type is mutable?,Tuple,String,List,Integer,C,Data Analytics,Python Fundamentals,5
DA_0731,Write Python code to calculate the mean of a list.,,,,,"data = [10, 20, 30, 40]

mean = sum(data) / len(data)
print(mean)

# Output:
# 25.0",Data Analytics,Mathematical & Statistical Foundations,0
DA_0732,Which Excel function calculates the average of values?,SUM,COUNT,AVERAGE,MAX,C,Data Analytics,Excel Fundamentals,4
DA_0733,What does VLOOKUP do?,Creates charts,Looks up values vertically,Sorts data,Filters rows,B,Data Analytics,Excel Fundamentals,6
DA_0734,Which keyword is used to define a function in Python?,func,define,def,lambda,C,Data Analytics,Python Fundamentals,1
DA_0735,What does VLOOKUP do?,Creates charts,Looks up values vertically,Sorts data,Filters rows,B,Data Analytics,Excel Fundamentals,9
DA_0736,Write Python code to calculate the mean of a list.,,,,,"data = [10, 20, 30, 40]

mean = sum(data) / len(data)
print(mean)

# Output:
# 25.0",Data Analytics,Mathematical & Statistical Foundations,8
DA_0737,Which Python data type is mutable?,Tuple,String,List,Integer,C,Data Analytics,Python Fundamentals,5
DA_0738,Which keyword is used to define a function in Python?,func,define,def,lambda,C,Data Analytics,Python Fundamentals,1
DA_0739,Which measure of central tendency is least affected by outliers?,Mean,Median,Variance,Standard Deviation,B,Data Analytics,Mathematical & Statistical Foundations,7
DA_0740,What does VLOOKUP do?,Creates charts,Looks up values vertically,Sorts data,Filters rows,B,Data Analytics,Excel Fundamentals,7
DA_0741,Write a Python function to calculate the square of a number.,,,,,"def square(n):
    return n * n

print(square(5))

# Output:
# 25",Data Analytics,Python Fundamentals,0
DA_0742,What does VLOOKUP do?,Creates charts,Looks up values vertically,Sorts data,Filters rows,B,Data Analytics,Excel Fundamentals,0
DA_0743,Which Python data type is mutable?,Tuple,String,List,Integer,C,Data Analytics,Python Fundamentals,0
DA_0744,Which measure of central tendency is least affected by outliers?,Mean,Median,Variance,Standard Deviation,B,Data Analytics,Mathematical & Statistical Foundations,3
DA_0745,Which Python data type is mutable?,Tuple,String,List,Integer,C,Data Analytics,Python Fundamentals,3
DA_0746,Write a Python function to calculate the square of a number.,,,,,"def square(n):
    return n * n

print(square(5))

# Output:
# 25",Data Analytics,Python Fundamentals,7
DA_0747,Which keyword is used to define a function in Python?,func,define,def,lambda,C,Data Analytics,Python Fundamentals,0
DA_0748,Which keyword is used to define a function in Python?,func,define,def,lambda,C,Data Analytics,Python Fundamentals,9
DA_0749,Which measure of central tendency is least affected by outliers?,Mean,Median,Variance,Standard Deviation,B,Data Analytics,Mathematical & Statistical Foundations,2
DA_0750,Which Excel function calculates the average of values?,SUM,COUNT,AVERAGE,MAX,C,Data Analytics,Excel Fundamentals,10
DA_0751,Write a Python function to calculate the square of a number.,,,,,"def square(n):
    return n * n

print(square(5))

# Output:
# 25",Data Analytics,Python Fundamentals,0
DA_0752,Which Excel function calculates the average of values?,SUM,COUNT,AVERAGE,MAX,C,Data Analytics,Excel Fundamentals,8
DA_0753,What does standard deviation measure?,Central tendency,Spread of data,Probability,Frequency,B,Data Analytics,Mathematical & Statistical Foundations,9
DA_0754,Which Python data type is mutable?,Tuple,String,List,Integer,C,Data Analytics,Python Fundamentals,8
DA_0755,Which Excel function calculates the average of values?,SUM,COUNT,AVERAGE,MAX,C,Data Analytics,Excel Fundamentals,6
DA_0756,Write a Python function to calculate the square of a number.,,,,,"def square(n):
    return n * n

print(square(5))

# Output:
# 25",Data Analytics,Python Fundamentals,7
DA_0757,Which keyword is used to define a function in Python?,func,define,def,lambda,C,Data Analytics,Python Fundamentals,0
DA_0758,What does VLOOKUP do?,Creates charts,Looks up values vertically,Sorts data,Filters rows,B,Data Analytics,Excel Fundamentals,4
DA_0759,Which Python data type is mutable?,Tuple,String,List,Integer,C,Data Analytics,Python Fundamentals,1
DA_0760,What does VLOOKUP do?,Creates charts,Looks up values vertically,Sorts data,Filters rows,B,Data Analytics,Excel Fundamentals,0
DA_0761,Write Python code to calculate the mean of a list.,,,,,"data = [10, 20, 30, 40]

mean = sum(data) / len(data)
print(mean)

# Output:
# 25.0",Data Analytics,Mathematical & Statistical Foundations,2
DA_0762,What does standard deviation measure?,Central tendency,Spread of data,Probability,Frequency,B,Data Analytics,Mathematical & Statistical Foundations,6
DA_0763,What does standard deviation measure?,Central tendency,Spread of data,Probability,Frequency,B,Data Analytics,Mathematical & Statistical Foundations,0
DA_0764,Which Python data type is mutable?,Tuple,String,List,Integer,C,Data Analytics,Python Fundamentals,10
DA_0765,Which Excel function calculates the average of values?,SUM,COUNT,AVERAGE,MAX,C,Data Analytics,Excel Fundamentals,1
DA_0766,Write Python code to calculate the mean of a list.,,,,,"data = [10, 20, 30, 40]

mean = sum(data) / len(data)
print(mean)

# Output:
# 25.0",Data Analytics,Mathematical & Statistical Foundations,1
DA_0767,Which keyword is used to define a function in Python?,func,define,def,lambda,C,Data Analytics,Python Fundamentals,3
DA_0768,What does standard deviation measure?,Central tendency,Spread of data,Probability,Frequency,B,Data Analytics,Mathematical & Statistical Foundations,2
DA_0769,What does standard deviation measure?,Central tendency,Spread of data,Probability,Frequency,B,Data Analytics,Mathematical & Statistical Foundations,2
DA_0770,What does VLOOKUP do?,Creates charts,Looks up values vertically,Sorts data,Filters rows,B,Data Analytics,Excel Fundamentals,9
DA_0771,Write Python code to calculate the mean of a list.,,,,,"data = [10, 20, 30, 40]

mean = sum(data) / len(data)
print(mean)

# Output:
# 25.0",Data Analytics,Mathematical & Statistical Foundations,4
DA_0772,What does standard deviation measure?,Central tendency,Spread of data,Probability,Frequency,B,Data Analytics,Mathematical & Statistical Foundations,2
DA_0773,Which Python data type is mutable?,Tuple,String,List,Integer,C,Data Analytics,Python Fundamentals,10
DA_0774,What does standard deviation measure?,Central tendency,Spread of data,Probability,Frequency,B,Data Analytics,Mathematical & Statistical Foundations,6
DA_0775,Which Excel function calculates the average of values?,SUM,COUNT,AVERAGE,MAX,C,Data Analytics,Excel Fundamentals,4
DA_0776,Write Python code to calculate the mean of a list.,,,,,"data = [10, 20, 30, 40]

mean = sum(data) / len(data)
print(mean)

# Output:
# 25.0",Data Analytics,Mathematical & Statistical Foundations,3
DA_0777,Which Python data type is mutable?,Tuple,String,List,Integer,C,Data Analytics,Python Fundamentals,2
DA_0778,What does VLOOKUP do?,Creates charts,Looks up values vertically,Sorts data,Filters rows,B,Data Analytics,Excel Fundamentals,3
DA_0779,Which keyword is used to define a function in Python?,func,define,def,lambda,C,Data Analytics,Python Fundamentals,1
DA_0780,Which keyword is used to define a function in Python?,func,define,def,lambda,C,Data Analytics,Python Fundamentals,0
DA_0781,Write Python code to calculate the mean of a list.,,,,,"data = [10, 20, 30, 40]

mean = sum(data) / len(data)
print(mean)

# Output:
# 25.0",Data Analytics,Mathematical & Statistical Foundations,2
DA_0782,What does standard deviation measure?,Central tendency,Spread of data,Probability,Frequency,B,Data Analytics,Mathematical & Statistical Foundations,10
DA_0783,What does VLOOKUP do?,Creates charts,Looks up values vertically,Sorts data,Filters rows,B,Data Analytics,Excel Fundamentals,1
DA_0784,Which keyword is used to define a function in Python?,func,define,def,lambda,C,Data Analytics,Python Fundamentals,0
DA_0785,Which measure of central tendency is least affected by outliers?,Mean,Median,Variance,Standard Deviation,B,Data Analytics,Mathematical & Statistical Foundations,0
DA_0786,Write a Python function to calculate the square of a number.,,,,,"def square(n):
    return n * n

print(square(5))

# Output:
# 25",Data Analytics,Python Fundamentals,1
DA_0787,Which keyword is used to define a function in Python?,func,define,def,lambda,C,Data Analytics,Python Fundamentals,8
DA_0788,Which Python data type is mutable?,Tuple,String,List,Integer,C,Data Analytics,Python Fundamentals,4
DA_0789,What does VLOOKUP do?,Creates charts,Looks up values vertically,Sorts data,Filters rows,B,Data Analytics,Excel Fundamentals,8
DA_0790,Which Excel function calculates the average of values?,SUM,COUNT,AVERAGE,MAX,C,Data Analytics,Excel Fundamentals,7
DA_0791,Write a Python function to calculate the square of a number.,,,,,"def square(n):
    return n * n

print(square(5))

# Output:
# 25",Data Analytics,Python Fundamentals,10
DA_0792,Which measure of central tendency is least affected by outliers?,Mean,Median,Variance,Standard Deviation,B,Data Analytics,Mathematical & Statistical Foundations,5
DA_0793,Which Excel function calculates the average of values?,SUM,COUNT,AVERAGE,MAX,C,Data Analytics,Excel Fundamentals,0
DA_0794,Which measure of central tendency is least affected by outliers?,Mean,Median,Variance,Standard Deviation,B,Data Analytics,Mathematical & Statistical Foundations,9
DA_0795,Which Excel function calculates the average of values?,SUM,COUNT,AVERAGE,MAX,C,Data Analytics,Excel Fundamentals,4
DA_0796,Write a Python function to calculate the square of a number.,,,,,"def square(n):
    return n * n

print(square(5))

# Output:
# 25",Data Analytics,Python Fundamentals,0
DA_0797,What does VLOOKUP do?,Creates charts,Looks up values vertically,Sorts data,Filters rows,B,Data Analytics,Excel Fundamentals,6
DA_0798,What does standard deviation measure?,Central tendency,Spread of data,Probability,Frequency,B,Data Analytics,Mathematical & Statistical Foundations,9
DA_0799,Which keyword is used to define a function in Python?,func,define,def,lambda,C,Data Analytics,Python Fundamentals,10
DA_0800,Which Python data type is mutable?,Tuple,String,List,Integer,C,Data Analytics,Python Fundamentals,7
DA_0801,What does NumPy stand for?,Numerical Python,Numeric Processor,New Python,Number Utility,A,Data Analytics,NumPy,17
DA_0802,Which NumPy function creates a 1D array from a Python list?,np.matrix(),np.array(),np.list(),np.vector(),B,Data Analytics,NumPy,12
DA_0803,What is the data type of elements in a NumPy array called?,dtype,kind,type,format,A,Data Analytics,NumPy,15
DA_0804,Which attribute returns the number of dimensions of a NumPy array?,np.size,np.shape,np.ndim,np.dim,C,Data Analytics,NumPy,14
DA_0805,"What does np.zeros((3,3)) create?",A 3x3 array of ones,A 3x3 identity matrix,A 3x3 array of zeros,A 3x3 random array,C,Data Analytics,NumPy,15
DA_0806,Which function creates a NumPy array of evenly spaced values over a specified interval?,np.arange(),np.linspace(),np.space(),np.range(),B,Data Analytics,NumPy,20
DA_0807,"What is the output of np.array([1,2,3]).shape?","(1,3)","(3,)","(3,1)","(1,)",B,Data Analytics,NumPy,19
DA_0808,Which NumPy attribute returns the total number of elements in an array?,np.ndim,np.shape,np.length,np.size,D,Data Analytics,NumPy,25
DA_0809,"What does np.ones((2,4)) produce?",A 2x4 array of zeros,A 2x4 array of ones,A 4x2 identity matrix,A 2x4 array of random numbers,B,Data Analytics,NumPy,14
DA_0810,"Which of the following correctly creates a NumPy array with values [0,1,2,3,4]?",np.array(range(5)),np.zeros(5),np.ones(5),"np.linspace(0,4,4)",A,Data Analytics,NumPy,25
DA_0811,What does np.eye(4) create?,A 4x4 array of ones,A 4x4 identity matrix,A 4x4 zero matrix,A 4-element array,B,Data Analytics,NumPy,25
DA_0812,Which function generates random integers in NumPy?,np.random.rand(),np.random.randn(),np.random.randint(),np.random.choice(),C,Data Analytics,NumPy,22
DA_0813,"What does np.arange(2, 10, 2) return?","[2,4,6,8,10]","[2,4,6,8]","[2,3,4,5,6,7,8,9]","[0,2,4,6,8]",B,Data Analytics,NumPy,18
DA_0814,Which function creates an uninitialized NumPy array?,np.zeros(),np.empty(),np.void(),np.blank(),B,Data Analytics,NumPy,18
DA_0815,"What does np.full((2,2), 7) create?",A 2x2 array of 7s,A 2x2 array of 0s,A 2x2 array of 1s,A 7x7 zero array,A,Data Analytics,NumPy,12
DA_0816,Which parameter in np.linspace() specifies the number of points?,step,num,count,size,B,Data Analytics,NumPy,24
DA_0817,"What is the default dtype when creating np.array([1.0, 2.0, 3.0])?",int32,float64,complex128,object,B,Data Analytics,NumPy,16
DA_0818,How do you create a NumPy array from a Python range object?,np.from_range(range(5)),np.array(range(5)),np.convert(range(5)),np.make(range(5)),B,Data Analytics,NumPy,15
DA_0819,"What does np.diag([1,2,3]) produce?","A 1D array [1,2,3]",A 3x3 diagonal matrix,A 3x3 zero matrix,A 3-element identity array,B,Data Analytics,NumPy,12
DA_0820,Which method creates a copy of a NumPy array?,np.clone(),array.copy(),np.duplicate(),array.clone(),B,Data Analytics,NumPy,22
DA_0821,"Given arr = np.array([10,20,30,40,50]), what is arr[2]?",10,20,30,40,C,Data Analytics,NumPy,20
DA_0822,"What does arr[-1] return for arr = np.array([1,2,3,4,5])?",1,3,4,5,D,Data Analytics,NumPy,14
DA_0823,"For a 2D array A, what does A[1, 2] access?","Row 2, Column 1","Row 1, Column 2","Row 2, Column 3","Row 3, Column 2",B,Data Analytics,NumPy,17
DA_0824,"What does arr[1:4] return for arr = np.array([10,20,30,40,50])?","[10,20,30]","[20,30,40]","[20,30,40,50]","[10,20,30,40]",B,Data Analytics,NumPy,23
DA_0825,"What does arr[::2] do to arr = np.array([0,1,2,3,4,5])?",Returns every element,"Returns [0,2,4]","Returns [1,3,5]","Returns [0,1,2]",B,Data Analytics,NumPy,11
DA_0826,"For a 2D array A of shape (3,4), what does A[:, 2] return?",The third row,The second row,The third column,The second column,C,Data Analytics,NumPy,25
DA_0827,What is boolean indexing in NumPy?,Using integer indices to select elements,Using True/False array to filter elements,Using negative indices,Using slices only,B,Data Analytics,NumPy,19
DA_0828,"For arr = np.array([5,10,15,20]), what does arr[arr > 10] return?","[5,10]","[15,20]","[10,15,20]","[5,10,15]",B,Data Analytics,NumPy,20
DA_0829,What does arr[::-1] do to a NumPy array?,Doubles all elements,Reverses the array,Sorts descending,Removes last element,B,Data Analytics,NumPy,22
DA_0830,"Given A = np.array([[1,2],[3,4]]), what is A[0][1]?",1,2,3,4,B,Data Analytics,NumPy,11
DA_0831,"What does np.sqrt(np.array([4,9,16])) return?","[1,2,3]","[2,3,4]","[4,9,16]","[8,18,32]",B,Data Analytics,NumPy,25
DA_0832,Which NumPy function computes the element-wise exponential?,np.pow(),np.exp(),np.log(),np.e(),B,Data Analytics,NumPy,22
DA_0833,"What is the result of np.add(np.array([1,2,3]), np.array([4,5,6]))?","[5,7,9]","[4,10,18]","[1,4,9]","[5,6,7]",A,Data Analytics,NumPy,15
DA_0834,"What does np.dot(np.array([1,2]), np.array([3,4])) compute?",6,11,14,10,B,Data Analytics,NumPy,17
DA_0835,Which function computes the natural logarithm element-wise?,np.log2(),np.log10(),np.log(),np.ln(),C,Data Analytics,NumPy,18
DA_0836,"What does np.abs(np.array([-3, -1, 2])) return?","[-3,-1,2]","[3,1,2]","[3,1,-2]","[9,1,4]",B,Data Analytics,NumPy,12
DA_0837,"What is the output of np.power(np.array([2,3,4]), 2)?","[2,3,4]","[4,6,8]","[4,9,16]","[8,27,64]",C,Data Analytics,NumPy,14
DA_0838,Which operation is element-wise multiplication in NumPy?,np.dot(),np.multiply(),np.cross(),np.matmul(),B,Data Analytics,NumPy,12
DA_0839,"What does np.mod(np.array([10,11,12]), 3) return?","[0,1,2]","[1,2,0]","[3,3,4]","[0,2,1]",B,Data Analytics,NumPy,14
DA_0840,"What does np.floor(np.array([1.7, 2.3, 3.9])) return?","[2,3,4]","[1,2,3]","[1.7,2.3,3.9]","[2,2,4]",B,Data Analytics,NumPy,25
DA_0841,"What does arr.reshape(2,3) do to a 1D array of 6 elements?",Creates a 3x2 matrix,Creates a 2x3 matrix,Flattens the array,Transposes the array,B,Data Analytics,NumPy,16
DA_0842,Which function flattens a multidimensional array to 1D?,np.flatten(),arr.ravel(),Both A and B,np.squeeze(),C,Data Analytics,NumPy,16
DA_0843,What does arr.T do to a 2D NumPy array?,Sorts the array,Transposes the array,Flattens it,Reshapes it to 1D,B,Data Analytics,NumPy,22
DA_0844,"What does np.expand_dims(arr, axis=0) do?",Removes a dimension,Adds a new axis at position 0,Transposes the array,Flattens the array,B,Data Analytics,NumPy,23
DA_0845,Which function stacks arrays vertically?,np.hstack(),np.vstack(),np.dstack(),np.stack(),B,Data Analytics,NumPy,12
DA_0846,"What does np.concatenate([a, b], axis=1) do?",Joins arrays along rows,Joins arrays along columns,Multiplies arrays,Subtracts arrays,B,Data Analytics,NumPy,21
DA_0847,"What is the result of np.array([1,2,3,4,5,6]).reshape(3,2)?","[[1,2,3],[4,5,6]]","[[1,2],[3,4],[5,6]]","[[1,4],[2,5],[3,6]]",Error,B,Data Analytics,NumPy,14
DA_0848,Which function splits a NumPy array into sub-arrays?,np.break(),np.split(),np.divide(),np.chunk(),B,Data Analytics,NumPy,14
DA_0849,What does np.squeeze() do?,Adds a new axis,Removes single-dimensional entries from shape,Flattens to 1D,Transposes,B,Data Analytics,NumPy,24
DA_0850,What does np.newaxis do in NumPy?,Creates a new array,Adds a new dimension,Removes a dimension,Resets index,B,Data Analytics,NumPy,11
DA_0851,What is broadcasting in NumPy?,Sending arrays over a network,Rules for operations on arrays of different shapes,Printing array values,Copying array data,B,Data Analytics,NumPy,25
DA_0852,"Can you add a (3,1) array to a (3,3) array using broadcasting?","No, shapes must match exactly","Yes, the (3,1) expands to (3,3)",Only if both are float,Only with np.broadcast(),B,Data Analytics,NumPy,24
DA_0853,"What is the result shape when broadcasting (1,3) with (3,1)?","(1,1)","(3,3)",Error,"(3,)",B,Data Analytics,NumPy,12
DA_0854,Which condition must shapes satisfy for broadcasting?,Must be identical,Trailing dimensions must be equal or one of them is 1,Must have same number of rows,Must be square,B,Data Analytics,NumPy,24
DA_0855,What happens when you add a scalar to a NumPy array?,Error,Only first element is added,Scalar is broadcast to all elements,Nothing happens,C,Data Analytics,NumPy,13
DA_0856,"Can arrays of shapes (4,) and (4,1) be broadcast?",No,"Yes, result shape is (4,4)","Yes, result shape is (4,)",Only for subtraction,B,Data Analytics,NumPy,23
DA_0857,"What is the output shape of np.ones((2,3)) + np.ones((3,))?","(2,3)","(3,3)",Error,"(2,)",A,Data Analytics,NumPy,25
DA_0858,Which of the following is NOT a valid broadcasting rule?,Arrays with size 1 expand to match the other,Arrays with same size are compatible,Arrays must have same dtype,Shapes are compared from trailing dimensions,C,Data Analytics,NumPy,21
DA_0859,What happens when broadcasting fails due to incompatible shapes?,Returns None,Raises a ValueError,Returns zeros array,Returns NaN array,B,Data Analytics,NumPy,15
DA_0860,"What is the output of np.array([1,2,3]) + 10?","[1,2,3]","[10,20,30]","[11,12,13]",Error,C,Data Analytics,NumPy,21
DA_0861,Which function computes the sum of all elements in a NumPy array?,np.total(),np.sum(),np.add(),np.aggregate(),B,Data Analytics,NumPy,18
DA_0862,What does np.mean(arr) compute?,Median,Mode,Arithmetic mean,Geometric mean,C,Data Analytics,NumPy,25
DA_0863,How do you compute the column-wise sum in a 2D array?,"np.sum(arr, axis=0)","np.sum(arr, axis=1)",np.sum(arr),np.colsum(arr),A,Data Analytics,NumPy,16
DA_0864,What does np.min(arr) return?,Index of minimum,Maximum value,Minimum value,Mean value,C,Data Analytics,NumPy,13
DA_0865,Which function returns the index of the maximum value in a NumPy array?,np.max(),np.argmax(),np.idxmax(),np.maxindex(),B,Data Analytics,NumPy,16
DA_0866,"What does np.cumsum(np.array([1,2,3,4])) return?","[1,2,3,4]","[1,3,6,10]","[10,9,7,4]","[2,4,6,8]",B,Data Analytics,NumPy,17
DA_0867,Which function computes the standard deviation of a NumPy array?,np.var(),np.std(),np.deviation(),np.sd(),B,Data Analytics,NumPy,16
DA_0868,"What does np.median(np.array([3,1,4,1,5])) return?",1,3,4,5,B,Data Analytics,NumPy,20
DA_0869,How do you get the maximum value of each row in a 2D array?,"np.max(arr, axis=0)","np.max(arr, axis=1)",np.rowmax(arr),np.max(arr),B,Data Analytics,NumPy,16
DA_0870,"What does np.prod(np.array([1,2,3,4])) return?",10,24,12,6,B,Data Analytics,NumPy,11
DA_0871,"Which function generates random floats in [0.0, 1.0)?",np.random.randn(),np.random.rand(),np.random.uniform(),np.random.sample(),B,Data Analytics,NumPy,13
DA_0872,What does np.random.seed(42) do?,Generates 42 random numbers,Sets reproducibility of random numbers,Resets the array,Shuffles the array,B,Data Analytics,NumPy,17
DA_0873,Which function samples from a standard normal distribution?,np.random.rand(),np.random.randint(),np.random.randn(),np.random.uniform(),C,Data Analytics,NumPy,14
DA_0874,"What does np.random.choice([1,2,3,4,5], size=3) do?",Sorts 3 elements,Randomly picks 3 elements,Repeats first 3 elements,Returns last 3 elements,B,Data Analytics,NumPy,22
DA_0875,Which NumPy function shuffles an array in-place?,np.random.shuffle(),np.random.permutation(),np.sort(),np.random.choice(),A,Data Analytics,NumPy,14
DA_0876,"What does np.random.uniform(low=0, high=10, size=5) generate?",5 integers from 0 to 10,5 floats from 0 to 10,5 booleans,5 zeros,B,Data Analytics,NumPy,17
DA_0877,Which function returns a random permutation of an array without modifying the original?,np.random.shuffle(),np.random.permutation(),np.random.choice(),np.random.sample(),B,Data Analytics,NumPy,19
DA_0878,"What does np.random.binomial(n=10, p=0.5, size=3) simulate?",Normal distribution samples,3 binomial experiment outcomes,3 random integers 0-10,3 uniform floats,B,Data Analytics,NumPy,24
DA_0879,Which NumPy function computes the matrix inverse?,np.linalg.det(),np.linalg.inv(),np.linalg.norm(),np.linalg.eig(),B,Data Analytics,NumPy,21
DA_0880,What does np.linalg.det() compute?,Eigenvalues,Matrix inverse,Matrix determinant,Matrix rank,C,Data Analytics,NumPy,23
DA_0881,"What is the result of np.matmul(np.eye(3), A) for any matrix A?",A transposed,A itself,Zero matrix,All ones matrix,B,Data Analytics,NumPy,23
DA_0882,Which function computes the eigenvalues of a matrix?,np.linalg.inv(),np.linalg.eig(),np.linalg.norm(),np.linalg.det(),B,Data Analytics,NumPy,25
DA_0883,What does np.linalg.norm(v) compute for a vector v?,Sum of elements,Euclidean norm (magnitude),Maximum element,Mean value,B,Data Analytics,NumPy,12
DA_0884,Which function solves a linear system Ax = b?,np.linalg.inv(),np.linalg.solve(),np.linalg.det(),np.dot(),B,Data Analytics,NumPy,19
DA_0885,What does np.linalg.rank(A) return?,Number of rows,Number of columns,Rank of the matrix,Determinant,C,Data Analytics,NumPy,13
DA_0886,"What does np.cross(a, b) compute for 3D vectors?",Dot product,Element-wise product,Cross product,Sum of vectors,C,Data Analytics,NumPy,16
DA_0887,"Write a Python program using NumPy to create a 1D array of integers from 1 to 10, then compute and print its sum, mean, and standard deviation.",,,,,"import numpy as np
 
 # Create 1D array from 1 to 10
 arr = np.arange(1, 11)
 print(""Array:"", arr)
 
 # Compute aggregations
 print(""Sum:"", np.sum(arr))
 print(""Mean:"", np.mean(arr))
 print(""Standard Deviation:"", np.std(arr))
 
 # Output:
 # Array: [ 1 2 3 4 5 6 7 8 9 10]
 # Sum: 55
 # Mean: 5.5
 # Standard Deviation: 2.8722813232690143",Data Analytics,NumPy,14
DA_0888,Write a Python program using NumPy to create a 3x3 matrix of zeros and set its diagonal elements to 1 (manually without np.eye).,,,,,"import numpy as np
 
 # Create 3x3 zero matrix
 matrix = np.zeros((3, 3))
 
 # Set diagonal elements to 1
 for i in range(3):
  matrix[i][i] = 1
 
 print(""Matrix:"")
 print(matrix)
 
 # Output:
 # Matrix:
 # [[1. 0. 0.]
 # [0. 1. 0.]
 # [0. 0. 1.]]",Data Analytics,NumPy,11
DA_0889,Write a Python program using NumPy to create two 2x2 matrices and perform element-wise multiplication and matrix multiplication.,,,,,"import numpy as np
 
 # Define two 2x2 matrices
 A = np.array([[1, 2], [3, 4]])
 B = np.array([[5, 6], [7, 8]])
 
 # Element-wise multiplication
 print(""Element-wise multiplication:"")
 print(A * B)
 
 # Matrix multiplication
 print(""Matrix multiplication:"")
 print(np.matmul(A, B))
 
 # Output:
 # Element-wise multiplication:
 # [[ 5 12]
 # [21 32]]
 # Matrix multiplication:
 # [[19 22]
 # [43 50]]",Data Analytics,NumPy,19
DA_0890,"Write a Python program using NumPy to generate an array of 20 random integers between 1 and 100, then find the maximum, minimum, and their indices.",,,,,"import numpy as np
 
 # Set seed for reproducibility
 np.random.seed(0)
 
 # Generate 20 random integers between 1 and 100
 arr = np.random.randint(1, 101, size=20)
 print(""Array:"", arr)
 
 # Find max and min
 print(""Max:"", np.max(arr), ""at index:"", np.argmax(arr))
 print(""Min:"", np.min(arr), ""at index:"", np.argmin(arr))
 
 # Output:
 # Array: [45 48 65 68 68 10 84 22 37 88 71 89 85 50 17 56 32 23 36 17]
 # Max: 89 at index: 11
 # Min: 10 at index: 5",Data Analytics,NumPy,21
DA_0891,Write a Python program using NumPy to reshape a 1D array of 12 elements into a 3x4 matrix and compute row-wise and column-wise sums.,,,,,"import numpy as np
 
 # Create 1D array with values 1 to 12
 arr = np.arange(1, 13)
 
 # Reshape to 3x4 matrix
 matrix = arr.reshape(3, 4)
 print(""Matrix:"")
 print(matrix)
 
 # Row-wise sum (axis=1)
 print(""Row-wise sum:"", np.sum(matrix, axis=1))
 
 # Column-wise sum (axis=0)
 print(""Column-wise sum:"", np.sum(matrix, axis=0))
 
 # Output:
 # Matrix:
 # [[ 1 2 3 4]
 # [ 5 6 7 8]
 # [ 9 10 11 12]]
 # Row-wise sum: [10 26 42]
 # Column-wise sum: [15 18 21 24]",Data Analytics,NumPy,25
DA_0892,Write a Python program using NumPy to demonstrate boolean indexing by filtering elements greater than 50 from a random array.,,,,,"import numpy as np
 
 # Set seed and create random array
 np.random.seed(5)
 arr = np.random.randint(10, 100, size=10)
 print(""Original Array:"", arr)
 
 # Boolean indexing to filter elements > 50
 filtered = arr[arr > 50]
 print(""Elements greater than 50:"", filtered)
 
 # Output:
 # Original Array: [79 10 51 73 15 87 96 11 53 29]
 # Elements greater than 50: [79 51 73 87 96 53]",Data Analytics,NumPy,16
DA_0893,Write a Python program using NumPy to compute the inverse of a 2x2 matrix and verify by multiplying with the original matrix.,,,,,"import numpy as np
 
 # Define a 2x2 matrix
 A = np.array([[4, 7], [2, 6]])
 print(""Original Matrix A:"")
 print(A)
 
 # Compute inverse
 A_inv = np.linalg.inv(A)
 print(""Inverse of A:"")
 print(A_inv)
 
 # Verify: A @ A_inv should give identity matrix
 product = np.round(np.matmul(A, A_inv))
 print(""A x A_inv (should be identity):"")
 print(product)
 
 # Output:
 # Original Matrix A:
 # [[4 7]
 # [2 6]]
 # Inverse of A:
 # [[ 0.6 -0.7]
 # [-0.2 0.4]]
 # A x A_inv (should be identity):
 # [[1. 0.]
 # [0. 1.]]",Data Analytics,NumPy,18
DA_0894,Write a Python program using NumPy to demonstrate array broadcasting by adding a 1D array to each row of a 2D array.,,,,,"import numpy as np
 
 # 2D array (3 rows, 3 cols)
 matrix = np.array([[1, 2, 3],
  [4, 5, 6],
  [7, 8, 9]])
 
 # 1D array to add to each row
 row_add = np.array([10, 20, 30])
 
 # Broadcasting: adds row_add to each row of matrix
 result = matrix + row_add
 print(""Original Matrix:"")
 print(matrix)
 print(""Row to add:"", row_add)
 print(""Result after broadcasting:"")
 print(result)
 
 # Output:
 # Original Matrix:
 # [[1 2 3]
 # [4 5 6]
 # [7 8 9]]
 # Row to add: [10 20 30]
 # Result after broadcasting:
 # [[11 22 33]
 # [14 25 36]
 # [17 28 39]]",Data Analytics,NumPy,25
DA_0895,Write a Python program using NumPy to perform array slicing: extract a 2x2 submatrix from the center of a 4x4 matrix.,,,,,"import numpy as np
 
 # Create a 4x4 matrix
 matrix = np.arange(1, 17).reshape(4, 4)
 print(""4x4 Matrix:"")
 print(matrix)
 
 # Extract center 2x2 submatrix (rows 1-2, cols 1-2)
 submatrix = matrix[1:3, 1:3]
 print(""Center 2x2 Submatrix:"")
 print(submatrix)
 
 # Output:
 # 4x4 Matrix:
 # [[ 1 2 3 4]
 # [ 5 6 7 8]
 # [ 9 10 11 12]
 # [13 14 15 16]]
 # Center 2x2 Submatrix:
 # [[ 6 7]
 # [10 11]]",Data Analytics,NumPy,25
DA_0896,Write a Python program using NumPy to stack two arrays horizontally and vertically and display results.,,,,,"import numpy as np
 
 # Create two 2x3 arrays
 a = np.array([[1, 2, 3], [4, 5, 6]])
 b = np.array([[7, 8, 9], [10, 11, 12]])
 
 # Vertical stack
 v_stack = np.vstack([a, b])
 print(""Vertical Stack:"")
 print(v_stack)
 
 # Horizontal stack
 h_stack = np.hstack([a, b])
 print(""Horizontal Stack:"")
 print(h_stack)
 
 # Output:
 # Vertical Stack:
 # [[ 1 2 3]
 # [ 4 5 6]
 # [ 7 8 9]
 # [10 11 12]]
 # Horizontal Stack:
 # [[ 1 2 3 7 8 9]
 # [ 4 5 6 10 11 12]]",Data Analytics,NumPy,12
DA_0897,Write a Python program using NumPy to find and replace all negative values in an array with zero.,,,,,"import numpy as np
 
 # Create an array with negative values
 arr = np.array([3, -1, 7, -5, 2, -9, 0, 4])
 print(""Original array:"", arr)
 
 # Replace negative values with zero using boolean indexing
 arr[arr < 0] = 0
 print(""After replacing negatives with 0:"", arr)
 
 # Output:
 # Original array: [ 3 -1 7 -5 2 -9 0 4]
 # After replacing negatives with 0: [3 0 7 0 2 0 0 4]",Data Analytics,NumPy,17
DA_0898,Write a Python program using NumPy to compute cumulative sum and cumulative product of an array.,,,,,"import numpy as np
 
 arr = np.array([1, 2, 3, 4, 5])
 print(""Array:"", arr)
 
 # Cumulative sum
 print(""Cumulative Sum:"", np.cumsum(arr))
 
 # Cumulative product
 print(""Cumulative Product:"", np.cumprod(arr))
 
 # Output:
 # Array: [1 2 3 4 5]
 # Cumulative Sum: [ 1 3 6 10 15]
 # Cumulative Product: [ 1 2 6 24 120]",Data Analytics,NumPy,16
DA_0899,What is a Pandas Series?,A 2D labeled array,A 1D labeled array,A 3D tensor,A SQL table,B,Data Analytics,Pandas,12
DA_0900,"How do you create a Pandas Series from a list [10, 20, 30]?","pd.DataFrame([10,20,30])","pd.Series([10,20,30])","pd.Array([10,20,30])","pd.List([10,20,30])",B,Data Analytics,Pandas,12
DA_0901,What does series.values return?,Index labels,NumPy array of values,Series copy,Dictionary,B,Data Analytics,Pandas,14
DA_0902,How do you access the element at index 2 in a Pandas Series s?,s.get(2),s[2],s.loc[2],Both B and C,D,Data Analytics,Pandas,14
DA_0903,What does s.dtype return for a Pandas Series?,Length of series,Data type of elements,Index type,Memory usage,B,Data Analytics,Pandas,13
DA_0904,How do you convert a Pandas Series to a Python list?,list(s),s.to_list(),s.values.tolist(),All of the above,D,Data Analytics,Pandas,18
DA_0905,What does s.name return?,Data type,Number of elements,Name of the Series,Index name,C,Data Analytics,Pandas,24
DA_0906,Which method gives the index of a Pandas Series?,s.columns,s.keys(),s.index,Both B and C,D,Data Analytics,Pandas,17
DA_0907,What is the default index for a Pandas Series if not specified?,"1,2,3,...","0,1,2,...","A,B,C,...",,B,Data Analytics,Pandas,12
DA_0908,What does s.describe() return for a numeric Series?,First 5 rows,Summary statistics,All unique values,Data types,B,Data Analytics,Pandas,13
DA_0909,What is a Pandas DataFrame?,A 1D labeled array,A 2D labeled data structure,A NumPy matrix,A Python dictionary,B,Data Analytics,Pandas,20
DA_0910,Which attribute returns the column names of a DataFrame?,df.index,df.columns,df.keys,df.names,B,Data Analytics,Pandas,19
DA_0911,How do you select a single column 'age' from a DataFrame df?,df.age(),df['age'],df.select('age'),df.col('age'),B,Data Analytics,Pandas,23
DA_0912,What does df.shape return?,"(rows, cols)","(cols, rows)",Number of rows only,Number of elements,A,Data Analytics,Pandas,15
DA_0913,Which method displays the first 5 rows of a DataFrame?,df.tail(),df.top(),df.head(),df.first(),C,Data Analytics,Pandas,12
DA_0914,What does df.dtypes return?,Shape of DataFrame,Data types of each column,Column names only,Row count,B,Data Analytics,Pandas,13
DA_0915,How do you add a new column 'salary' with value 50000 to all rows in df?,"df.add_column('salary', 50000)",df['salary'] = 50000,df.salary = 50000,Both B and C,D,Data Analytics,Pandas,18
DA_0916,What does df.info() display?,Statistical summary,Data types and non-null counts,First 5 rows,Memory usage only,B,Data Analytics,Pandas,14
DA_0917,Which method removes a column from a DataFrame?,df.remove(),df.drop(),df.delete(),df.pop() only,B,Data Analytics,Pandas,24
DA_0918,What does df.tail(3) return?,First 3 rows,Last 3 rows,Middle 3 rows,Random 3 rows,B,Data Analytics,Pandas,12
DA_0919,Which function reads a CSV file into a Pandas DataFrame?,pd.load_csv(),pd.read_csv(),pd.import_csv(),pd.open_csv(),B,Data Analytics,Pandas,12
DA_0920,Which parameter in pd.read_csv() specifies the separator?,delimiter,sep,separator,Both A and B,D,Data Analytics,Pandas,16
DA_0921,How do you write a DataFrame to a CSV file without the index?,df.to_csv('file.csv'),"df.to_csv('file.csv', index=False)",df.save_csv('file.csv'),df.write_csv('file.csv'),B,Data Analytics,Pandas,18
DA_0922,Which function reads an Excel file into a Pandas DataFrame?,pd.read_excel(),pd.read_xlsx(),pd.load_excel(),pd.open_excel(),A,Data Analytics,Pandas,17
DA_0923,What does pd.read_json() do?,Reads a CSV file,Reads a JSON file,Reads an HTML file,Reads a SQL file,B,Data Analytics,Pandas,14
DA_0924,Which parameter skips the first row when reading a CSV?,skip=1,header=1,skiprows=1,offset=1,C,Data Analytics,Pandas,12
DA_0925,How do you read only the first 100 rows of a large CSV file?,"pd.read_csv('file.csv', rows=100)","pd.read_csv('file.csv', nrows=100)","pd.read_csv('file.csv', limit=100)","pd.read_csv('file.csv', head=100)",B,Data Analytics,Pandas,19
DA_0926,Which function reads an HTML table into a Pandas DataFrame?,pd.read_html(),pd.read_web(),pd.read_table(),pd.read_url(),A,Data Analytics,Pandas,14
DA_0927,How do you save a DataFrame to an Excel file?,df.to_excel('file.xlsx'),df.save_excel('file.xlsx'),df.export_excel('file.xlsx'),df.write_excel('file.xlsx'),A,Data Analytics,Pandas,19
DA_0928,What does the 'encoding' parameter in pd.read_csv() control?,File compression,Character encoding,Separator type,Header row,B,Data Analytics,Pandas,15
DA_0929,What is the difference between df.loc[] and df.iloc[]?,"loc uses integers, iloc uses labels","loc uses labels, iloc uses integers",They are the same,loc is faster than iloc,B,Data Analytics,Pandas,24
DA_0930,"What does df.iloc[2, 3] access?","Row label 2, column label 3","Third row, fourth column","Second row, third column","Fourth row, third column",B,Data Analytics,Pandas,22
DA_0931,What does df.loc['a':'c'] do?,Selects columns a to c,"Selects rows with labels a,b,c",Selects rows at integer positions 0-2,Deletes rows a to c,B,Data Analytics,Pandas,25
DA_0932,Which method returns a boolean DataFrame for conditional selection?,df.query(),df.where(),df.filter(),df.mask(),B,Data Analytics,Pandas,22
DA_0933,"How do you select multiple columns ['name','age'] from df?","df['name','age']","df[['name','age']]","df.select(['name','age'])","df.loc['name','age']",B,Data Analytics,Pandas,21
DA_0934,"What does df.at[0, 'name'] do?",Selects entire column 'name',"Accesses a single scalar at row 0, column 'name'",Selects first row,Selects all rows where name=0,B,Data Analytics,Pandas,21
DA_0935,What does df.query('age > 25') return?,Raises error,All rows where age > 25,All rows where age <= 25,Column 'age',B,Data Analytics,Pandas,24
DA_0936,How do you set a column as the DataFrame index?,df.index = df['col'],df.set_index('col'),df.reindex('col'),Both A and B,B,Data Analytics,Pandas,17
DA_0937,What does df.reset_index() do?,Removes the index,Resets integer index and moves old index to column,Sorts by index,Duplicates the index,B,Data Analytics,Pandas,22
DA_0938,Which method selects rows based on integer position ranges?,df.loc[],df.iloc[],df.at[],df.iat[],B,Data Analytics,Pandas,15
DA_0939,How do you filter rows in df where 'score' column > 80?,df.filter('score > 80'),df[df['score'] > 80],df.where(score > 80),df.loc('score > 80'),B,Data Analytics,Pandas,25
DA_0940,What does df[(df['age'] > 20) & (df['age'] < 30)] do?,Age = 20 or 30,Age between 21 and 29 inclusive,Age > 20 OR age < 30,Raises error,B,Data Analytics,Pandas,12
DA_0941,Which operator is used for OR filtering in Pandas?,&,|,or,||,B,Data Analytics,Pandas,16
DA_0942,"What does df['city'].isin(['NYC','LA']) return?",Rows where city is NYC or LA,Boolean Series,True if any match,Filtered DataFrame,B,Data Analytics,Pandas,17
DA_0943,How do you negate a boolean filter in Pandas?,df.not[],~mask,!mask,df.invert(),B,Data Analytics,Pandas,24
DA_0944,What does df[df['name'].str.startswith('A')] do?,Filters names ending with A,Filters names starting with A,Converts names to uppercase,Raises error,B,Data Analytics,Pandas,25
DA_0945,Which method filters columns by name pattern?,df.filter(like='col'),df.select('col'),df.query('col'),df.find('col'),A,Data Analytics,Pandas,21
DA_0946,"What does df[df['value'].between(10, 50)] return?",Values < 10,Values > 50,Rows where value is between 10 and 50 inclusive,Rows outside that range,C,Data Analytics,Pandas,23
DA_0947,Which method sorts a DataFrame by column values?,df.order_by(),df.sort_values(),df.sort(),df.arrange(),B,Data Analytics,Pandas,16
DA_0948,How do you sort a DataFrame by 'age' in descending order?,df.sort_values('age'),"df.sort_values('age', ascending=False)","df.sort_values('age', descending=True)","df.order('age', desc=True)",B,Data Analytics,Pandas,23
DA_0949,What does df.sort_index() do?,Sorts by column values,Sorts by row index labels,Resets the index,Ranks the DataFrame,B,Data Analytics,Pandas,24
DA_0950,What does the 'na_position' parameter in sort_values() control?,Missing value fill strategy,Whether NaN goes first or last,Sort direction,Column selection,B,Data Analytics,Pandas,13
DA_0951,How do you sort by multiple columns in Pandas?,"df.sort_values(['col1','col2'])","df.sort(['col1','col2'])","df.order_by(['col1','col2'])","df.sort_values('col1','col2')",A,Data Analytics,Pandas,20
DA_0952,Which method renames columns in a DataFrame?,df.rename(),df.relabel(),df.change_columns(),df.alter(),A,Data Analytics,Pandas,18
DA_0953,What does df.rename(columns={'old':'new'}) do?,Deletes 'old' column,Renames column 'old' to 'new',Adds a new column 'new',Duplicates column 'old',B,Data Analytics,Pandas,13
DA_0954,How do you drop a row with index 2 from a DataFrame?,df.drop(2),"df.drop(2, axis=0)",df.remove(2),Both A and B,D,Data Analytics,Pandas,24
DA_0955,How do you drop a column named 'col1' from a DataFrame?,"df.drop('col1', axis=1)",df.remove('col1'),df.delete('col1'),del df['col1'],A,Data Analytics,Pandas,15
DA_0956,"What does df.insert(1, 'new_col', values) do?",Appends column at end,Inserts column at position 1,Replaces column at position 1,Removes column at position 1,B,Data Analytics,Pandas,19
DA_0957,Which method detects missing values in a DataFrame?,df.missing(),df.isna(),df.null(),df.empty(),B,Data Analytics,Pandas,21
DA_0958,What does df.dropna() do?,Fills NaN with 0,Removes rows with any NaN,Removes columns with NaN,Replaces NaN with mean,B,Data Analytics,Pandas,15
DA_0959,How do you fill missing values with the mean of the column?,df.fillna(df.mean()),"df.replace(NaN, df.mean())",df.impute(df.mean()),df.fill(mean=True),A,Data Analytics,Pandas,25
DA_0960,What does df.isnull().sum() return?,Total rows,Count of missing values per column,True/False for each cell,Sum of all values,B,Data Analytics,Pandas,17
DA_0961,What does df.fillna(method='ffill') do?,Fills with zeros,Forward fills NaN with previous value,Backward fills NaN,Fills with column mean,B,Data Analytics,Pandas,21
DA_0962,What does df.dropna(axis=1) do?,Drops rows with NaN,Drops columns with NaN,Drops rows with all NaN,Drops columns with all NaN,B,Data Analytics,Pandas,24
DA_0963,Which method replaces specific values with NaN?,df.fillna(),df.dropna(),df.replace(),df.mask(),C,Data Analytics,Pandas,17
DA_0964,What does df.notnull() return?,True for NaN values,False for NaN values,Count of non-null values,All non-null values,B,Data Analytics,Pandas,15
DA_0965,What does df.dropna(thresh=2) do?,Drops rows with more than 2 NaN,Drops rows with fewer than 2 non-null values,Keeps rows with at least 2 non-null values,Drops first 2 rows,C,Data Analytics,Pandas,12
DA_0966,Which parameter in fillna() fills values from the next valid observation?,method='ffill',method='bfill',method='pad',method='nearest',B,Data Analytics,Pandas,15
DA_0967,How do you convert all strings in a column to uppercase?,df['col'].upper(),df['col'].str.upper(),df['col'].apply(str.upper),Both B and C,D,Data Analytics,Pandas,17
DA_0968,What does df['col'].str.len() return?,Total length of column,Length of each string,Count of characters,Number of rows,B,Data Analytics,Pandas,17
DA_0969,Which method splits string column values by a delimiter?,df['col'].split(),df['col'].str.split(),df['col'].str.divide(),df['col'].explode(),B,Data Analytics,Pandas,14
DA_0970,What does df['col'].str.contains('abc') return?,All rows containing 'abc',Boolean Series indicating if 'abc' is in each value,Count of rows with 'abc',Filtered DataFrame,B,Data Analytics,Pandas,11
DA_0971,Which method strips whitespace from both ends of strings?,df['col'].strip(),df['col'].str.strip(),df['col'].trim(),df['col'].str.trim(),B,Data Analytics,Pandas,16
DA_0972,"What does df['col'].str.replace('a', 'b') do?",Replaces first 'a' with 'b',Replaces all 'a' with 'b' in each string,Deletes 'a' from strings,Raises error,B,Data Analytics,Pandas,23
DA_0973,Which method extracts groups from regex patterns in a string column?,df['col'].str.match(),df['col'].str.extract(),df['col'].str.find(),df['col'].str.get(),B,Data Analytics,Pandas,25
DA_0974,Which function converts a string column to datetime in Pandas?,pd.to_datetime(),pd.parse_date(),pd.convert_date(),pd.make_datetime(),A,Data Analytics,Pandas,24
DA_0975,How do you extract the year from a datetime column 'date'?,df['date'].year,df['date'].dt.year,df['date'].get_year(),df['date'].extract('year'),B,Data Analytics,Pandas,13
DA_0976,What does df['date'].dt.month return?,Year,Day of month,Month number,Day of week,C,Data Analytics,Pandas,21
DA_0977,"Which method gets the day name (Monday, Tuesday...) from a datetime column?",df['date'].dt.day,df['date'].dt.day_name(),df['date'].dt.weekday,df['date'].dt.dayofweek,B,Data Analytics,Pandas,15
DA_0978,What does pd.Timedelta('1 day') represent?,1 millisecond,1 hour,1 day,1 week,C,Data Analytics,Pandas,14
DA_0979,How do you filter rows where 'date' is after '2023-01-01'?,df[df['date'] > '2023-01-01'],df.filter(date > '2023-01-01'),df.query(date > 2023),df[df['date'].after('2023-01-01')],A,Data Analytics,Pandas,25
DA_0980,What does df['date'].dt.date return?,Full datetime,Date part only,Time part only,Epoch timestamp,B,Data Analytics,Pandas,23
DA_0981,What does df.groupby('category').mean() do?,Filters by category,Computes mean of all columns for each category,Sorts by category,Counts rows per category,B,Data Analytics,Pandas,12
DA_0982,What does df.groupby('dept')['salary'].sum() compute?,Total rows per dept,Sum of salary for each department,Mean salary per dept,Max salary per dept,B,Data Analytics,Pandas,22
DA_0983,What does df.groupby('col').size() return?,Sum per group,Count of rows per group,Mean per group,Standard deviation per group,B,Data Analytics,Pandas,25
DA_0984,"What does df.groupby('category').agg({'sales':'sum','profit':'mean'}) do?",Groups and applies different aggregations to different columns,Merges two columns,Creates a pivot table,Raises error,A,Data Analytics,Pandas,17
DA_0985,What does df.groupby('col').transform('mean') do?,Returns group means as a single row,Returns group mean for each original row,Computes cumulative mean,Subtracts the group mean,B,Data Analytics,Pandas,24
DA_0986,What does the as_index=False parameter do in groupby?,Sorts the groups,"Returns grouping columns as regular columns, not index",Resets the row index,Drops the grouping column,B,Data Analytics,Pandas,15
DA_0987,Which method lists all groups and their indices in groupby?,.groups,.keys(),.items(),.indices,A,Data Analytics,Pandas,25
DA_0988,What does df.groupby('col').first() return?,First row of DataFrame,First non-null value for each group,Minimum value per group,First column only,B,Data Analytics,Pandas,24
DA_0989,Which Pandas method computes multiple aggregation functions at once?,df.aggregate(),df.agg(),df.apply(),Both A and B,D,Data Analytics,Pandas,17
DA_0990,What does df['col'].value_counts() return?,Unique values only,Count of each unique value sorted descending,Mean of values,Sum of values,B,Data Analytics,Pandas,19
DA_0991,What does df.nunique() return?,Number of rows,Number of NaN values,Number of unique values per column,Total elements,C,Data Analytics,Pandas,14
DA_0992,Which function returns the nth percentile of a column?,df['col'].quantile(n),df['col'].percentile(n),df['col'].nth(n),df['col'].percent(n),A,Data Analytics,Pandas,15
DA_0993,What does df.describe(include='all') do?,Shows only numeric columns,Includes all columns including non-numeric,Shows memory usage,Shows dtypes only,B,Data Analytics,Pandas,19
DA_0994,"What does pd.merge(df1, df2, on='id') do?",Concatenates vertically,Joins on 'id' column (inner join by default),Appends df2 to df1,Creates a cross product,B,Data Analytics,Pandas,23
DA_0995,What is the default join type in pd.merge()?,left,right,outer,inner,D,Data Analytics,Pandas,20
DA_0996,What does how='left' in pd.merge() specify?,Join from left to right,Keep all rows from left DataFrame,Keep only matching rows,Keep all rows from right DataFrame,B,Data Analytics,Pandas,21
DA_0997,"What does pd.concat([df1, df2], axis=0) do?",Joins horizontally,Stacks DataFrames vertically,Merges on common columns,Cross joins DataFrames,B,Data Analytics,Pandas,24
DA_0998,"What does pd.concat([df1, df2], axis=1) do?",Stacks vertically,Concatenates horizontally (side by side),Inner joins,Outer joins,B,Data Analytics,Pandas,23
DA_0999,"What does df1.join(df2, on='key') do?",Merges on a column from df1 only,Left joins df1 with df2,Inner joins only,Concatenates vertically,B,Data Analytics,Pandas,14
DA_1000,What is a cross join in Pandas?,Join on no columns,Every row of df1 paired with every row of df2,Left join only,Self-join,B,Data Analytics,Pandas,15
DA_1001,"What does suffixes=('_x','_y') in pd.merge() do?",Renames all columns,Adds suffixes to overlapping column names,Drops overlapping columns,Raises error,B,Data Analytics,Pandas,23
DA_1002,"What does pd.pivot_table(df, values='sales', index='region', columns='product', aggfunc='sum') do?",Creates a bar chart,Creates a cross-tabulation of sales by region and product,Merges two DataFrames,Groups by region only,B,Data Analytics,Pandas,15
DA_1003,What is the default aggfunc in pd.pivot_table()?,sum,count,mean,median,C,Data Analytics,Pandas,18
DA_1004,What does the fill_value parameter in pivot_table() do?,Fills NaN in the original DataFrame,Replaces NaN in pivot results with specified value,Fills all zeros,Specifies default aggregation,B,Data Analytics,Pandas,25
DA_1005,"What does pd.crosstab(df['gender'], df['status']) compute?",Pivot table of means,Frequency table of two categorical variables,Correlation matrix,GroupBy result,B,Data Analytics,Pandas,23
DA_1006,What does margins=True in pivot_table() add?,Color formatting,Row and column totals (All),Empty borders,Sub-group totals,B,Data Analytics,Pandas,25
DA_1007,"What does df.apply(func, axis=0) do?",Applies func to each element,Applies func to each column,Applies func to each row,Applies func to entire DataFrame,B,Data Analytics,Pandas,14
DA_1008,What does df.applymap(func) do?,Applies func to each column,Applies func to each row,Applies func to every individual element,Applies func to index,C,Data Analytics,Pandas,14
DA_1009,What does df['col'].apply(lambda x: x*2) do?,Doubles all values in col,Squares all values in col,Adds 2 to each value,Raises all to power 2,A,Data Analytics,Pandas,23
DA_1010,What does df.pipe(func) do?,Filters rows,Chains a function to the DataFrame,Applies func element-wise,Groups the DataFrame,B,Data Analytics,Pandas,17
DA_1011,"What does df.apply(np.mean, axis=1) compute?",Column-wise mean,Row-wise mean,Overall mean,Median per row,B,Data Analytics,Pandas,21
DA_1012,What does df['col'].rolling(3).mean() compute?,Expanding window mean,3-period rolling average,Cumulative mean,Mean of every 3rd element,B,Data Analytics,Pandas,15
DA_1013,What does df['col'].expanding().sum() compute?,Rolling window sum,Cumulative sum up to each point,Sum of last 3 values,Difference from first value,B,Data Analytics,Pandas,16
DA_1014,What does df['col'].shift(1) do?,Shifts values forward by 1,Shifts values backward by 1,Drops first row,Sorts values,A,Data Analytics,Pandas,16
DA_1015,What does df['col'].diff() compute?,Cumulative difference,First-order difference between consecutive values,Rolling mean,Percentage change,B,Data Analytics,Pandas,22
DA_1016,What does df['col'].pct_change() return?,Absolute change,Percentage change from previous row,Rolling percentage,Cumulative percentage,B,Data Analytics,Pandas,16
DA_1017,"Write a Python program using Pandas to create a DataFrame with columns ['Name','Age','Score'] and 4 rows of data, then display its shape, dtypes, and first 3 rows.",,,,,"import pandas as pd
 
 # Create DataFrame
 data = {
  'Name': ['Alice', 'Bob', 'Charlie', 'Diana'],
  'Age': [25, 30, 22, 28],
  'Score': [88.5, 75.0, 92.3, 81.7]
 }
 df = pd.DataFrame(data)
 
 print(""Shape:"", df.shape)
 print(""Dtypes:"")
 print(df.dtypes)
 print(""First 3 rows:"")
 print(df.head(3))
 
 # Output:
 # Shape: (4, 3)
 # Dtypes:
 # Name object
 # Age int64
 # Score float64
 # dtype: object
 # First 3 rows:
 # Name Age Score
 # 0 Alice 25 88.5
 # 1 Bob 30 75.0
 # 2 Charlie 22 92.3",Data Analytics,Pandas,24
DA_1018,"Write a Python program using Pandas to load a CSV, handle missing values by filling with column mean, and verify no NaN remains.",,,,,"import pandas as pd
 import numpy as np
 
 # Simulate a DataFrame with missing values
 data = {
  'Name': ['Alice', 'Bob', 'Charlie', 'Diana', 'Eve'],
  'Age': [25, np.nan, 22, 28, np.nan],
  'Score': [88.5, 75.0, np.nan, 81.7, 90.0]
 }
 df = pd.DataFrame(data)
 
 print(""Before filling NaN:"")
 print(df.isnull().sum())
 
 # Fill numeric columns with column mean
 df['Age'].fillna(df['Age'].mean(), inplace=True)
 df['Score'].fillna(df['Score'].mean(), inplace=True)
 
 print(""After filling NaN:"")
 print(df.isnull().sum())
 print(df)
 
 # Output:
 # Before filling NaN:
 # Name 0
 # Age 2
 # Score 1
 # dtype: int64
 # After filling NaN:
 # Name 0
 # Age 0
 # Score 0
 # dtype: int64",Data Analytics,Pandas,20
DA_1019,Write a Python program using Pandas to group a sales DataFrame by 'Region' and compute total and average sales per region.,,,,,"import pandas as pd
 
 # Create sample sales DataFrame
 data = {
  'Region': ['North', 'South', 'North', 'East', 'South', 'East'],
  'Sales': [200, 150, 300, 250, 400, 100],
  'Profit': [50, 30, 80, 60, 120, 20]
 }
 df = pd.DataFrame(data)
 
 # GroupBy region and aggregate
 result = df.groupby('Region').agg(
  Total_Sales=('Sales', 'sum'),
  Avg_Sales=('Sales', 'mean'),
  Total_Profit=('Profit', 'sum')
 )
 print(result)
 
 # Output:
 # Total_Sales Avg_Sales Total_Profit
 # Region
 # East 350 175.0 80
 # North 500 250.0 130
 # South 550 275.0 150",Data Analytics,Pandas,15
DA_1020,Write a Python program using Pandas to merge two DataFrames on a common 'employee_id' column and identify unmatched records.,,,,,"import pandas as pd
 
 # Employee info DataFrame
 emp_df = pd.DataFrame({
  'employee_id': [1, 2, 3, 4],
  'name': ['Alice', 'Bob', 'Charlie', 'Diana']
 })
 
 # Salary DataFrame
 salary_df = pd.DataFrame({
  'employee_id': [1, 2, 5],
  'salary': [50000, 60000, 55000]
 })
 
 # Inner join (only matching records)
 inner = pd.merge(emp_df, salary_df, on='employee_id', how='inner')
 print(""Inner Join:"")
 print(inner)
 
 # Outer join (all records)
 outer = pd.merge(emp_df, salary_df, on='employee_id', how='outer')
 print(""Outer Join:"")
 print(outer)
 
 # Output:
 # Inner Join:
 # employee_id name salary
 # 0 1 Alice 50000
 # 1 2 Bob 60000
 # Outer Join:
 # employee_id name salary
 # 0 1 Alice 50000.0
 # 1 2 Bob 60000.0
 # 2 3 Charlie NaN
 # 3 4 Diana NaN
 # 4 5 NaN 55000.0",Data Analytics,Pandas,23
DA_1021,Write a Python program using Pandas to create a pivot table showing average score by 'Department' and 'Gender'.,,,,,"import pandas as pd
 
 # Create sample DataFrame
 data = {
  'Name': ['Alice','Bob','Charlie','Diana','Eve','Frank'],
  'Department': ['HR','IT','HR','IT','Finance','Finance'],
  'Gender': ['F','M','M','F','F','M'],
  'Score': [85, 90, 78, 92, 88, 76]
 }
 df = pd.DataFrame(data)
 
 # Create pivot table
 pivot = pd.pivot_table(df, values='Score',
  index='Department',
  columns='Gender',
  aggfunc='mean',
  fill_value=0)
 print(pivot)
 
 # Output:
 # Gender F M
 # Department
 # Finance 88.0 76.0
 # HR 85.0 78.0
 # IT 92.0 90.0",Data Analytics,Pandas,23
DA_1022,Write a Python program using Pandas to detect and remove duplicate rows from a DataFrame.,,,,,"import pandas as pd
 
 # Create DataFrame with duplicates
 data = {
  'ID': [1, 2, 2, 3, 4, 4, 5],
  'Name': ['Alice', 'Bob', 'Bob', 'Charlie', 'Diana', 'Diana', 'Eve'],
  'Score': [85, 90, 90, 78, 92, 92, 88]
 }
 df = pd.DataFrame(data)
 
 print(""Before removing duplicates:"", df.shape)
 print(""Duplicate rows:"")
 print(df[df.duplicated()])
 
 # Remove duplicates
 df_clean = df.drop_duplicates()
 print(""After removing duplicates:"", df_clean.shape)
 print(df_clean)
 
 # Output:
 # Before removing duplicates: (7, 3)
 # Duplicate rows:
 # ID Name Score
 # 2 2 Bob 90
 # 5 4 Diana 92
 # After removing duplicates: (5, 3)",Data Analytics,Pandas,15
DA_1023,Write a Python program using Pandas to apply a lambda function to transform a 'salary' column by applying a 10% raise.,,,,,"import pandas as pd
 
 # Create DataFrame
 data = {
  'Employee': ['Alice', 'Bob', 'Charlie', 'Diana'],
  'Salary': [50000, 60000, 45000, 70000]
 }
 df = pd.DataFrame(data)
 
 # Apply 10% raise using lambda
 df['New_Salary'] = df['Salary'].apply(lambda x: x * 1.10)
 
 print(df)
 
 # Output:
 # Employee Salary New_Salary
 # 0 Alice 50000 55000.0
 # 1 Bob 60000 66000.0
 # 2 Charlie 45000 49500.0
 # 3 Diana 70000 77000.0",Data Analytics,Pandas,19
DA_1024,"Write a Python program using Pandas to perform string operations: convert names to uppercase, check which names start with 'A', and count name lengths.",,,,,"import pandas as pd
 
 # Create Series of names
 names = pd.Series(['Alice', 'Bob', 'Amanda', 'Charlie', 'Aaron'])
 
 print(""Uppercase:"", names.str.upper().tolist())
 print(""Starts with 'A':"", names.str.startswith('A').tolist())
 print(""Name lengths:"", names.str.len().tolist())
 
 # Output:
 # Uppercase: ['ALICE', 'BOB', 'AMANDA', 'CHARLIE', 'AARON']
 # Starts with 'A': [True, False, True, False, True]
 # Name lengths: [5, 3, 6, 7, 5]",Data Analytics,Pandas,23
DA_1025,"Write a Python program using Pandas to convert a string date column to datetime and extract year, month, and day.",,,,,"import pandas as pd
 
 # Create DataFrame with string dates
 df = pd.DataFrame({
  'event': ['Launch', 'Review', 'Close'],
  'date': ['2023-03-15', '2023-07-22', '2024-01-10']
 })
 
 # Convert to datetime
 df['date'] = pd.to_datetime(df['date'])
 
 # Extract components
 df['year'] = df['date'].dt.year
 df['month'] = df['date'].dt.month
 df['day'] = df['date'].dt.day
 
 print(df)
 
 # Output:
 # event date year month day
 # 0 Launch 2023-03-15 2023 3 15
 # 1 Review 2023-07-22 2023 7 22
 # 2 Close 2024-01-10 2024 1 10",Data Analytics,Pandas,18
DA_1026,Write a Python program using Pandas to compute rolling 3-day average of sales and the first-order difference.,,,,,"import pandas as pd
 
 # Create daily sales data
 data = {
  'day': range(1, 8),
  'sales': [100, 120, 130, 110, 150, 160, 140]
 }
 df = pd.DataFrame(data)
 
 # Rolling 3-day mean
 df['rolling_avg'] = df['sales'].rolling(window=3).mean()
 
 # First-order difference
 df['daily_diff'] = df['sales'].diff()
 
 print(df)
 
 # Output:
 # day sales rolling_avg daily_diff
 # 0 1 100 NaN NaN
 # 1 2 120 NaN 20.0
 # 2 3 130 116.666667 10.0
 # 3 4 110 120.000000 -20.0
 # 4 5 150 130.000000 40.0
 # 5 6 160 140.000000 10.0
 # 6 7 140 150.000000 -20.0",Data Analytics,Pandas,25
DA_1027,Write a Python program using Pandas to sort a DataFrame by multiple columns and rank employees by performance score.,,,,,"import pandas as pd
 
 # Employee performance data
 data = {
  'Name': ['Alice', 'Bob', 'Charlie', 'Diana', 'Eve'],
  'Department': ['IT', 'HR', 'IT', 'Finance', 'HR'],
  'Score': [88, 75, 92, 88, 80]
 }
 df = pd.DataFrame(data)
 
 # Sort by Department then by Score descending
 df_sorted = df.sort_values(['Department', 'Score'], ascending=[True, False])
 print(""Sorted DataFrame:"")
 print(df_sorted)
 
 # Add rank column
 df['Rank'] = df['Score'].rank(ascending=False, method='min').astype(int)
 print(""With Rank:"")
 print(df.sort_values('Rank'))
 
 # Output:
 # Sorted DataFrame:
 # Name Department Score
 # 3 Diana Finance 88
 # 1 Bob HR 75
 # 4 Eve HR 80
 # 2 Charlie IT 92
 # 0 Alice IT 88",Data Analytics,Pandas,14
DA_1028,Write a Python program using Pandas MultiIndex to create a hierarchical index and query a specific group.,,,,,"import pandas as pd
 
 # Create DataFrame with MultiIndex
 arrays = [['Store A', 'Store A', 'Store B', 'Store B'],
  ['Jan', 'Feb', 'Jan', 'Feb']]
 index = pd.MultiIndex.from_arrays(arrays, names=['Store', 'Month'])
 
 df = pd.DataFrame({
  'Sales': [100, 150, 200, 180],
  'Returns': [5, 8, 12, 9]
 }, index=index)
 
 print(""Full DataFrame:"")
 print(df)
 
 print(""Store A Data:"")
 print(df.loc['Store A'])
 
 # Output:
 # Full DataFrame:
 # Sales Returns
 # Store Month
 # Store A Jan 100 5
 # Feb 150 8
 # Store B Jan 200 12
 # Feb 180 9
 # Store A Data:
 # Sales Returns
 # Month
 # Jan 100 5
 # Feb 150 8",Data Analytics,Pandas,17
DA_1029,Which Pandas method converts a column to integer type?,df['col'].to_int(),df['col'].astype(int),df['col'].convert(int),df['col'].cast(int),B,Data Analytics,Data Cleaning and Preprocessing,18
DA_1030,What does df['col'].astype('category') do?,Converts to integer,Converts to category dtype for memory efficiency,Converts to string,Sorts the column,B,Data Analytics,Data Cleaning and Preprocessing,22
DA_1031,"What does pd.to_numeric(df['col'], errors='coerce') do?",Raises error on invalid values,Converts invalid values to NaN,Skips invalid values,Converts to string,B,Data Analytics,Data Cleaning and Preprocessing,19
DA_1032,Which method converts a column to string type in Pandas?,df['col'].astype(str),df['col'].to_string(),df['col'].str(),df['col'].convert(str),A,Data Analytics,Data Cleaning and Preprocessing,15
DA_1033,What does df['date'].astype('datetime64[ns]') do?,Converts to timestamp,Converts string to datetime,Extracts date parts,Formats the date,B,Data Analytics,Data Cleaning and Preprocessing,13
DA_1034,What is the memory advantage of 'category' dtype over 'object'?,No advantage,Categories use less memory for columns with few unique values,Categories use more memory,No difference,B,Data Analytics,Data Cleaning and Preprocessing,25
DA_1035,What does pd.to_numeric() do with non-numeric strings when errors='ignore'?,Converts to NaN,Raises ValueError,Returns original value unchanged,Converts to 0,C,Data Analytics,Data Cleaning and Preprocessing,23
DA_1036,Which dtype should be used for boolean columns in Pandas?,int8,object,bool,category,C,Data Analytics,Data Cleaning and Preprocessing,14
DA_1037,What is imputation in data preprocessing?,Removing missing values,Replacing missing values with estimated values,Detecting outliers,Encoding categorical variables,B,Data Analytics,Data Cleaning and Preprocessing,25
DA_1038,What is MCAR in missing data terminology?,Missing Completely At Random,Missing Conditionally At Random,Missing Categorical And Replaced,Missing Column And Row,A,Data Analytics,Data Cleaning and Preprocessing,20
DA_1039,Which strategy is best when data is missing completely at random and missing rate is low?,Forward fill,Listwise deletion (dropna),Median imputation,Mode imputation,B,Data Analytics,Data Cleaning and Preprocessing,16
DA_1040,What does KNN imputation do?,Fills with mean,Uses nearest neighbors to estimate missing values,Replaces with mode,Deletes missing rows,B,Data Analytics,Data Cleaning and Preprocessing,20
DA_1041,Why is median preferred over mean for imputing skewed data?,Median is always larger,Median is less affected by outliers,Median is faster to compute,Median equals mean in skewed data,B,Data Analytics,Data Cleaning and Preprocessing,21
DA_1042,What does SimpleImputer(strategy='most_frequent') do?,Fills with mean,Fills with mode (most frequent value),Fills with median,Fills with zeros,B,Data Analytics,Data Cleaning and Preprocessing,15
DA_1043,What is the risk of mean imputation?,Introduces outliers,Reduces variance and distorts distribution,Always increases bias,Causes data type errors,B,Data Analytics,Data Cleaning and Preprocessing,19
DA_1044,What does df.interpolate() do for missing values?,Deletes rows,Fills NaN using linear interpolation between values,Fills with column mean,Fills with last valid value,B,Data Analytics,Data Cleaning and Preprocessing,23
DA_1045,What does df.duplicated() return?,DataFrame without duplicates,Boolean Series marking duplicate rows,Count of duplicates,List of duplicate indices,B,Data Analytics,Data Cleaning and Preprocessing,21
DA_1046,What does df.drop_duplicates(subset=['col1']) do?,Drops all duplicates,Drops duplicates based only on col1,Resets index,Deletes col1,B,Data Analytics,Data Cleaning and Preprocessing,21
DA_1047,What does keep='last' in drop_duplicates() do?,Keeps the first occurrence,Keeps the last occurrence,Drops all duplicates,Keeps all occurrences,B,Data Analytics,Data Cleaning and Preprocessing,24
DA_1048,How do you check if any duplicates exist in a DataFrame?,df.duplicated().any(),df.duplicates(),df.check_duplicates(),df.has_duplicates,A,Data Analytics,Data Cleaning and Preprocessing,13
DA_1049,What does keep=False in drop_duplicates() do?,Keeps the first duplicate,Keeps the last duplicate,Marks all occurrences of duplicates as True,Drops all duplicates including first,D,Data Analytics,Data Cleaning and Preprocessing,12
DA_1050,What is the IQR method for outlier detection?,Values beyond 3 standard deviations,Values below Q1-1.5*IQR or above Q3+1.5*IQR,Values above the mean,Values below the median,B,Data Analytics,Data Cleaning and Preprocessing,16
DA_1051,What is the Z-score method for outlier detection?,Values more than 1.5*IQR from quartiles,Points where |z| > 3 (3 standard deviations from mean),Values below Q1,The Interquartile Range,B,Data Analytics,Data Cleaning and Preprocessing,23
DA_1052,What does Q1 represent in box plot analysis?,50th percentile,75th percentile,25th percentile,Minimum value,C,Data Analytics,Data Cleaning and Preprocessing,17
DA_1053,Which visualization is most useful for identifying outliers?,Line chart,Histogram,Box plot,Pie chart,C,Data Analytics,Data Cleaning and Preprocessing,15
DA_1054,What does Winsorization do to outliers?,Removes them,Caps them at specified percentile limits,Replaces with mean,Flags but keeps them,B,Data Analytics,Data Cleaning and Preprocessing,11
DA_1055,What is the typical Z-score threshold for identifying outliers?,Z > 1,Z > 2,Z > 3,Z > 0.5,C,Data Analytics,Data Cleaning and Preprocessing,13
DA_1056,Which library function computes Z-scores in Python?,scipy.stats.zscore(),numpy.zscore(),pandas.zscore(),sklearn.zscore(),A,Data Analytics,Data Cleaning and Preprocessing,13
DA_1057,What does IQR stand for?,Inner Quartile Range,Interquartile Range,Index Quantile Ratio,Inverse Quartile Range,B,Data Analytics,Data Cleaning and Preprocessing,22
DA_1058,What is feature scaling?,Adding new features,Adjusting the range or distribution of feature values,Removing features,Encoding categories,B,Data Analytics,Data Cleaning and Preprocessing,24
DA_1059,What does Min-Max normalization do?,"Makes mean 0, std 1","Scales values to [0,1] range",Removes outliers,Converts to log scale,B,Data Analytics,Data Cleaning and Preprocessing,14
DA_1060,What does StandardScaler do?,"Scales to [0,1]",Transforms to zero mean and unit variance,Takes logarithm,Applies square root,B,Data Analytics,Data Cleaning and Preprocessing,24
DA_1061,When is log transformation useful?,For normally distributed data,For right-skewed data to reduce skewness,For categorical data,For binary data,B,Data Analytics,Data Cleaning and Preprocessing,20
DA_1062,What is one-hot encoding?,Encoding with a single integer,Creating binary columns for each category value,Ordinal encoding,Label encoding,B,Data Analytics,Data Cleaning and Preprocessing,16
DA_1063,What is label encoding?,Creating binary columns,Assigning integer labels to categories,Normalizing numeric values,Removing categories,B,Data Analytics,Data Cleaning and Preprocessing,15
DA_1064,When does one-hot encoding create a 'dummy variable trap'?,When there are too many categories,When one column is redundant (predictable from others),When categories have spaces,When there are missing values,B,Data Analytics,Data Cleaning and Preprocessing,11
DA_1065,What does RobustScaler do?,Scales using mean and std,Scales using IQR (resistant to outliers),"Normalizes to [0,1]",Applies log transform,B,Data Analytics,Data Cleaning and Preprocessing,25
DA_1066,What is data binning (bucketing)?,Removing bins of data,Converting continuous values into discrete intervals/categories,Scaling numeric data,Encoding categories,B,Data Analytics,Data Cleaning and Preprocessing,16
DA_1067,Which Pandas function creates equal-width bins?,pd.cut(),pd.qcut(),pd.bin(),pd.bucket(),A,Data Analytics,Data Cleaning and Preprocessing,24
DA_1068,What is the difference between pd.cut() and pd.qcut()?,cut() is faster,cut() creates equal-width bins; qcut() creates equal-frequency bins,qcut() is more accurate,They are identical,B,Data Analytics,Data Cleaning and Preprocessing,24
DA_1069,What does the labels parameter in pd.cut() do?,Sets bin widths,Assigns names to bins instead of ranges,Colors the bins,Sorts the bins,B,Data Analytics,Data Cleaning and Preprocessing,19
DA_1070,Which binning strategy ensures equal number of observations per bin?,Equal-width binning,Equal-frequency binning (quantile binning),Manual binning,Random binning,B,Data Analytics,Data Cleaning and Preprocessing,21
DA_1071,Which algorithm requires feature scaling?,Decision Trees,Random Forest,K-Nearest Neighbors,Naive Bayes,C,Data Analytics,Data Cleaning and Preprocessing,11
DA_1072,Why is feature scaling important for gradient descent?,It removes outliers,It ensures all features contribute equally and speeds convergence,It reduces number of features,It removes missing values,B,Data Analytics,Data Cleaning and Preprocessing,18
DA_1073,What is the range of values after Min-Max scaling?,"[0, 100]","[-1, 1]","[0, 1]","[-inf, inf]",C,Data Analytics,Data Cleaning and Preprocessing,18
DA_1074,What does StandardScaler produce?,Values between 0 and 1,Values with mean=0 and std=1,Values between -1 and 1,Log-transformed values,B,Data Analytics,Data Cleaning and Preprocessing,13
DA_1075,Which scaler is best for data with significant outliers?,MinMaxScaler,StandardScaler,RobustScaler,MaxAbsScaler,C,Data Analytics,Data Cleaning and Preprocessing,25
DA_1076,Write a Python program to detect and handle outliers using the IQR method on a sample dataset.,,,,,"import pandas as pd
 import numpy as np
 
 # Sample data with outliers
 data = {'value': [10, 12, 14, 13, 11, 100, 9, 15, 110, 12, 13]}
 df = pd.DataFrame(data)
 
 # Compute IQR
 Q1 = df['value'].quantile(0.25)
 Q3 = df['value'].quantile(0.75)
 IQR = Q3 - Q1
 
 lower = Q1 - 1.5 * IQR
 upper = Q3 + 1.5 * IQR
 
 print(f""Q1={Q1}, Q3={Q3}, IQR={IQR}"")
 print(f""Lower bound: {lower}, Upper bound: {upper}"")
 
 # Filter outliers
 outliers = df[(df['value'] < lower) | (df['value'] > upper)]
 print(""Outliers detected:"")
 print(outliers)
 
 # Remove outliers
 df_clean = df[(df['value'] >= lower) & (df['value'] <= upper)]
 print(""Clean data:"")
 print(df_clean['value'].tolist())
 
 # Output:
 # Q1=11.0, Q3=14.0, IQR=3.0
 # Lower bound: 6.5, Upper bound: 18.5
 # Outliers detected:
 # value
 # 5 100
 # 8 110
 # Clean data:
 # [10, 12, 14, 13, 11, 9, 15, 12, 13]",Data Analytics,Data Cleaning and Preprocessing,23
DA_1077,Write a Python program to apply Min-Max normalization and Z-score standardization to a numeric column.,,,,,"import pandas as pd
 import numpy as np
 
 # Sample data
 data = {'salary': [30000, 50000, 45000, 70000, 35000, 60000]}
 df = pd.DataFrame(data)
 
 # Min-Max Normalization: scales to [0, 1]
 df['salary_minmax'] = (df['salary'] - df['salary'].min()) / (df['salary'].max() - df['salary'].min())
 
 # Z-score Standardization: mean=0, std=1
 df['salary_zscore'] = (df['salary'] - df['salary'].mean()) / df['salary'].std()
 
 print(df.round(4))
 
 # Output:
 # salary salary_minmax salary_zscore
 # 0 30000 0.0000 -1.3728
 # 1 50000 0.5000 0.1372
 # 2 45000 0.3750 -0.2287
 # 3 70000 1.0000 1.6460
 # 4 35000 0.1250 -0.9155
 # 5 60000 0.7500 0.7343",Data Analytics,Data Cleaning and Preprocessing,19
DA_1078,Write a Python program to perform one-hot encoding and label encoding on a categorical column.,,,,,"import pandas as pd
 from sklearn.preprocessing import LabelEncoder
 
 # Sample data
 df = pd.DataFrame({'color': ['Red', 'Blue', 'Green', 'Red', 'Blue']})
 
 # One-Hot Encoding
 df_ohe = pd.get_dummies(df, columns=['color'], prefix='color')
 print(""One-Hot Encoded:"")
 print(df_ohe)
 
 # Label Encoding
 le = LabelEncoder()
 df['color_label'] = le.fit_transform(df['color'])
 print(""Label Encoded:"")
 print(df)
 
 # Output:
 # One-Hot Encoded:
 # color_Blue color_Green color_Red
 # 0 False False True
 # 1 True False False
 # 2 False True False
 # 3 False False True
 # 4 True False False
 # Label Encoded:
 # color color_label
 # 0 Red 2
 # 1 Blue 0
 # 2 Green 1
 # 3 Red 2
 # 4 Blue 0",Data Analytics,Data Cleaning and Preprocessing,21
DA_1079,"Write a Python program to use pd.cut() to bin ages into categories: Child (0-12), Teen (13-17), Adult (18-59), Senior (60+).",,,,,"import pandas as pd
 
 # Sample age data
 data = {'name': ['Alice','Bob','Charlie','Diana','Eve','Frank'],
  'age': [8, 15, 30, 65, 17, 45]}
 df = pd.DataFrame(data)
 
 # Define bins and labels
 bins = [0, 12, 17, 59, 100]
 labels = ['Child', 'Teen', 'Adult', 'Senior']
 
 # Apply pd.cut()
 df['age_group'] = pd.cut(df['age'], bins=bins, labels=labels)
 print(df)
 
 # Output:
 # name age age_group
 # 0 Alice 8 Child
 # 1 Bob 15 Teen
 # 2 Charlie 30 Adult
 # 3 Diana 65 Senior
 # 4 Eve 17 Teen
 # 5 Frank 45 Adult",Data Analytics,Data Cleaning and Preprocessing,23
DA_1080,Write a Python program to convert data types in a DataFrame and verify the changes.,,,,,"import pandas as pd
 import numpy as np
 
 # Create DataFrame with mixed types
 df = pd.DataFrame({
  'id': ['1', '2', '3', '4'],
  'score': ['88.5', '75.0', '92.3', '81.7'],
  'passed': [1, 0, 1, 1]
 })
 
 print(""Before conversion:"")
 print(df.dtypes)
 
 # Convert types
 df['id'] = df['id'].astype(int)
 df['score'] = df['score'].astype(float)
 df['passed'] = df['passed'].astype(bool)
 
 print(""After conversion:"")
 print(df.dtypes)
 print(df)
 
 # Output:
 # Before conversion:
 # id object
 # score object
 # passed int64
 # dtype: object
 # After conversion:
 # id int64
 # score float64
 # passed bool
 # dtype: object",Data Analytics,Data Cleaning and Preprocessing,23
DA_1081,"Write a Python program to detect duplicates, show them, and remove them from a DataFrame.",,,,,"import pandas as pd
 
 # DataFrame with duplicate rows
 data = {
  'product': ['A', 'B', 'C', 'A', 'B', 'D'],
  'price': [10, 20, 30, 10, 20, 40],
  'qty': [5, 3, 7, 5, 3, 2]
 }
 df = pd.DataFrame(data)
 
 print(""Total rows:"", len(df))
 print(""Duplicate rows:"")
 print(df[df.duplicated(keep=False)])
 
 # Remove duplicates
 df_unique = df.drop_duplicates()
 print(""After removing duplicates:"", len(df_unique), ""rows"")
 print(df_unique)
 
 # Output:
 # Total rows: 6
 # Duplicate rows:
 # product price qty
 # 0 A 10 5
 # 1 B 20 3
 # 3 A 10 5
 # 4 B 20 3
 # After removing duplicates: 4 rows",Data Analytics,Data Cleaning and Preprocessing,21
DA_1082,Write a Python program using sklearn's SimpleImputer to fill missing values with mean and median strategies.,,,,,"import pandas as pd
 import numpy as np
 from sklearn.impute import SimpleImputer
 
 # Data with missing values
 data = {'age': [25, np.nan, 30, np.nan, 35, 28],
  'income': [50000, 60000, np.nan, 45000, np.nan, 55000]}
 df = pd.DataFrame(data)
 
 print(""Original data with NaN:"")
 print(df)
 
 # Mean imputation
 mean_imp = SimpleImputer(strategy='mean')
 df_mean = pd.DataFrame(mean_imp.fit_transform(df), columns=df.columns)
 print(""After mean imputation:"")
 print(df_mean.round(2))
 
 # Median imputation
 median_imp = SimpleImputer(strategy='median')
 df_median = pd.DataFrame(median_imp.fit_transform(df), columns=df.columns)
 print(""After median imputation:"")
 print(df_median.round(2))
 
 # Output:
 # Original data with NaN:
 # age income
 # 0 25.0 50000.0
 # 1 NaN 60000.0
 # 2 30.0 NaN
 # 3 NaN 45000.0
 # 4 35.0 NaN
 # 5 28.0 55000.0",Data Analytics,Data Cleaning and Preprocessing,18
DA_1083,What does df.describe() NOT include by default for numeric columns?,Mean,Median,Standard deviation,75th percentile,B,Data Analytics,Exploratory Data Analysis,13
DA_1084,"What is the arithmetic mean of [2, 4, 6, 8, 10]?",5,6,7,8,B,Data Analytics,Exploratory Data Analysis,20
DA_1085,"What is the median of [3, 1, 4, 1, 5, 9, 2, 6]?",3.5,4,3,5,A,Data Analytics,Exploratory Data Analysis,15
DA_1086,"What is the mode of [2, 3, 3, 5, 7, 3, 9]?",2,5,3,7,C,Data Analytics,Exploratory Data Analysis,13
DA_1087,What does a high standard deviation indicate?,Data is clustered near the mean,Data is widely spread from the mean,Data is normally distributed,Data has no outliers,B,Data Analytics,Exploratory Data Analysis,15
DA_1088,What is variance?,Average deviation from mean,Square of standard deviation / average squared deviation,Difference between max and min,Sum of all values,B,Data Analytics,Exploratory Data Analysis,19
DA_1089,What is the formula for population variance?,sum(x)/n,sum((x-mean)^2)/n,sum((x-mean))/n,sum(x^2)/n,B,Data Analytics,Exploratory Data Analysis,25
DA_1090,What is the range of a dataset?,Standard deviation,Max - Min,Median - Mean,Q3 - Q1,B,Data Analytics,Exploratory Data Analysis,22
DA_1091,What does the 25th percentile (Q1) represent?,25% of data is above this value,25% of data is below this value,Average of lowest 25% of values,Median of the dataset,B,Data Analytics,Exploratory Data Analysis,14
DA_1092,What does a coefficient of variation (CV) measure?,Absolute variability,Relative variability (std/mean),Skewness,Kurtosis,B,Data Analytics,Exploratory Data Analysis,16
DA_1093,What is skewness in statistics?,Measure of variability,Measure of asymmetry of distribution,Measure of correlation,Measure of central tendency,B,Data Analytics,Exploratory Data Analysis,13
DA_1094,What does positive skewness indicate?,Tail extends to the left,Mean < Median,Tail extends to the right,Symmetric distribution,C,Data Analytics,Exploratory Data Analysis,13
DA_1095,What is kurtosis?,Measure of asymmetry,Measure of the 'tailedness' of a distribution,Measure of correlation,Standard deviation squared,B,Data Analytics,Exploratory Data Analysis,15
DA_1096,What does df['col'].quantile(0.75) return?,25th percentile,Median,75th percentile,Maximum value,C,Data Analytics,Exploratory Data Analysis,18
DA_1097,What is the difference between population std and sample std?,No difference,"Population divides by n, sample divides by n-1","Sample divides by n, population divides by n-1",Population adds 1 to mean,B,Data Analytics,Exploratory Data Analysis,24
DA_1098,What does df['col'].value_counts(normalize=True) return?,Raw counts,Relative frequencies (proportions),Cumulative frequencies,Sorted unique values,B,Data Analytics,Exploratory Data Analysis,18
DA_1099,What is a frequency table?,Sorted list of values,Table showing count of each unique value,Pivot table,Histogram data,B,Data Analytics,Exploratory Data Analysis,13
DA_1100,What does pd.cut() help create in EDA?,Scatter plot,Frequency distribution for continuous data,Correlation matrix,Time series plot,B,Data Analytics,Exploratory Data Analysis,18
DA_1101,What does cumulative frequency represent?,Count of each value,Running total of frequencies,Relative frequency,Max frequency,B,Data Analytics,Exploratory Data Analysis,23
DA_1102,What is the relationship between a histogram and frequency distribution?,No relationship,A histogram visualizes the frequency distribution,Histogram shows correlation,Histogram shows mode only,B,Data Analytics,Exploratory Data Analysis,21
DA_1103,What does a correlation coefficient of +1 indicate?,No correlation,Perfect negative correlation,Perfect positive correlation,Random relationship,C,Data Analytics,Exploratory Data Analysis,23
DA_1104,What does a correlation coefficient of 0 indicate?,Perfect positive correlation,Perfect negative correlation,No linear correlation,Weak positive correlation,C,Data Analytics,Exploratory Data Analysis,18
DA_1105,What is the range of Pearson correlation coefficient?,"[0, 1]","[-inf, +inf]","[-1, 1]","[0, inf]",C,Data Analytics,Exploratory Data Analysis,13
DA_1106,Which method computes pairwise correlation in Pandas?,df.covariance(),df.corr(),df.correlation(),df.pearson(),B,Data Analytics,Exploratory Data Analysis,20
DA_1107,What does df.cov() compute?,Correlation matrix,Covariance matrix,Variance of each column,Standard deviation matrix,B,Data Analytics,Exploratory Data Analysis,25
DA_1108,What is the difference between correlation and covariance?,No difference,"Correlation is standardized covariance (no units, bounded)",Covariance is always positive,Correlation measures only linear relationships,B,Data Analytics,Exploratory Data Analysis,23
DA_1109,A correlation of -0.85 indicates:,Weak negative correlation,Weak positive correlation,Strong positive correlation,Strong negative correlation,D,Data Analytics,Exploratory Data Analysis,25
DA_1110,What does df.corr(method='spearman') compute?,Linear correlation,Rank-based correlation (Spearman),Kendall correlation,Partial correlation,B,Data Analytics,Exploratory Data Analysis,20
DA_1111,Which visualization best displays a correlation matrix?,Bar chart,Line chart,Heatmap,Scatter plot,C,Data Analytics,Exploratory Data Analysis,12
DA_1112,What does a covariance of 0 between two variables mean?,Strong positive relationship,They are linearly unrelated,Strong negative relationship,They are identical,B,Data Analytics,Exploratory Data Analysis,20
DA_1113,What is EDA primarily used for?,Building machine learning models,Understanding data structure and patterns before modeling,Cleaning data only,Visualizing data only,B,Data Analytics,Exploratory Data Analysis,12
DA_1114,What is a scatter plot used for in EDA?,Showing distributions,Showing relationship between two variables,Showing frequency,Showing time trends,B,Data Analytics,Exploratory Data Analysis,19
DA_1115,What does an outlier in a scatter plot indicate?,High correlation,A data point far from the pattern,Missing value,Perfect fit,B,Data Analytics,Exploratory Data Analysis,17
DA_1116,What is a bivariate analysis?,Analysis of one variable,Analysis of the relationship between two variables,Analysis of three variables,Analysis of time series,B,Data Analytics,Exploratory Data Analysis,16
DA_1117,What is a univariate analysis?,Analysis of one variable at a time,Analysis of two variables,Multivariate analysis,Time series analysis,A,Data Analytics,Exploratory Data Analysis,17
DA_1118,What does a box plot reveal about data distribution?,Exact frequency of each value,"Median, quartiles, and outliers",Mean and mode only,Correlation between variables,B,Data Analytics,Exploratory Data Analysis,18
DA_1119,What is a heatmap in EDA?,A plot showing temperature data,Color-coded matrix showing magnitude of values,A time series chart,A distribution plot,B,Data Analytics,Exploratory Data Analysis,22
DA_1120,Which EDA technique helps identify multicollinearity?,Histogram,Box plot,Correlation matrix,Frequency table,C,Data Analytics,Exploratory Data Analysis,11
DA_1121,What does a QQ-plot help assess?,Correlation,Whether data follows a normal distribution,Outliers only,Mode of the data,B,Data Analytics,Exploratory Data Analysis,18
DA_1122,What is the purpose of pair plots (pairplot)?,Show single variable distribution,Show pairwise relationships between all variable combinations,Show frequency distribution,Show time trends,B,Data Analytics,Exploratory Data Analysis,13
DA_1123,What does df.corr().stack().sort_values() help find?,All missing values,Most correlated variable pairs,Largest variance columns,Mode of each column,B,Data Analytics,Exploratory Data Analysis,13
DA_1124,What is a five-number summary?,"Mean, mode, median, range, std","Min, Q1, median, Q3, max","Count, mean, std, min, max","Mean, variance, skewness, kurtosis, count",B,Data Analytics,Exploratory Data Analysis,16
DA_1125,What does df.sample(5) do?,Shows first 5 rows,Returns 5 random rows,Shows last 5 rows,Samples 5 columns,B,Data Analytics,Exploratory Data Analysis,14
DA_1126,What does df.nunique() help identify in EDA?,Missing values,Columns with low cardinality (few unique values),Outliers,Correlations,B,Data Analytics,Exploratory Data Analysis,14
DA_1127,What does df.select_dtypes(include='number') do?,Selects all columns,Returns only numeric columns,Returns only string columns,Returns only datetime columns,B,Data Analytics,Exploratory Data Analysis,14
DA_1128,Which function gives a quick numerical summary of all numeric features?,df.head(),df.info(),df.describe(),df.tail(),C,Data Analytics,Exploratory Data Analysis,20
DA_1129,What does a high cardinality column (many unique values) typically mean for encoding?,Use label encoding directly,One-hot encoding becomes problematic,No encoding needed,Use binary encoding always,B,Data Analytics,Exploratory Data Analysis,19
DA_1130,What does df.isnull().mean() * 100 compute?,Number of missing values,Percentage of missing values per column,Mean of all values,Null count,B,Data Analytics,Exploratory Data Analysis,18
DA_1131,What does pd.plotting.scatter_matrix(df) create?,A single scatter plot,Matrix of scatter plots for all numeric pairs,A heatmap,Histograms for each column,B,Data Analytics,Exploratory Data Analysis,13
DA_1132,What does the interquartile range (IQR) measure?,Total spread of data,Middle 50% spread of data,Standard deviation,Mean deviation,B,Data Analytics,Exploratory Data Analysis,11
DA_1133,"Write a Python program to compute full descriptive statistics for a dataset including mean, median, mode, std, variance, and quantiles.",,,,,"import pandas as pd
 import numpy as np
 from scipy import stats
 
 # Sample dataset
 data = {'scores': [78, 82, 90, 85, 76, 90, 88, 72, 90, 95, 60, 88]}
 df = pd.DataFrame(data)
 
 col = df['scores']
 print(""Count:"", col.count())
 print(""Mean:"", col.mean())
 print(""Median:"", col.median())
 print(""Mode:"", col.mode()[0])
 print(""Std Dev:"", round(col.std(), 4))
 print(""Variance:"", round(col.var(), 4))
 print(""Min:"", col.min(), ""| Max:"", col.max())
 print(""Q1 (25%):"", col.quantile(0.25))
 print(""Q3 (75%):"", col.quantile(0.75))
 print(""IQR:"", col.quantile(0.75) - col.quantile(0.25))
 print(""Skewness:"", round(col.skew(), 4))
 
 # Output:
 # Count: 12
 # Mean: 82.83333333333333
 # Median: 86.5
 # Mode: 90
 # Std Dev: 9.5215
 # Variance: 90.6591
 # Min: 60 | Max: 95
 # Q1 (25%): 78.5
 # Q3 (75%): 90.0
 # IQR: 11.5
 # Skewness: -0.8416",Data Analytics,Exploratory Data Analysis,11
DA_1134,Write a Python program to compute and display the correlation matrix for a DataFrame with multiple numeric columns.,,,,,"import pandas as pd
 import numpy as np
 
 # Sample dataset
 np.random.seed(42)
 df = pd.DataFrame({
  'study_hours': np.random.uniform(1, 10, 20),
  'sleep_hours': np.random.uniform(4, 9, 20),
  'exam_score': np.random.uniform(50, 100, 20)
 })
 
 # Add correlation: more study hours â†’ higher score
 df['exam_score'] = df['study_hours'] * 8 + np.random.uniform(-5, 5, 20)
 
 # Compute correlation matrix
 corr_matrix = df.corr()
 print(""Correlation Matrix:"")
 print(corr_matrix.round(3))
 
 # Find highest correlation pair
 corr_pairs = corr_matrix.unstack()
 corr_pairs = corr_pairs[corr_pairs < 1].sort_values(ascending=False)
 print(""Highest positive correlation:"", corr_pairs.index[0], ""="", round(corr_pairs.iloc[0], 3))
 
 # Output:
 # Correlation Matrix:
 # study_hours sleep_hours exam_score
 # study_hours 1.000 0.023 0.995
 # sleep_hours 0.023 1.000 0.019
 # exam_score 0.995 0.019 1.000
 # Highest positive correlation: ('study_hours', 'exam_score') = 0.995",Data Analytics,Exploratory Data Analysis,11
DA_1135,Write a Python program to create a frequency distribution table for a categorical column.,,,,,"import pandas as pd
 
 # Sample data
 data = {'product': ['A','B','A','C','B','A','D','B','A','C','B','D','A']}
 df = pd.DataFrame(data)
 
 # Frequency table
 freq = df['product'].value_counts()
 relative_freq = df['product'].value_counts(normalize=True).round(4)
 cumulative = relative_freq.cumsum().round(4)
 
 # Combine into summary table
 summary = pd.DataFrame({
  'Count': freq,
  'Relative_Freq': relative_freq,
  'Cumulative_Freq': cumulative
 })
 print(summary)
 
 # Output:
 # Count Relative_Freq Cumulative_Freq
 # product
 # A 5 0.3846 0.3846
 # B 4 0.3077 0.6923
 # C 2 0.1538 0.8462
 # D 2 0.1538 1.0000",Data Analytics,Exploratory Data Analysis,14
DA_1136,Write a Python program to identify skewness and kurtosis in a dataset and interpret the results.,,,,,"import pandas as pd
 import numpy as np
 
 # Create datasets with different skewness
 np.random.seed(1)
 normal = np.random.normal(50, 10, 1000)
 right_skewed = np.random.exponential(scale=10, size=1000)
 
 df = pd.DataFrame({'normal': normal, 'right_skewed': right_skewed})
 
 for col in df.columns:
  print(f""Column: {col}"")
  print(f"" Mean: {df[col].mean():.4f}"")
  print(f"" Median: {df[col].median():.4f}"")
  print(f"" Skewness: {df[col].skew():.4f}"")
  print(f"" Kurtosis: {df[col].kurtosis():.4f}"")
 
 # Output:
 # Column: normal
 # Mean: 50.2854
 # Median: 50.3199
 # Skewness: 0.0252
 # Kurtosis: -0.0327
 # Column: right_skewed
 # Mean: 10.0948
 # Median: 6.9716
 # Skewness: 2.0357
 # Kurtosis: 6.4281",Data Analytics,Exploratory Data Analysis,24
DA_1137,"Write a Python program to perform complete EDA on a sample DataFrame: shape, dtypes, missing values, unique counts, and descriptive statistics.",,,,,"import pandas as pd
 import numpy as np
 
 # Sample employee dataset
 np.random.seed(7)
 df = pd.DataFrame({
  'age': np.random.randint(22, 60, 50),
  'department': np.random.choice(['IT','HR','Finance','Marketing'], 50),
  'salary': np.random.randint(30000, 100000, 50),
  'experience': np.random.randint(1, 35, 50)
 })
 # Introduce some missing values
 df.loc[5:7, 'salary'] = np.nan
 
 print(""=== Shape ==="")
 print(df.shape)
 
 print(""=== Data Types ==="")
 print(df.dtypes)
 
 print(""=== Missing Values ==="")
 print(df.isnull().sum())
 
 print(""=== Unique Values ==="")
 print(df.nunique())
 
 print(""=== Descriptive Statistics ==="")
 print(df.describe().round(2))
 
 # Output:
 # === Shape ===
 # (50, 4)
 # === Data Types ===
 # age int64
 # department object
 # salary float64
 # experience int64
 # dtype: object",Data Analytics,Exploratory Data Analysis,16
DA_1138,Write a Python program to compute covariance and correlation between study hours and test scores.,,,,,"import pandas as pd
 
 # Sample data
 data = {
  'study_hours': [2, 3, 5, 6, 8, 7, 4, 9, 1, 5],
  'test_score': [50, 55, 70, 72, 88, 82, 65, 95, 40, 68]
 }
 df = pd.DataFrame(data)
 
 # Covariance
 cov = df['study_hours'].cov(df['test_score'])
 print(f""Covariance: {cov:.4f}"")
 
 # Pearson Correlation
 corr = df['study_hours'].corr(df['test_score'])
 print(f""Pearson Correlation: {corr:.4f}"")
 
 # Interpretation
 if corr > 0.7:
  print(""Interpretation: Strong positive correlation"")
 elif corr > 0.4:
  print(""Interpretation: Moderate positive correlation"")
 else:
  print(""Interpretation: Weak correlation"")
 
 # Output:
 # Covariance: 57.6111
 # Pearson Correlation: 0.9949
 # Interpretation: Strong positive correlation",Data Analytics,Exploratory Data Analysis,14
DA_1139,Write a Python program to compute percentiles and interquartile range (IQR) and identify outlier boundaries.,,,,,"import pandas as pd
 
 # Sample data
 salaries = pd.Series([35000, 40000, 42000, 45000, 50000,
  55000, 58000, 62000, 200000, 300000])
 
 # Compute percentiles
 p25 = salaries.quantile(0.25)
 p50 = salaries.quantile(0.50)
 p75 = salaries.quantile(0.75)
 p90 = salaries.quantile(0.90)
 
 print(f""25th percentile (Q1): {p25}"")
 print(f""50th percentile (Median): {p50}"")
 print(f""75th percentile (Q3): {p75}"")
 print(f""90th percentile: {p90}"")
 
 iqr = p75 - p25
 lower = p25 - 1.5 * iqr
 upper = p75 + 1.5 * iqr
 print(f""IQR: {iqr}"")
 print(f""Outlier lower bound: {lower}"")
 print(f""Outlier upper bound: {upper}"")
 print(""Outliers:"", salaries[salaries > upper].tolist())
 
 # Output:
 # 25th percentile (Q1): 42750.0
 # 50th percentile (Median): 52500.0
 # 75th percentile (Q3): 59500.0
 # 90th percentile: 170000.0
 # IQR: 16750.0
 # Outlier lower bound: 17625.0
 # Outlier upper bound: 84625.0
 # Outliers: [200000, 300000]",Data Analytics,Exploratory Data Analysis,21
DA_1140,Which function creates a figure and axes simultaneously in Matplotlib?,plt.figure(),plt.subplots(),plt.axes(),plt.plot(),B,Data Analytics,Data Visualization,21
DA_1141,"What does fig, ax = plt.subplots() return?",Two figure objects,A Figure and an Axes object,An array of axes,A plot and legend,B,Data Analytics,Data Visualization,13
DA_1142,How do you set the figure size in Matplotlib?,"plt.size((10,6))","plt.figure(figsize=(10,6))","plt.resize(10,6)","plt.set_size(10,6)",B,Data Analytics,Data Visualization,18
DA_1143,What does plt.show() do?,Saves the plot,Displays the plot,Clears the figure,Resets axes,B,Data Analytics,Data Visualization,24
DA_1144,Which parameter controls the resolution (DPI) of a saved figure?,resolution,quality,dpi,pixel,C,Data Analytics,Data Visualization,18
DA_1145,What does plt.clf() do?,Closes the figure window,Clears the current figure,Saves the figure,Displays the figure,B,Data Analytics,Data Visualization,16
DA_1146,"What does ax.set_xlim(0, 100) do?",Adds a label,Sets x-axis range to 0-100,Changes x-axis scale,Rotates x-axis labels,B,Data Analytics,Data Visualization,19
DA_1147,How do you create a 2x2 grid of subplots?,plt.subplots(4),"plt.subplots(2,2)","plt.grid(2,2)","plt.axes(2,2)",B,Data Analytics,Data Visualization,22
DA_1148,Which function adds a title to a Matplotlib plot?,plt.title(),plt.label(),plt.heading(),plt.name(),A,Data Analytics,Data Visualization,20
DA_1149,Which function labels the x-axis in Matplotlib?,plt.xlabel(),plt.xname(),plt.x_label(),plt.axis_x(),A,Data Analytics,Data Visualization,11
DA_1150,How do you add a y-axis label using an Axes object?,ax.y_label(),ax.set_ylabel(),ax.ylabel(),ax.label_y(),B,Data Analytics,Data Visualization,23
DA_1151,What does fontsize parameter do in plt.title()?,Changes font color,Changes font size,Changes font weight,Changes font family,B,Data Analytics,Data Visualization,18
DA_1152,How do you rotate x-axis tick labels?,plt.xticks(rotation=45),plt.rotate_xticks(45),plt.x_rotation(45),plt.axis_rotation(45),A,Data Analytics,Data Visualization,16
DA_1153,Which function adds a text annotation to a specific point on a plot?,plt.text(),plt.label(),plt.mark(),plt.note(),A,Data Analytics,Data Visualization,11
DA_1154,What does plt.tight_layout() do?,Makes axes equal,Adjusts spacing to prevent overlapping elements,Saves the figure,Shows the plot,B,Data Analytics,Data Visualization,14
DA_1155,Which function adds a legend to a Matplotlib plot?,plt.label(),plt.legend(),plt.mark(),plt.key(),B,Data Analytics,Data Visualization,15
DA_1156,What does the loc parameter in plt.legend() control?,Legend font size,Legend position,Legend color,Legend title,B,Data Analytics,Data Visualization,17
DA_1157,Which value of loc places the legend in the upper right?,best',upper right',top right',right top',B,Data Analytics,Data Visualization,18
DA_1158,How do you add a label to a plot line for the legend?,"plt.plot(x,y, name='line')","plt.plot(x,y, label='line')","plt.plot(x,y, key='line')","plt.plot(x,y, legend='line')",B,Data Analytics,Data Visualization,19
DA_1159,What does plt.legend(frameon=False) do?,Removes legend,Adds legend border,Removes legend border box,Changes legend position,C,Data Analytics,Data Visualization,22
DA_1160,Which Matplotlib function creates a line chart?,plt.bar(),plt.plot(),plt.line(),plt.scatter(),B,Data Analytics,Data Visualization,22
DA_1161,What does linestyle='--' do in plt.plot()?,Creates a dotted line,Creates a solid line,Creates a dashed line,Creates a dash-dot line,C,Data Analytics,Data Visualization,16
DA_1162,What does marker='o' do in plt.plot()?,Draws a square at each point,Draws a circle at each data point,Changes line color,Removes the line,B,Data Analytics,Data Visualization,20
DA_1163,Which parameter changes the line color in plt.plot()?,col,c,color,hue,C,Data Analytics,Data Visualization,19
DA_1164,When is a line chart most appropriate?,Comparing categories,Showing distribution,Showing trends over time,Showing proportions,C,Data Analytics,Data Visualization,14
DA_1165,"What does plt.plot(x, y, 'r-') do?",Plots a blue dashed line,Plots a red solid line,Plots a red dashed line,Plots a green solid line,B,Data Analytics,Data Visualization,18
DA_1166,Which function creates a vertical bar chart in Matplotlib?,plt.bar(),plt.barh(),plt.bars(),plt.column(),A,Data Analytics,Data Visualization,13
DA_1167,Which function creates a horizontal bar chart?,plt.bar(),plt.barh(),plt.hbar(),plt.hbars(),B,Data Analytics,Data Visualization,14
DA_1168,When is a bar chart most appropriate?,Showing time trends,Showing distribution of continuous data,Comparing values across categories,Showing correlations,C,Data Analytics,Data Visualization,20
DA_1169,What does the width parameter in plt.bar() control?,Bar color,Bar label,Width of bars,Gap between bars,C,Data Analytics,Data Visualization,14
DA_1170,"What does plt.bar(categories, values, color='green') do?",Creates a bar chart with default color,Creates a green-colored bar chart,Adds a green border to bars,Fills gaps with green,B,Data Analytics,Data Visualization,16
DA_1171,What does a grouped bar chart show?,Multiple series side by side,A single series,Stacked bars,Pie segments,A,Data Analytics,Data Visualization,25
DA_1172,Which function creates a histogram in Matplotlib?,plt.hist(),plt.bar(),plt.distribution(),plt.histogram(),A,Data Analytics,Data Visualization,19
DA_1173,What does the bins parameter in plt.hist() control?,Bar color,Number of intervals,Range of values,Y-axis scale,B,Data Analytics,Data Visualization,16
DA_1174,When is a histogram most appropriate?,Comparing categories,Showing distribution of a continuous variable,Showing time trends,Showing correlations,B,Data Analytics,Data Visualization,11
DA_1175,What does edgecolor='black' in plt.hist() do?,Colors bars black,Adds black borders to bars,Changes background color,Removes borders,B,Data Analytics,Data Visualization,15
DA_1176,What does density=True in plt.hist() do?,Adds density labels,Normalizes histogram to show probability density,Doubles bar heights,Squares the frequency,B,Data Analytics,Data Visualization,19
DA_1177,Which function creates a scatter plot in Matplotlib?,plt.plot(),plt.scatter(),plt.dots(),plt.points(),B,Data Analytics,Data Visualization,15
DA_1178,When is a scatter plot most useful?,Comparing categories,Showing frequency distribution,Showing relationship between two continuous variables,Showing part-to-whole,C,Data Analytics,Data Visualization,16
DA_1179,What does the c parameter in plt.scatter() control?,Circle size,Marker color,Transparency,Marker shape,B,Data Analytics,Data Visualization,13
DA_1180,What does the s parameter in plt.scatter() control?,Symbol type,Size of markers,Shade of color,Speed of rendering,B,Data Analytics,Data Visualization,18
DA_1181,What does alpha=0.5 in plt.scatter() do?,Doubles marker size,Sets marker transparency to 50%,Changes marker color,Removes markers,B,Data Analytics,Data Visualization,20
DA_1182,What does a scatter plot with a clear upward trend indicate?,Negative correlation,No correlation,Positive correlation,Non-linear relationship,C,Data Analytics,Data Visualization,21
DA_1183,Which function creates a pie chart in Matplotlib?,plt.pie_chart(),plt.pie(),plt.donut(),plt.circle(),B,Data Analytics,Data Visualization,23
DA_1184,When is a pie chart most appropriate?,Showing trends over time,Showing distribution of continuous data,Showing part-to-whole proportions for a few categories,Comparing two variables,C,Data Analytics,Data Visualization,14
DA_1185,What does the autopct='%1.1f%%' parameter in plt.pie() do?,Shows labels,Shows percentage values on slices,Shows slice counts,Shows category names,B,Data Analytics,Data Visualization,14
DA_1186,What does the explode parameter in plt.pie() do?,Removes a slice,Offsets specific slices from the center,Adds borders,Changes colors,B,Data Analytics,Data Visualization,21
DA_1187,What does startangle=90 in plt.pie() do?,Rotates pie by 90 degrees counterclockwise,Rotates pie by 90 degrees clockwise,Starts from the bottom,Changes slice order,A,Data Analytics,Data Visualization,22
DA_1188,Which Seaborn function creates a count plot?,sns.countplot(),sns.barplot(),sns.catplot(),sns.freqplot(),A,Data Analytics,Data Visualization,15
DA_1189,"What does sns.countplot(x='category', data=df) show?",Sum of values per category,Mean per category,Count of observations per category,Proportion per category,C,Data Analytics,Data Visualization,24
DA_1190,Which Seaborn function creates a box plot?,sns.hist(),sns.violin(),sns.boxplot(),sns.box(),C,Data Analytics,Data Visualization,20
DA_1191,What information does a box plot convey?,Mean only,"Median, Q1, Q3, whiskers, and outliers",Mode and mean,Standard deviation only,B,Data Analytics,Data Visualization,25
DA_1192,Which Seaborn function creates a violin plot?,sns.boxplot(),sns.violin(),sns.violinplot(),sns.distplot(),C,Data Analytics,Data Visualization,19
DA_1193,What does a violin plot add compared to a box plot?,Shows mean,Shows distribution shape (KDE) along with quartiles,Shows standard deviation,Shows frequency,B,Data Analytics,Data Visualization,23
DA_1194,Which function creates a distribution/histogram plot in Seaborn?,sns.hist(),sns.histplot(),sns.distplot() [deprecated],Both B and C,B,Data Analytics,Data Visualization,18
DA_1195,Which Seaborn function creates a regression plot with a trend line?,sns.lmplot(),sns.regplot(),sns.scatterplot(trend=True),Both A and B,D,Data Analytics,Data Visualization,17
DA_1196,What does sns.heatmap(df.corr()) create?,A scatter plot of correlations,A color-coded matrix of correlation values,A bar chart,A distribution plot,B,Data Analytics,Data Visualization,15
DA_1197,Which Seaborn function creates a pair plot showing all variable combinations?,sns.jointplot(),sns.pairplot(),sns.facetgrid(),sns.matrixplot(),B,Data Analytics,Data Visualization,19
DA_1198,What does the hue parameter in Seaborn plots do?,Changes plot background,Colors points/bars by a third categorical variable,Adjusts plot transparency,Changes axis scale,B,Data Analytics,Data Visualization,19
DA_1199,What does sns.FacetGrid do?,Creates a single chart,Creates a grid of plots for each subset of data,Creates a heatmap,Creates a pair plot,B,Data Analytics,Data Visualization,20
DA_1200,What does plt.annotate() do?,Adds a title,Adds an annotation with optional arrow to a specific point,Creates a text box,Adds a legend,B,Data Analytics,Data Visualization,20
DA_1201,What does plt.grid(True) do?,Creates a subplot grid,Adds gridlines to the plot,Enables grid-snapping,Sets axis range,B,Data Analytics,Data Visualization,12
DA_1202,Which Seaborn function creates a KDE (Kernel Density Estimate) plot?,sns.kdeplot(),sns.kde(),sns.density(),sns.smooth(),A,Data Analytics,Data Visualization,14
DA_1203,What does sns.set_style('darkgrid') do?,Changes the plot type,Sets the Seaborn plot theme/background,Changes the color palette,Adjusts font sizes,B,Data Analytics,Data Visualization,18
DA_1204,"What does plt.savefig('plot.png', dpi=150) do?",Shows the plot,Saves the plot as a PNG file with 150 DPI,Prints the plot,Exports to PDF,B,Data Analytics,Data Visualization,23
DA_1205,Which chart is most appropriate for showing distribution of salaries across departments?,Line chart,Pie chart,Box plot or violin plot,Scatter plot,C,Data Analytics,Data Visualization,24
DA_1206,What does sns.barplot() show by default unlike sns.countplot()?,Frequencies,Mean values with confidence intervals,Median values,Totals,B,Data Analytics,Data Visualization,11
DA_1207,When is a KDE plot preferred over a histogram?,When data is discrete,When you want a smooth continuous estimate of the distribution,When categories are needed,When showing trends over time,B,Data Analytics,Data Visualization,23
DA_1208,What does the palette parameter in Seaborn plots control?,Plot size,Color scheme,Marker shape,Axis limits,B,Data Analytics,Data Visualization,25
DA_1209,Which visualization shows the joint distribution of two variables?,Histogram,Box plot,Joint plot / 2D scatter,Bar chart,C,Data Analytics,Data Visualization,15
DA_1210,What does the dodge parameter in sns.barplot() do?,Moves bars off axis,Separates bars by hue groups side by side,Stacks bars,Adds error bars,B,Data Analytics,Data Visualization,18
DA_1211,What does plt.subplots_adjust(hspace=0.5) do?,Adjusts horizontal spacing,Adjusts vertical spacing between subplots,Changes figure size,Adds grid lines,B,Data Analytics,Data Visualization,12
DA_1212,"Write a Python program using Matplotlib to create a line chart showing monthly sales data with proper titles, labels, and grid.",,,,,"import matplotlib.pyplot as plt
 
 # Monthly sales data
 months = ['Jan', 'Feb', 'Mar', 'Apr', 'May', 'Jun',
  'Jul', 'Aug', 'Sep', 'Oct', 'Nov', 'Dec']
 sales = [120, 135, 150, 145, 170, 190, 210, 200, 180, 195, 220, 250]
 
 # Create line chart
 plt.figure(figsize=(10, 5))
 plt.plot(months, sales, marker='o', color='steelblue', linewidth=2, label='Monthly Sales')
 plt.title('Monthly Sales Performance 2023', fontsize=14)
 plt.xlabel('Month')
 plt.ylabel('Sales (USD thousands)')
 plt.legend()
 plt.grid(True, linestyle='--', alpha=0.5)
 plt.tight_layout()
 plt.savefig('monthly_sales.png')
 plt.show()
 print(""Line chart created."")
 
 # Output:
 # Line chart created.
 # (A line plot with data points showing monthly sales trend)",Data Analytics,Data Visualization,12
DA_1213,Write a Python program using Matplotlib to create a grouped bar chart comparing sales across two years by quarter.,,,,,"import matplotlib.pyplot as plt
 import numpy as np
 
 # Data
 quarters = ['Q1', 'Q2', 'Q3', 'Q4']
 sales_2022 = [150, 180, 200, 220]
 sales_2023 = [170, 210, 230, 260]
 
 x = np.arange(len(quarters))
 width = 0.35
 
 fig, ax = plt.subplots(figsize=(8, 5))
 
 # Grouped bars
 bars1 = ax.bar(x - width/2, sales_2022, width, label='2022', color='steelblue')
 bars2 = ax.bar(x + width/2, sales_2023, width, label='2023', color='coral')
 
 ax.set_title('Quarterly Sales Comparison (2022 vs 2023)')
 ax.set_xlabel('Quarter')
 ax.set_ylabel('Sales')
 ax.set_xticks(x)
 ax.set_xticklabels(quarters)
 ax.legend()
 plt.tight_layout()
 plt.savefig('grouped_bar.png')
 plt.show()
 print(""Grouped bar chart created."")
 
 # Output:
 # Grouped bar chart created.
 # (A grouped bar chart comparing quarterly sales)",Data Analytics,Data Visualization,23
DA_1214,Write a Python program using Seaborn to create a heatmap of a correlation matrix with annotations.,,,,,"import pandas as pd
 import numpy as np
 import seaborn as sns
 import matplotlib.pyplot as plt
 
 # Sample dataset
 np.random.seed(10)
 df = pd.DataFrame({
  'Age': np.random.randint(20, 60, 50),
  'Income': np.random.randint(30000, 100000, 50),
  'Score': np.random.randint(50, 100, 50),
  'Experience': np.random.randint(1, 30, 50)
 })
 df['Score'] = df['Experience'] * 2 + np.random.randint(-5, 5, 50)
 
 # Compute correlation
 corr = df.corr()
 
 # Create heatmap
 plt.figure(figsize=(6, 5))
 sns.heatmap(corr, annot=True, fmt='.2f', cmap='coolwarm', square=True)
 plt.title('Correlation Heatmap')
 plt.tight_layout()
 plt.savefig('heatmap.png')
 plt.show()
 print(""Heatmap created."")
 
 # Output:
 # Heatmap created.
 # (Color-coded correlation matrix with values annotated)",Data Analytics,Data Visualization,18
DA_1215,Write a Python program using Seaborn to create a box plot comparing salary distributions across departments.,,,,,"import pandas as pd
 import numpy as np
 import seaborn as sns
 import matplotlib.pyplot as plt
 
 # Sample data
 np.random.seed(3)
 data = {
  'department': np.repeat(['IT','HR','Finance','Marketing'], 25),
  'salary': np.concatenate([
  np.random.randint(60000, 100000, 25), # IT
  np.random.randint(40000, 70000, 25), # HR
  np.random.randint(70000, 110000, 25), # Finance
  np.random.randint(45000, 80000, 25) # Marketing
  ])
 }
 df = pd.DataFrame(data)
 
 # Create box plot
 plt.figure(figsize=(8, 5))
 sns.boxplot(x='department', y='salary', data=df, palette='Set2')
 plt.title('Salary Distribution by Department')
 plt.xlabel('Department')
 plt.ylabel('Salary (USD)')
 plt.tight_layout()
 plt.savefig('boxplot.png')
 plt.show()
 print(""Box plot created."")
 
 # Output:
 # Box plot created.
 # (Box plots showing salary spread per department with median line)",Data Analytics,Data Visualization,20
DA_1216,"Write a Python program using Matplotlib to create a 2x2 subplot grid showing line, bar, scatter, and histogram plots.",,,,,"import matplotlib.pyplot as plt
 import numpy as np
 
 np.random.seed(5)
 x = np.arange(1, 11)
 y = x ** 2
 
 fig, axes = plt.subplots(2, 2, figsize=(10, 8))
 
 # Line chart
 axes[0, 0].plot(x, y, color='blue', marker='o')
 axes[0, 0].set_title('Line Chart')
 
 # Bar chart
 axes[0, 1].bar(x, y, color='green')
 axes[0, 1].set_title('Bar Chart')
 
 # Scatter plot
 scatter_x = np.random.rand(50)
 scatter_y = scatter_x + np.random.rand(50) * 0.3
 axes[1, 0].scatter(scatter_x, scatter_y, color='red', alpha=0.5)
 axes[1, 0].set_title('Scatter Plot')
 
 # Histogram
 data = np.random.normal(50, 10, 200)
 axes[1, 1].hist(data, bins=20, color='purple', edgecolor='black')
 axes[1, 1].set_title('Histogram')
 
 plt.suptitle('2x2 Subplot Grid', fontsize=14)
 plt.tight_layout()
 plt.savefig('subplots.png')
 plt.show()
 print(""Subplots created."")
 
 # Output:
 # Subplots created.
 # (4-panel figure with line, bar, scatter, and histogram)",Data Analytics,Data Visualization,22
DA_1217,Write a Python program using Seaborn to create a pair plot for a dataset with multiple numeric features and color by species.,,,,,"import seaborn as sns
 import matplotlib.pyplot as plt
 
 # Load built-in iris dataset
 iris = sns.load_dataset('iris')
 
 # Create pair plot
 sns.pairplot(iris, hue='species', palette='Set1', diag_kind='kde')
 plt.suptitle('Iris Dataset Pair Plot', y=1.02, fontsize=14)
 plt.savefig('pairplot.png')
 plt.show()
 print(""Pair plot created."")
 print(""Dataset shape:"", iris.shape)
 print(""Species:"", iris['species'].unique().tolist())
 
 # Output:
 # Pair plot created.
 # Dataset shape: (150, 5)
 # Species: ['setosa', 'versicolor', 'virginica']
 # (Grid of scatter plots and KDE plots for all feature combinations)",Data Analytics,Data Visualization,19
DA_1218,Write a Python program using Seaborn to create a violin plot showing score distributions by class.,,,,,"import pandas as pd
 import numpy as np
 import seaborn as sns
 import matplotlib.pyplot as plt
 
 # Sample data
 np.random.seed(8)
 data = {
  'class': np.repeat(['Class A', 'Class B', 'Class C'], 40),
  'score': np.concatenate([
  np.random.normal(70, 10, 40),
  np.random.normal(80, 8, 40),
  np.random.normal(65, 15, 40)
  ])
 }
 df = pd.DataFrame(data)
 
 # Create violin plot
 plt.figure(figsize=(8, 5))
 sns.violinplot(x='class', y='score', data=df, palette='muted', inner='quartile')
 plt.title('Score Distribution by Class (Violin Plot)')
 plt.xlabel('Class')
 plt.ylabel('Score')
 plt.tight_layout()
 plt.savefig('violin.png')
 plt.show()
 print(""Violin plot created."")
 
 # Output:
 # Violin plot created.
 # (Violin plots showing KDE + quartile lines per class)",Data Analytics,Data Visualization,17
DA_1219,Write a Python program using Matplotlib to create a pie chart showing market share of 5 companies.,,,,,"import matplotlib.pyplot as plt
 
 # Market share data
 companies = ['Apple', 'Samsung', 'Xiaomi', 'Oppo', 'Others']
 shares = [27, 20, 13, 10, 30]
 explode = (0.05, 0.05, 0, 0, 0) # Highlight top 2
 colors = ['#FF9999', '#66B2FF', '#99FF99', '#FFCC99', '#C2C2F0']
 
 plt.figure(figsize=(7, 7))
 plt.pie(shares, labels=companies, autopct='%1.1f%%',
  explode=explode, colors=colors,
  startangle=90, shadow=True)
 plt.title('Smartphone Market Share 2023', fontsize=14)
 plt.tight_layout()
 plt.savefig('pie_chart.png')
 plt.show()
 print(""Pie chart created."")
 
 # Output:
 # Pie chart created.
 # (Pie chart showing percentage market share with exploded slices)",Data Analytics,Data Visualization,18
DA_1220,Write a Python program using Seaborn to create a count plot and bar plot to analyze survey data by department.,,,,,"import pandas as pd
 import numpy as np
 import seaborn as sns
 import matplotlib.pyplot as plt
 
 # Survey data
 np.random.seed(4)
 df = pd.DataFrame({
  'department': np.random.choice(['IT','HR','Finance','Marketing'], 100),
  'gender': np.random.choice(['Male','Female'], 100),
  'satisfaction': np.random.randint(1, 6, 100)
 })
 
 fig, axes = plt.subplots(1, 2, figsize=(12, 5))
 
 # Count plot
 sns.countplot(x='department', hue='gender', data=df, ax=axes[0], palette='Set2')
 axes[0].set_title('Employee Count by Department and Gender')
 axes[0].set_xlabel('Department')
 axes[0].set_ylabel('Count')
 
 # Bar plot: average satisfaction by department
 sns.barplot(x='department', y='satisfaction', data=df,
  ax=axes[1], palette='muted', ci='sd')
 axes[1].set_title('Avg Satisfaction by Department')
 axes[1].set_xlabel('Department')
 axes[1].set_ylabel('Avg Satisfaction Score')
 
 plt.tight_layout()
 plt.savefig('survey_analysis.png')
 plt.show()
 print(""Survey analysis charts created."")
 
 # Output:
 # Survey analysis charts created.
 # (Side-by-side count plot and bar plot)",Data Analytics,Data Visualization,15
DA_1221,Write a Python program using Matplotlib to create a scatter plot with annotations highlighting specific data points.,,,,,"import matplotlib.pyplot as plt
 import numpy as np
 
 # Study hours vs exam score data
 np.random.seed(2)
 study = np.random.randint(1, 12, 30)
 score = study * 7 + np.random.randint(-10, 10, 30)
 
 plt.figure(figsize=(8, 5))
 plt.scatter(study, score, color='steelblue', alpha=0.7, s=80, label='Students')
 
 # Annotate the highest scorer
 max_idx = score.argmax()
 plt.annotate(f'Top Student
 ({study[max_idx]}h, {score[max_idx]})',
  xy=(study[max_idx], score[max_idx]),
  xytext=(study[max_idx]+1, score[max_idx]-5),
  arrowprops=dict(arrowstyle='->', color='red'),
  color='red', fontsize=10)
 
 plt.title('Study Hours vs Exam Score')
 plt.xlabel('Study Hours')
 plt.ylabel('Exam Score')
 plt.legend()
 plt.grid(True, alpha=0.3)
 plt.tight_layout()
 plt.savefig('scatter_annotated.png')
 plt.show()
 print(""Annotated scatter plot created."")
 
 # Output:
 # Annotated scatter plot created.
 # (Scatter plot with arrow annotation pointing to highest scorer)",Data Analytics,Data Visualization,11
DA_1222,"What does np.where(condition, x, y) return?",Boolean array,"Elements from x where condition is True, else y",Index where condition is True,Sum where condition is True,B,Data Analytics,NumPy,14
DA_1223,What does np.unique(arr) return?,Mode of array,Sorted unique elements,Count of unique values,Index of unique elements,B,Data Analytics,NumPy,25
DA_1224,What does np.sort(arr) return?,Sorted in-place,A new sorted array (does not modify original),Index of sorted elements,Reverse sorted array,B,Data Analytics,NumPy,12
DA_1225,What does np.argsort(arr) return?,Sorted array,Indices that would sort the array,Maximum values,Minimum indices,B,Data Analytics,NumPy,13
DA_1226,"What does np.clip(arr, a_min=0, a_max=10) do?","Normalizes to [0,10]",Clips values to be between 0 and 10,Removes values outside range,Sets negative values to 0,B,Data Analytics,NumPy,22
DA_1227,"What does np.tile(arr, 3) do?",Reshapes arr,Repeats arr 3 times,Stacks arr 3 times vertically,Multiplies by 3,B,Data Analytics,NumPy,13
DA_1228,"What does np.repeat(arr, 3) do?",Tiles the array,Repeats each element 3 times,Repeats the entire array 3 times,Raises error,B,Data Analytics,NumPy,19
DA_1229,"What does np.concatenate((a,b)) do?",Stacks vertically,Joins arrays along first axis by default,Multiplies arrays,Subtracts arrays,B,Data Analytics,NumPy,23
DA_1230,What does np.diff(arr) compute?,Cumulative sum,First differences between consecutive elements,Second derivative,Product of consecutive elements,B,Data Analytics,NumPy,25
DA_1231,What does np.flip(arr) do?,Sorts the array,Reverses the array,Flips vertically,Transposes,B,Data Analytics,NumPy,20
DA_1232,"What is the result of np.array([1,2,3]) * np.array([2,2,2])?","[3,4,5]","[2,4,6]","[1,4,9]","[6,6,6]",B,Data Analytics,NumPy,25
DA_1233,What does np.isnan(arr) return?,True for NaN values,False for NaN values,Replaces NaN with 0,Count of NaN values,A,Data Analytics,NumPy,14
DA_1234,What does np.nan_to_num(arr) do?,Removes NaN values,"Replaces NaN with 0, inf with large float",Raises error for NaN,Replaces NaN with mean,B,Data Analytics,NumPy,12
DA_1235,What does arr.astype(float) do?,Converts array to list,Creates new array with float dtype,Modifies in place,Rounds all values,B,Data Analytics,NumPy,13
DA_1236,What does np.count_nonzero(arr) return?,Sum of elements,Count of elements not equal to zero,Number of True values,Count of NaN values,B,Data Analytics,NumPy,13
DA_1237,What does np.triu(A) return for a 2D array?,Lower triangular matrix,Upper triangular matrix,Diagonal of A,Full matrix A,B,Data Analytics,NumPy,24
DA_1238,What does np.tril(A) return?,Upper triangular matrix,Lower triangular matrix,Identity matrix,Diagonal array,B,Data Analytics,NumPy,17
DA_1239,"What does np.column_stack([a,b]) do?",Stacks 1D arrays as rows,Stacks 1D arrays as columns,Transposes arrays,Concatenates along axis=0,B,Data Analytics,NumPy,18
DA_1240,"What does np.max(arr, keepdims=True) do?",Returns max as scalar,Returns max with original number of dimensions preserved,Returns max along axis=0,Squares the maximum,B,Data Analytics,NumPy,23
DA_1241,What does np.linalg.matrix_rank(A) compute?,Determinant,Rank of the matrix,Trace,Eigenvalues,B,Data Analytics,NumPy,21
DA_1242,What does df.memory_usage(deep=True) return?,Shape of DataFrame,Memory usage per column in bytes,Data types,Column names,B,Data Analytics,Pandas,23
DA_1243,What does pd.get_dummies(df['col']) do?,Creates dummy variables / one-hot encodes a column,Fills missing values,Sorts the column,Drops duplicate values,A,Data Analytics,Pandas,16
DA_1244,What does df.explode('col') do?,Removes the column,Explodes lists in a column into separate rows,Flattens nested DataFrames,Joins two DataFrames,B,Data Analytics,Pandas,14
DA_1245,What does df.melt() do?,Reshapes wide-format to long-format,Reshapes long to wide,Melts duplicate rows,Merges DataFrames,A,Data Analytics,Pandas,16
DA_1246,What does df.pivot() do?,Reshapes long-format to wide-format,Reshapes wide to long,Creates a pivot table with aggregation,Melts the DataFrame,A,Data Analytics,Pandas,23
DA_1247,What does df.stack() do?,Adds a new column,Moves the innermost column level to innermost row level,Transposes the DataFrame,Drops the index,B,Data Analytics,Pandas,21
DA_1248,What does df.unstack() do?,Drops the index,Moves the innermost row level to innermost column level,Flattens MultiIndex,Merges DataFrames,B,Data Analytics,Pandas,11
DA_1249,"What does pd.to_datetime(df['col'], format='%Y-%m-%d') do?",Formats dates as strings,Parses dates using the specified format,Extracts only year,Adds a time zone,B,Data Analytics,Pandas,23
DA_1250,What does df.assign(new_col=lambda df: df['a'] + df['b']) do?,Modifies column 'a',Adds a new column computed from existing columns without modifying original,Drops columns,Creates a copy,B,Data Analytics,Pandas,20
DA_1251,What does df.pipe(func).pipe(func2) demonstrate?,Error handling,Method chaining for data transformation pipelines,Parallel processing,Recursive transformation,B,Data Analytics,Pandas,18
DA_1252,What does df.eval('col_c = col_a + col_b') do?,Evaluates a Python expression and raises error,Evaluates expression and creates/modifies columns in-place,Creates a copy,Returns a boolean,B,Data Analytics,Pandas,11
DA_1253,What does df.groupby('col').cumsum() compute?,Group totals,Cumulative sum within each group,Rolling sum,Difference within group,B,Data Analytics,Pandas,25
DA_1254,What does df['col'].rank() compute?,Sort position,Rank of each value (lowest=1 by default),Percentile rank,Index position,B,Data Analytics,Pandas,15
DA_1255,What does pd.DataFrame.from_dict(d) do?,Converts DataFrame to dict,Creates a DataFrame from a dictionary,Loads from JSON,Creates from list,B,Data Analytics,Pandas,12
DA_1256,"What does df.swapaxes(0,1) do?",Sorts the DataFrame,Swaps rows and columns (transpose equivalent),Drops the index,Removes column names,B,Data Analytics,Pandas,25
DA_1257,What is the purpose of the sklearn Pipeline?,To train only one model,To chain preprocessing steps and model fitting,To clean only numeric data,To convert to CSV,B,Data Analytics,Data Cleaning and Preprocessing,16
DA_1258,What does ColumnTransformer in sklearn do?,Renames columns,Applies different transformers to different column subsets,Removes columns,Reorders columns,B,Data Analytics,Data Cleaning and Preprocessing,19
DA_1259,What is feature engineering?,Removing features,Creating new features from existing data,Scaling features,Encoding features,B,Data Analytics,Data Cleaning and Preprocessing,15
DA_1260,What is the difference between normalization and standardization?,They are the same,"Normalization scales to [0,1]; standardization transforms to mean=0, std=1","Standardization scales to [0,1]",Normalization adds standard deviation,B,Data Analytics,Data Cleaning and Preprocessing,14
DA_1261,What does PowerTransformer in sklearn do?,Raises all values to power 2,Applies a power transformation to make data more Gaussian,Computes eigenvalues,Drops negative values,B,Data Analytics,Data Cleaning and Preprocessing,24
DA_1262,What is target encoding?,Encoding the target variable,Replacing a categorical value with the mean of the target variable for that category,One-hot encoding,Label encoding,B,Data Analytics,Data Cleaning and Preprocessing,12
DA_1263,When should you apply scaling AFTER splitting into train/test?,Never,Always,Always - to prevent data leakage from test set into training,Only for classification,C,Data Analytics,Data Cleaning and Preprocessing,22
DA_1264,What does ordinal encoding assume about categories?,Categories are unordered,Categories have a natural order,Categories are numeric,Categories are binary,B,Data Analytics,Data Cleaning and Preprocessing,13
DA_1265,What is the purpose of np.log1p() in feature transformation?,Squares the values,Takes log(1+x) to handle zero values and reduce skewness,Removes zeros,"Normalizes to [0,1]",B,Data Analytics,Data Cleaning and Preprocessing,16
DA_1266,What is forward fill in time series data handling?,Fill with next valid value,Fill with previous valid value,Fill with interpolated value,Fill with column mean,B,Data Analytics,Data Cleaning and Preprocessing,18
DA_1267,What does a correlation of exactly -1 between two variables mean?,No relationship,Weak negative relationship,Perfect negative linear relationship,Causation,C,Data Analytics,Exploratory Data Analysis,24
DA_1268,What does the shape of a distribution tell us in EDA?,Number of missing values,"Skewness, modality, and spread of the data",Exact values,Correlation with other variables,B,Data Analytics,Exploratory Data Analysis,18
DA_1269,What is a bimodal distribution?,A distribution with one peak,A distribution with two peaks,A distribution with no peak,A uniform distribution,B,Data Analytics,Exploratory Data Analysis,15
DA_1270,What does outlier treatment affect in EDA?,Only visualization,"Mean, standard deviation, and correlation",Median only,Mode only,B,Data Analytics,Exploratory Data Analysis,15
DA_1271,What does a long right tail in a distribution histogram indicate?,Left skewness,Normal distribution,Right skewness (positive skew),No skewness,C,Data Analytics,Exploratory Data Analysis,20
DA_1272,What is the purpose of seaborn's pairplot in EDA?,To show single-variable distribution,To show all pairwise relationships and univariate distributions,To show time trends,To compare medians,B,Data Analytics,Exploratory Data Analysis,24
DA_1273,"In EDA, what does a flat (uniform) histogram indicate?",Data is normally distributed,All values occur with roughly equal frequency,Data is heavily skewed,Data has many outliers,B,Data Analytics,Exploratory Data Analysis,23
DA_1274,What does Pearson's correlation measure?,Non-linear relationships,Strength and direction of linear relationship,Causal relationship,Rank-order relationship,B,Data Analytics,Exploratory Data Analysis,13
DA_1275,What does a box plot's whisker represent?,Mean values,Minimum and maximum within 1.5*IQR from Q1/Q3,Exact data range,Standard deviation,B,Data Analytics,Exploratory Data Analysis,25
DA_1276,What is the purpose of a Q-Q plot in EDA?,Show categorical frequencies,Compare data distribution to a theoretical distribution,Show time trends,Compare two datasets' means,B,Data Analytics,Exploratory Data Analysis,17
DA_1277,What does sns.set_palette() do?,Sets plot background,Changes default color palette for Seaborn plots,Adjusts figure size,Adds legend,B,Data Analytics,Data Visualization,25
DA_1278,Which chart is best for showing a single variable's distribution?,Scatter plot,Histogram or KDE plot,Line chart,Bar chart,B,Data Analytics,Data Visualization,23
DA_1279,What does alpha control in Matplotlib plots?,Line width,Transparency of the plot elements,Axis scale,Legend position,B,Data Analytics,Data Visualization,16
DA_1280,What does plt.xticks(rotation=90) do?,Moves x-axis labels to the right,Rotates x-axis labels vertically,Removes x-axis labels,Scales x-axis,B,Data Analytics,Data Visualization,25
DA_1281,What is the purpose of using log scale on an axis?,To make the chart smaller,To better visualize data spanning several orders of magnitude,To show percentages,To normalize data,B,Data Analytics,Data Visualization,11
DA_1282,What does ax.invert_yaxis() do?,Removes y-axis,Reverses the y-axis direction,Converts to log scale,Moves y-axis to right,B,Data Analytics,Data Visualization,14
DA_1283,Which Seaborn plot shows individual data points alongside the box plot?,violinplot,stripplot,swarmplot,Both B and C,D,Data Analytics,Data Visualization,16
DA_1284,"What does figsize=(12,6) in plt.figure() specify?",DPI of the figure,"Width=12 inches, Height=6 inches",Number of subplots,Font size,B,Data Analytics,Data Visualization,21
DA_1285,Which chart type is best to compare proportions across multiple groups simultaneously?,Stacked bar chart,Scatter plot,KDE plot,Line chart,A,Data Analytics,Data Visualization,16
DA_1286,What does plt.colorbar() add to a plot?,Bar chart overlay,A color scale legend for colormapped data,A new subplot,A legend,B,Data Analytics,Data Visualization,21
DA_1287,What does the cmap parameter in plt.scatter() control?,Marker size,Color map used to color points by value,Number of markers,Axis scale,B,Data Analytics,Data Visualization,24
DA_1288,What does sns.jointplot(kind='hex') show?,Scatter plot with regression,Hexagonal binning of two variables' joint distribution,Box plot,Histogram,B,Data Analytics,Data Visualization,25
DA_1289,What does ax.secondary_yaxis('right') add?,A second x-axis,A second y-axis on the right side,An annotation,A twin plot,B,Data Analytics,Data Visualization,22
DA_1290,What does sns.residplot() show?,Distribution of residuals,Residuals of a linear regression (errors vs fitted),KDE of residuals,Cumulative residuals,B,Data Analytics,Data Visualization,22
DA_1291,"In a heat map, what does annot=True do?",Adds a title,Displays numeric values inside cells,Adds row labels,Changes color scale,B,Data Analytics,Data Visualization,13
DA_1292,Which Excel feature is used to summarize large datasets? ,Pivot Table,Goal Seek,Macros,Solver,A,Data Analytics,Excel,16
DA_1293,Which SQL clause is used to filter grouped records? ,ORDER BY,HAVING,LIMIT,DISTINCT,B,Data Analytics,SQL,22
DA_1294,Which Power BI component is used to build reports? ,Dashboard,Report View,Gateway,Dataset,B,Data Analytics,Power BI,20
DA_1295,Which measure represents the middle value of ordered data? ,Mean,Mode,Median,Range,C,Data Analytics,Statistics,16
DA_1296,Which Pandas function reads a CSV file? ,read_excel,read_csv,to_csv,concat,B,Data Analytics,Pandas,22
DA_1297,Which NumPy function creates an array? ,array(),table(),series(),frame(),A,Data Analytics,NumPy,19
DA_1298,What is the purpose of removing duplicates?,Increase errors,Improve data quality,Reduce columns,Create charts,B,Data Analytics,Data Cleaning,19
DA_1299,Which chart is best for showing trends over time?,Pie Chart,Line Chart,Scatter Plot,Histogram,B,Data Analytics,Visualization,12
DA_1300,Which KPI measures profit relative to investment? ,ROI,CTR,CPC,CPA,A,Data Analytics,Business Analytics,14
DA_1301,Which algorithm is commonly used for classification?,Linear Regression,Logistic Regression,ARIMA,K-Means,B,Data Analytics,Machine Learning Basics,19
DA_1302,Which Excel feature is used to summarize large datasets? ,Pivot Table,Goal Seek,Macros,Solver,A,Data Analytics,Excel,25
DA_1303,Which SQL clause is used to filter grouped records? ,ORDER BY,HAVING,LIMIT,DISTINCT,B,Data Analytics,SQL,24
DA_1304,Which Power BI component is used to build reports? (Q1304),Dashboard,Report View,Gateway,Dataset,B,Data Analytics,Power BI,23
DA_1305,Which measure represents the middle value of ordered data? (Q1305),Mean,Mode,Median,Range,C,Data Analytics,Statistics,14
DA_1306,Which Pandas function reads a CSV file? (Q1306),read_excel,read_csv,to_csv,concat,B,Data Analytics,Pandas,18
DA_1307,Which NumPy function creates an array? (Q1307),array(),table(),series(),frame(),A,Data Analytics,NumPy,20
DA_1308,What is the purpose of removing duplicates? (Q1308),Increase errors,Improve data quality,Reduce columns,Create charts,B,Data Analytics,Data Cleaning,22
DA_1309,Which chart is best for showing trends over time? (Q1309),Pie Chart,Line Chart,Scatter Plot,Histogram,B,Data Analytics,Visualization,13
DA_1310,Which KPI measures profit relative to investment? (Q1310),ROI,CTR,CPC,CPA,A,Data Analytics,Business Analytics,13
DA_1311,Which algorithm is commonly used for classification? (Q1311),Linear Regression,Logistic Regression,ARIMA,K-Means,B,Data Analytics,Machine Learning Basics,19
DA_1312,Which Excel feature is used to summarize large datasets? (Q1312),Pivot Table,Goal Seek,Macros,Solver,A,Data Analytics,Excel,21
DA_1313,Which SQL clause is used to filter grouped records? (Q1313),ORDER BY,HAVING,LIMIT,DISTINCT,B,Data Analytics,SQL,20
DA_1314,Which Power BI component is used to build reports? (Q1314),Dashboard,Report View,Gateway,Dataset,B,Data Analytics,Power BI,18
DA_1315,Which measure represents the middle value of ordered data? (Q1315),Mean,Mode,Median,Range,C,Data Analytics,Statistics,11
DA_1316,Which Pandas function reads a CSV file? (Q1316),read_excel,read_csv,to_csv,concat,B,Data Analytics,Pandas,20
DA_1317,Which NumPy function creates an array? (Q1317),array(),table(),series(),frame(),A,Data Analytics,NumPy,24
DA_1318,What is the purpose of removing duplicates? (Q1318),Increase errors,Improve data quality,Reduce columns,Create charts,B,Data Analytics,Data Cleaning,12
DA_1319,Which chart is best for showing trends over time? (Q1319),Pie Chart,Line Chart,Scatter Plot,Histogram,B,Data Analytics,Visualization,13
DA_1320,Which KPI measures profit relative to investment? (Q1320),ROI,CTR,CPC,CPA,A,Data Analytics,Business Analytics,24
DA_1321,Which algorithm is commonly used for classification? (Q1321),Linear Regression,Logistic Regression,ARIMA,K-Means,B,Data Analytics,Machine Learning Basics,21
DA_1322,Which Excel feature is used to summarize large datasets? (Q1322),Pivot Table,Goal Seek,Macros,Solver,A,Data Analytics,Excel,12
DA_1323,Which SQL clause is used to filter grouped records? (Q1323),ORDER BY,HAVING,LIMIT,DISTINCT,B,Data Analytics,SQL,13
DA_1324,Which Power BI component is used to build reports? (Q1324),Dashboard,Report View,Gateway,Dataset,B,Data Analytics,Power BI,18
DA_1325,Which measure represents the middle value of ordered data? (Q1325),Mean,Mode,Median,Range,C,Data Analytics,Statistics,21
DA_1326,Which Pandas function reads a CSV file? (Q1326),read_excel,read_csv,to_csv,concat,B,Data Analytics,Pandas,21
DA_1327,Which NumPy function creates an array? (Q1327),array(),table(),series(),frame(),A,Data Analytics,NumPy,22
DA_1328,What is the purpose of removing duplicates? (Q1328),Increase errors,Improve data quality,Reduce columns,Create charts,B,Data Analytics,Data Cleaning,24
DA_1329,Which chart is best for showing trends over time? (Q1329),Pie Chart,Line Chart,Scatter Plot,Histogram,B,Data Analytics,Visualization,16
DA_1330,Which KPI measures profit relative to investment? (Q1330),ROI,CTR,CPC,CPA,A,Data Analytics,Business Analytics,25
DA_1331,Which algorithm is commonly used for classification? (Q1331),Linear Regression,Logistic Regression,ARIMA,K-Means,B,Data Analytics,Machine Learning Basics,24
DA_1332,Which Excel feature is used to summarize large datasets? (Q1332),Pivot Table,Goal Seek,Macros,Solver,A,Data Analytics,Excel,17
DA_1333,Which SQL clause is used to filter grouped records? (Q1333),ORDER BY,HAVING,LIMIT,DISTINCT,B,Data Analytics,SQL,20
DA_1334,Which Power BI component is used to build reports? (Q1334),Dashboard,Report View,Gateway,Dataset,B,Data Analytics,Power BI,25
DA_1335,Which measure represents the middle value of ordered data? (Q1335),Mean,Mode,Median,Range,C,Data Analytics,Statistics,25
DA_1336,Which Pandas function reads a CSV file? (Q1336),read_excel,read_csv,to_csv,concat,B,Data Analytics,Pandas,23
DA_1337,Which NumPy function creates an array? (Q1337),array(),table(),series(),frame(),A,Data Analytics,NumPy,20
DA_1338,What is the purpose of removing duplicates? (Q1338),Increase errors,Improve data quality,Reduce columns,Create charts,B,Data Analytics,Data Cleaning,16
DA_1339,Which chart is best for showing trends over time? (Q1339),Pie Chart,Line Chart,Scatter Plot,Histogram,B,Data Analytics,Visualization,11
DA_1340,Which KPI measures profit relative to investment? (Q1340),ROI,CTR,CPC,CPA,A,Data Analytics,Business Analytics,21
DA_1341,Which algorithm is commonly used for classification? (Q1341),Linear Regression,Logistic Regression,ARIMA,K-Means,B,Data Analytics,Machine Learning Basics,13
DA_1342,Which Excel feature is used to summarize large datasets? (Q1342),Pivot Table,Goal Seek,Macros,Solver,A,Data Analytics,Excel,23
DA_1343,Which SQL clause is used to filter grouped records? (Q1343),ORDER BY,HAVING,LIMIT,DISTINCT,B,Data Analytics,SQL,11
DA_1344,Which Power BI component is used to build reports? (Q1344),Dashboard,Report View,Gateway,Dataset,B,Data Analytics,Power BI,22
DA_1345,Which measure represents the middle value of ordered data? (Q1345),Mean,Mode,Median,Range,C,Data Analytics,Statistics,25
DA_1346,Which Pandas function reads a CSV file? (Q1346),read_excel,read_csv,to_csv,concat,B,Data Analytics,Pandas,20
DA_1347,Which NumPy function creates an array? (Q1347),array(),table(),series(),frame(),A,Data Analytics,NumPy,22
DA_1348,What is the purpose of removing duplicates? (Q1348),Increase errors,Improve data quality,Reduce columns,Create charts,B,Data Analytics,Data Cleaning,19
DA_1349,Which chart is best for showing trends over time? (Q1349),Pie Chart,Line Chart,Scatter Plot,Histogram,B,Data Analytics,Visualization,23
DA_1350,Which KPI measures profit relative to investment? (Q1350),ROI,CTR,CPC,CPA,A,Data Analytics,Business Analytics,19
DA_1351,Which algorithm is commonly used for classification? (Q1351),Linear Regression,Logistic Regression,ARIMA,K-Means,B,Data Analytics,Machine Learning Basics,15
DA_1352,Which Excel feature is used to summarize large datasets? (Q1352),Pivot Table,Goal Seek,Macros,Solver,A,Data Analytics,Excel,14
DA_1353,Which SQL clause is used to filter grouped records? (Q1353),ORDER BY,HAVING,LIMIT,DISTINCT,B,Data Analytics,SQL,22
DA_1354,Which Power BI component is used to build reports? (Q1354),Dashboard,Report View,Gateway,Dataset,B,Data Analytics,Power BI,19
DA_1355,Which measure represents the middle value of ordered data? (Q1355),Mean,Mode,Median,Range,C,Data Analytics,Statistics,19
DA_1356,Which Pandas function reads a CSV file? (Q1356),read_excel,read_csv,to_csv,concat,B,Data Analytics,Pandas,25
DA_1357,Which NumPy function creates an array? (Q1357),array(),table(),series(),frame(),A,Data Analytics,NumPy,13
DA_1358,What is the purpose of removing duplicates? (Q1358),Increase errors,Improve data quality,Reduce columns,Create charts,B,Data Analytics,Data Cleaning,15
DA_1359,Which chart is best for showing trends over time? (Q1359),Pie Chart,Line Chart,Scatter Plot,Histogram,B,Data Analytics,Visualization,13
DA_1360,Which KPI measures profit relative to investment? (Q1360),ROI,CTR,CPC,CPA,A,Data Analytics,Business Analytics,20
DA_1361,Which algorithm is commonly used for classification? (Q1361),Linear Regression,Logistic Regression,ARIMA,K-Means,B,Data Analytics,Machine Learning Basics,12
DA_1362,Which Excel feature is used to summarize large datasets? (Q1362),Pivot Table,Goal Seek,Macros,Solver,A,Data Analytics,Excel,11
DA_1363,Which SQL clause is used to filter grouped records? (Q1363),ORDER BY,HAVING,LIMIT,DISTINCT,B,Data Analytics,SQL,22
DA_1364,Which Power BI component is used to build reports? (Q1364),Dashboard,Report View,Gateway,Dataset,B,Data Analytics,Power BI,20
DA_1365,Which measure represents the middle value of ordered data? (Q1365),Mean,Mode,Median,Range,C,Data Analytics,Statistics,12
DA_1366,Which Pandas function reads a CSV file? (Q1366),read_excel,read_csv,to_csv,concat,B,Data Analytics,Pandas,18
DA_1367,Which NumPy function creates an array? (Q1367),array(),table(),series(),frame(),A,Data Analytics,NumPy,21
DA_1368,What is the purpose of removing duplicates? (Q1368),Increase errors,Improve data quality,Reduce columns,Create charts,B,Data Analytics,Data Cleaning,18
DA_1369,Which chart is best for showing trends over time? (Q1369),Pie Chart,Line Chart,Scatter Plot,Histogram,B,Data Analytics,Visualization,13
DA_1370,Which KPI measures profit relative to investment? (Q1370),ROI,CTR,CPC,CPA,A,Data Analytics,Business Analytics,17
DA_1371,Which algorithm is commonly used for classification? (Q1371),Linear Regression,Logistic Regression,ARIMA,K-Means,B,Data Analytics,Machine Learning Basics,17
DA_1372,Which Excel feature is used to summarize large datasets? (Q1372),Pivot Table,Goal Seek,Macros,Solver,A,Data Analytics,Excel,12
DA_1373,Which SQL clause is used to filter grouped records? (Q1373),ORDER BY,HAVING,LIMIT,DISTINCT,B,Data Analytics,SQL,19
DA_1374,Which Power BI component is used to build reports? (Q1374),Dashboard,Report View,Gateway,Dataset,B,Data Analytics,Power BI,13
DA_1375,Which measure represents the middle value of ordered data? (Q1375),Mean,Mode,Median,Range,C,Data Analytics,Statistics,12
DA_1376,Which Pandas function reads a CSV file? (Q1376),read_excel,read_csv,to_csv,concat,B,Data Analytics,Pandas,22
DA_1377,Which NumPy function creates an array? (Q1377),array(),table(),series(),frame(),A,Data Analytics,NumPy,13
DA_1378,What is the purpose of removing duplicates? (Q1378),Increase errors,Improve data quality,Reduce columns,Create charts,B,Data Analytics,Data Cleaning,12
DA_1379,Which chart is best for showing trends over time? (Q1379),Pie Chart,Line Chart,Scatter Plot,Histogram,B,Data Analytics,Visualization,25
DA_1380,Which KPI measures profit relative to investment? (Q1380),ROI,CTR,CPC,CPA,A,Data Analytics,Business Analytics,18
DA_1381,Which algorithm is commonly used for classification? (Q1381),Linear Regression,Logistic Regression,ARIMA,K-Means,B,Data Analytics,Machine Learning Basics,15
DA_1382,Which Excel feature is used to summarize large datasets? (Q1382),Pivot Table,Goal Seek,Macros,Solver,A,Data Analytics,Excel,13
DA_1383,Which SQL clause is used to filter grouped records? (Q1383),ORDER BY,HAVING,LIMIT,DISTINCT,B,Data Analytics,SQL,15
DA_1384,Which Power BI component is used to build reports? (Q1384),Dashboard,Report View,Gateway,Dataset,B,Data Analytics,Power BI,21
DA_1385,Which measure represents the middle value of ordered data? (Q1385),Mean,Mode,Median,Range,C,Data Analytics,Statistics,21
DA_1386,Which Pandas function reads a CSV file? (Q1386),read_excel,read_csv,to_csv,concat,B,Data Analytics,Pandas,18
DA_1387,Which NumPy function creates an array? (Q1387),array(),table(),series(),frame(),A,Data Analytics,NumPy,17
DA_1388,What is the purpose of removing duplicates? (Q1388),Increase errors,Improve data quality,Reduce columns,Create charts,B,Data Analytics,Data Cleaning,16
DA_1389,Which chart is best for showing trends over time? (Q1389),Pie Chart,Line Chart,Scatter Plot,Histogram,B,Data Analytics,Visualization,24
DA_1390,Which KPI measures profit relative to investment? (Q1390),ROI,CTR,CPC,CPA,A,Data Analytics,Business Analytics,23
DA_1391,Which algorithm is commonly used for classification? (Q1391),Linear Regression,Logistic Regression,ARIMA,K-Means,B,Data Analytics,Machine Learning Basics,11
DA_1392,Which Excel feature is used to summarize large datasets? (Q1392),Pivot Table,Goal Seek,Macros,Solver,A,Data Analytics,Excel,20
DA_1393,Which SQL clause is used to filter grouped records? (Q1393),ORDER BY,HAVING,LIMIT,DISTINCT,B,Data Analytics,SQL,11
DA_1394,Which Power BI component is used to build reports? (Q1394),Dashboard,Report View,Gateway,Dataset,B,Data Analytics,Power BI,11
DA_1395,Which measure represents the middle value of ordered data? (Q1395),Mean,Mode,Median,Range,C,Data Analytics,Statistics,24
DA_1396,Which Pandas function reads a CSV file? (Q1396),read_excel,read_csv,to_csv,concat,B,Data Analytics,Pandas,20
DA_1397,Which NumPy function creates an array? (Q1397),array(),table(),series(),frame(),A,Data Analytics,NumPy,24
DA_1398,What is the purpose of removing duplicates? (Q1398),Increase errors,Improve data quality,Reduce columns,Create charts,B,Data Analytics,Data Cleaning,18
DA_1399,Which chart is best for showing trends over time? (Q1399),Pie Chart,Line Chart,Scatter Plot,Histogram,B,Data Analytics,Visualization,18
DA_1400,Which KPI measures profit relative to investment? (Q1400),ROI,CTR,CPC,CPA,A,Data Analytics,Business Analytics,24
DA_1401,Which algorithm is commonly used for classification? (Q1401),Linear Regression,Logistic Regression,ARIMA,K-Means,B,Data Analytics,Machine Learning Basics,17
DA_1402,Which Excel feature is used to summarize large datasets? (Q1402),Pivot Table,Goal Seek,Macros,Solver,A,Data Analytics,Excel,16
DA_1403,Which SQL clause is used to filter grouped records? (Q1403),ORDER BY,HAVING,LIMIT,DISTINCT,B,Data Analytics,SQL,14
DA_1404,Which Power BI component is used to build reports? (Q1404),Dashboard,Report View,Gateway,Dataset,B,Data Analytics,Power BI,11
DA_1405,Which measure represents the middle value of ordered data? (Q1405),Mean,Mode,Median,Range,C,Data Analytics,Statistics,25
DA_1406,Which Pandas function reads a CSV file? (Q1406),read_excel,read_csv,to_csv,concat,B,Data Analytics,Pandas,25
DA_1407,Which NumPy function creates an array? (Q1407),array(),table(),series(),frame(),A,Data Analytics,NumPy,19
DA_1408,What is the purpose of removing duplicates? (Q1408),Increase errors,Improve data quality,Reduce columns,Create charts,B,Data Analytics,Data Cleaning,25
DA_1409,Which chart is best for showing trends over time? (Q1409),Pie Chart,Line Chart,Scatter Plot,Histogram,B,Data Analytics,Visualization,11
DA_1410,Which KPI measures profit relative to investment? (Q1410),ROI,CTR,CPC,CPA,A,Data Analytics,Business Analytics,14
DA_1411,Which algorithm is commonly used for classification? (Q1411),Linear Regression,Logistic Regression,ARIMA,K-Means,B,Data Analytics,Machine Learning Basics,13
DA_1412,Which Excel feature is used to summarize large datasets? (Q1412),Pivot Table,Goal Seek,Macros,Solver,A,Data Analytics,Excel,17
DA_1413,Which SQL clause is used to filter grouped records? (Q1413),ORDER BY,HAVING,LIMIT,DISTINCT,B,Data Analytics,SQL,15
DA_1414,Which Power BI component is used to build reports? (Q1414),Dashboard,Report View,Gateway,Dataset,B,Data Analytics,Power BI,15
DA_1415,Which measure represents the middle value of ordered data? (Q1415),Mean,Mode,Median,Range,C,Data Analytics,Statistics,14
DA_1416,Which Pandas function reads a CSV file? (Q1416),read_excel,read_csv,to_csv,concat,B,Data Analytics,Pandas,11
DA_1417,Which NumPy function creates an array? (Q1417),array(),table(),series(),frame(),A,Data Analytics,NumPy,15
DA_1418,What is the purpose of removing duplicates? (Q1418),Increase errors,Improve data quality,Reduce columns,Create charts,B,Data Analytics,Data Cleaning,14
DA_1419,Which chart is best for showing trends over time? (Q1419),Pie Chart,Line Chart,Scatter Plot,Histogram,B,Data Analytics,Visualization,24
DA_1420,Which KPI measures profit relative to investment? (Q1420),ROI,CTR,CPC,CPA,A,Data Analytics,Business Analytics,20
DA_1421,Which algorithm is commonly used for classification? (Q1421),Linear Regression,Logistic Regression,ARIMA,K-Means,B,Data Analytics,Machine Learning Basics,23
DA_1422,Which Excel feature is used to summarize large datasets? (Q1422),Pivot Table,Goal Seek,Macros,Solver,A,Data Analytics,Excel,18
DA_1423,Which SQL clause is used to filter grouped records? (Q1423),ORDER BY,HAVING,LIMIT,DISTINCT,B,Data Analytics,SQL,12
DA_1424,Which Power BI component is used to build reports? (Q1424),Dashboard,Report View,Gateway,Dataset,B,Data Analytics,Power BI,18
DA_1425,Which measure represents the middle value of ordered data? (Q1425),Mean,Mode,Median,Range,C,Data Analytics,Statistics,11
DA_1426,Which Pandas function reads a CSV file? (Q1426),read_excel,read_csv,to_csv,concat,B,Data Analytics,Pandas,23
DA_1427,Which NumPy function creates an array? (Q1427),array(),table(),series(),frame(),A,Data Analytics,NumPy,14
DA_1428,What is the purpose of removing duplicates? (Q1428),Increase errors,Improve data quality,Reduce columns,Create charts,B,Data Analytics,Data Cleaning,13
DA_1429,Which chart is best for showing trends over time? (Q1429),Pie Chart,Line Chart,Scatter Plot,Histogram,B,Data Analytics,Visualization,15
DA_1430,Which KPI measures profit relative to investment? (Q1430),ROI,CTR,CPC,CPA,A,Data Analytics,Business Analytics,23
DA_1431,Which algorithm is commonly used for classification? (Q1431),Linear Regression,Logistic Regression,ARIMA,K-Means,B,Data Analytics,Machine Learning Basics,15
DA_1432,Which Excel feature is used to summarize large datasets? (Q1432),Pivot Table,Goal Seek,Macros,Solver,A,Data Analytics,Excel,15
DA_1433,Which SQL clause is used to filter grouped records? (Q1433),ORDER BY,HAVING,LIMIT,DISTINCT,B,Data Analytics,SQL,22
DA_1434,Which Power BI component is used to build reports? (Q1434),Dashboard,Report View,Gateway,Dataset,B,Data Analytics,Power BI,14
DA_1435,Which measure represents the middle value of ordered data? (Q1435),Mean,Mode,Median,Range,C,Data Analytics,Statistics,18
DA_1436,Which Pandas function reads a CSV file? (Q1436),read_excel,read_csv,to_csv,concat,B,Data Analytics,Pandas,13
DA_1437,Which NumPy function creates an array? (Q1437),array(),table(),series(),frame(),A,Data Analytics,NumPy,22
DA_1438,What is the purpose of removing duplicates? (Q1438),Increase errors,Improve data quality,Reduce columns,Create charts,B,Data Analytics,Data Cleaning,14
DA_1439,Which chart is best for showing trends over time? (Q1439),Pie Chart,Line Chart,Scatter Plot,Histogram,B,Data Analytics,Visualization,11
DA_1440,Which KPI measures profit relative to investment? (Q1440),ROI,CTR,CPC,CPA,A,Data Analytics,Business Analytics,17
DA_1441,Which algorithm is commonly used for classification? (Q1441),Linear Regression,Logistic Regression,ARIMA,K-Means,B,Data Analytics,Machine Learning Basics,11
DA_1442,Which Excel feature is used to summarize large datasets? (Q1442),Pivot Table,Goal Seek,Macros,Solver,A,Data Analytics,Excel,25
DA_1443,Which SQL clause is used to filter grouped records? (Q1443),ORDER BY,HAVING,LIMIT,DISTINCT,B,Data Analytics,SQL,12
DA_1444,Which Power BI component is used to build reports? (Q1444),Dashboard,Report View,Gateway,Dataset,B,Data Analytics,Power BI,21
DA_1445,Which measure represents the middle value of ordered data? (Q1445),Mean,Mode,Median,Range,C,Data Analytics,Statistics,17
DA_1446,Which Pandas function reads a CSV file? (Q1446),read_excel,read_csv,to_csv,concat,B,Data Analytics,Pandas,11
DA_1447,Which NumPy function creates an array? (Q1447),array(),table(),series(),frame(),A,Data Analytics,NumPy,21
DA_1448,What is the purpose of removing duplicates? (Q1448),Increase errors,Improve data quality,Reduce columns,Create charts,B,Data Analytics,Data Cleaning,13
DA_1449,Which chart is best for showing trends over time? (Q1449),Pie Chart,Line Chart,Scatter Plot,Histogram,B,Data Analytics,Visualization,23
DA_1450,Which KPI measures profit relative to investment? (Q1450),ROI,CTR,CPC,CPA,A,Data Analytics,Business Analytics,16
DA_1451,Which algorithm is commonly used for classification? (Q1451),Linear Regression,Logistic Regression,ARIMA,K-Means,B,Data Analytics,Machine Learning Basics,16
DA_1452,Which Excel feature is used to summarize large datasets? (Q1452),Pivot Table,Goal Seek,Macros,Solver,A,Data Analytics,Excel,16
DA_1453,Which SQL clause is used to filter grouped records? (Q1453),ORDER BY,HAVING,LIMIT,DISTINCT,B,Data Analytics,SQL,21
DA_1454,Which Power BI component is used to build reports? (Q1454),Dashboard,Report View,Gateway,Dataset,B,Data Analytics,Power BI,23
DA_1455,Which measure represents the middle value of ordered data? (Q1455),Mean,Mode,Median,Range,C,Data Analytics,Statistics,12
DA_1456,Which Pandas function reads a CSV file? (Q1456),read_excel,read_csv,to_csv,concat,B,Data Analytics,Pandas,12
DA_1457,Which NumPy function creates an array? (Q1457),array(),table(),series(),frame(),A,Data Analytics,NumPy,16
DA_1458,What is the purpose of removing duplicates? (Q1458),Increase errors,Improve data quality,Reduce columns,Create charts,B,Data Analytics,Data Cleaning,20
DA_1459,Which chart is best for showing trends over time? (Q1459),Pie Chart,Line Chart,Scatter Plot,Histogram,B,Data Analytics,Visualization,15
DA_1460,Which KPI measures profit relative to investment? (Q1460),ROI,CTR,CPC,CPA,A,Data Analytics,Business Analytics,24
DA_1461,Which algorithm is commonly used for classification? (Q1461),Linear Regression,Logistic Regression,ARIMA,K-Means,B,Data Analytics,Machine Learning Basics,17
DA_1462,Which Excel feature is used to summarize large datasets? (Q1462),Pivot Table,Goal Seek,Macros,Solver,A,Data Analytics,Excel,17
DA_1463,Which SQL clause is used to filter grouped records? (Q1463),ORDER BY,HAVING,LIMIT,DISTINCT,B,Data Analytics,SQL,15
DA_1464,Which Power BI component is used to build reports? (Q1464),Dashboard,Report View,Gateway,Dataset,B,Data Analytics,Power BI,18
DA_1465,Which measure represents the middle value of ordered data? (Q1465),Mean,Mode,Median,Range,C,Data Analytics,Statistics,20
DA_1466,Which Pandas function reads a CSV file? (Q1466),read_excel,read_csv,to_csv,concat,B,Data Analytics,Pandas,16
DA_1467,Which NumPy function creates an array? (Q1467),array(),table(),series(),frame(),A,Data Analytics,NumPy,25
DA_1468,What is the purpose of removing duplicates? (Q1468),Increase errors,Improve data quality,Reduce columns,Create charts,B,Data Analytics,Data Cleaning,15
DA_1469,Which chart is best for showing trends over time? (Q1469),Pie Chart,Line Chart,Scatter Plot,Histogram,B,Data Analytics,Visualization,14
DA_1470,Which KPI measures profit relative to investment? (Q1470),ROI,CTR,CPC,CPA,A,Data Analytics,Business Analytics,17
DA_1471,Which algorithm is commonly used for classification? (Q1471),Linear Regression,Logistic Regression,ARIMA,K-Means,B,Data Analytics,Machine Learning Basics,14
DA_1472,Which Excel feature is used to summarize large datasets? (Q1472),Pivot Table,Goal Seek,Macros,Solver,A,Data Analytics,Excel,15
DA_1473,Which SQL clause is used to filter grouped records? (Q1473),ORDER BY,HAVING,LIMIT,DISTINCT,B,Data Analytics,SQL,15
DA_1474,Which Power BI component is used to build reports? (Q1474),Dashboard,Report View,Gateway,Dataset,B,Data Analytics,Power BI,11
DA_1475,Which measure represents the middle value of ordered data? (Q1475),Mean,Mode,Median,Range,C,Data Analytics,Statistics,25
DA_1476,Which Pandas function reads a CSV file? (Q1476),read_excel,read_csv,to_csv,concat,B,Data Analytics,Pandas,11
DA_1477,Which NumPy function creates an array? (Q1477),array(),table(),series(),frame(),A,Data Analytics,NumPy,13
DA_1478,What is the purpose of removing duplicates? (Q1478),Increase errors,Improve data quality,Reduce columns,Create charts,B,Data Analytics,Data Cleaning,25
DA_1479,Which chart is best for showing trends over time? (Q1479),Pie Chart,Line Chart,Scatter Plot,Histogram,B,Data Analytics,Visualization,24
DA_1480,Which KPI measures profit relative to investment? (Q1480),ROI,CTR,CPC,CPA,A,Data Analytics,Business Analytics,21
DA_1481,Which algorithm is commonly used for classification? (Q1481),Linear Regression,Logistic Regression,ARIMA,K-Means,B,Data Analytics,Machine Learning Basics,13
DA_1482,Which Excel feature is used to summarize large datasets? (Q1482),Pivot Table,Goal Seek,Macros,Solver,A,Data Analytics,Excel,12
DA_1483,Which SQL clause is used to filter grouped records? (Q1483),ORDER BY,HAVING,LIMIT,DISTINCT,B,Data Analytics,SQL,22
DA_1484,Which Power BI component is used to build reports? (Q1484),Dashboard,Report View,Gateway,Dataset,B,Data Analytics,Power BI,12
DA_1485,Which measure represents the middle value of ordered data? (Q1485),Mean,Mode,Median,Range,C,Data Analytics,Statistics,16
DA_1486,Which Pandas function reads a CSV file? (Q1486),read_excel,read_csv,to_csv,concat,B,Data Analytics,Pandas,23
DA_1487,Which NumPy function creates an array? (Q1487),array(),table(),series(),frame(),A,Data Analytics,NumPy,11
DA_1488,What is the purpose of removing duplicates? (Q1488),Increase errors,Improve data quality,Reduce columns,Create charts,B,Data Analytics,Data Cleaning,16
DA_1489,Which chart is best for showing trends over time? (Q1489),Pie Chart,Line Chart,Scatter Plot,Histogram,B,Data Analytics,Visualization,15
DA_1490,Which KPI measures profit relative to investment? (Q1490),ROI,CTR,CPC,CPA,A,Data Analytics,Business Analytics,16
DA_1491,Which algorithm is commonly used for classification? (Q1491),Linear Regression,Logistic Regression,ARIMA,K-Means,B,Data Analytics,Machine Learning Basics,15
DA_1492,Which Excel feature is used to summarize large datasets? (Q1492),Pivot Table,Goal Seek,Macros,Solver,A,Data Analytics,Excel,17
DA_1493,Which SQL clause is used to filter grouped records? (Q1493),ORDER BY,HAVING,LIMIT,DISTINCT,B,Data Analytics,SQL,11
DA_1494,Which Power BI component is used to build reports? (Q1494),Dashboard,Report View,Gateway,Dataset,B,Data Analytics,Power BI,23
DA_1495,Which measure represents the middle value of ordered data? (Q1495),Mean,Mode,Median,Range,C,Data Analytics,Statistics,13
DA_1496,Which Pandas function reads a CSV file? (Q1496),read_excel,read_csv,to_csv,concat,B,Data Analytics,Pandas,16
DA_1497,Which NumPy function creates an array? (Q1497),array(),table(),series(),frame(),A,Data Analytics,NumPy,11
DA_1498,What is the purpose of removing duplicates? (Q1498),Increase errors,Improve data quality,Reduce columns,Create charts,B,Data Analytics,Data Cleaning,23
DA_1499,Which chart is best for showing trends over time? (Q1499),Pie Chart,Line Chart,Scatter Plot,Histogram,B,Data Analytics,Visualization,21
DA_1500,Which KPI measures profit relative to investment? (Q1500),ROI,CTR,CPC,CPA,A,Data Analytics,Business Analytics,21
DA_1501,Which algorithm is commonly used for classification? (Q1501),Linear Regression,Logistic Regression,ARIMA,K-Means,B,Data Analytics,Machine Learning Basics,17
DA_1502,Which Excel feature is used to summarize large datasets? (Q1502),Pivot Table,Goal Seek,Macros,Solver,A,Data Analytics,Excel,14
DA_1503,Which SQL clause is used to filter grouped records? (Q1503),ORDER BY,HAVING,LIMIT,DISTINCT,B,Data Analytics,SQL,13
DA_1504,Which Power BI component is used to build reports? (Q1504),Dashboard,Report View,Gateway,Dataset,B,Data Analytics,Power BI,20
DA_1505,Which measure represents the middle value of ordered data? (Q1505),Mean,Mode,Median,Range,C,Data Analytics,Statistics,19
DA_1506,Which Pandas function reads a CSV file? (Q1506),read_excel,read_csv,to_csv,concat,B,Data Analytics,Pandas,11
DA_1507,Which NumPy function creates an array? (Q1507),array(),table(),series(),frame(),A,Data Analytics,NumPy,18
DA_1508,What is the purpose of removing duplicates? (Q1508),Increase errors,Improve data quality,Reduce columns,Create charts,B,Data Analytics,Data Cleaning,11
DA_1509,Which chart is best for showing trends over time? (Q1509),Pie Chart,Line Chart,Scatter Plot,Histogram,B,Data Analytics,Visualization,23
DA_1510,Which KPI measures profit relative to investment? (Q1510),ROI,CTR,CPC,CPA,A,Data Analytics,Business Analytics,24
DA_1511,Which algorithm is commonly used for classification? (Q1511),Linear Regression,Logistic Regression,ARIMA,K-Means,B,Data Analytics,Machine Learning Basics,15
DA_1512,Which Excel feature is used to summarize large datasets? (Q1512),Pivot Table,Goal Seek,Macros,Solver,A,Data Analytics,Excel,20
DA_1513,Which SQL clause is used to filter grouped records? (Q1513),ORDER BY,HAVING,LIMIT,DISTINCT,B,Data Analytics,SQL,18
DA_1514,Which Power BI component is used to build reports? (Q1514),Dashboard,Report View,Gateway,Dataset,B,Data Analytics,Power BI,16
DA_1515,Which measure represents the middle value of ordered data? (Q1515),Mean,Mode,Median,Range,C,Data Analytics,Statistics,17
DA_1516,Which Pandas function reads a CSV file? (Q1516),read_excel,read_csv,to_csv,concat,B,Data Analytics,Pandas,21
DA_1517,Which NumPy function creates an array? (Q1517),array(),table(),series(),frame(),A,Data Analytics,NumPy,18
DA_1518,What is the purpose of removing duplicates? (Q1518),Increase errors,Improve data quality,Reduce columns,Create charts,B,Data Analytics,Data Cleaning,23
DA_1519,Which chart is best for showing trends over time? (Q1519),Pie Chart,Line Chart,Scatter Plot,Histogram,B,Data Analytics,Visualization,16
DA_1520,Which KPI measures profit relative to investment? (Q1520),ROI,CTR,CPC,CPA,A,Data Analytics,Business Analytics,21
DA_1521,Which algorithm is commonly used for classification? (Q1521),Linear Regression,Logistic Regression,ARIMA,K-Means,B,Data Analytics,Machine Learning Basics,16
DA_1522,Which Excel feature is used to summarize large datasets? (Q1522),Pivot Table,Goal Seek,Macros,Solver,A,Data Analytics,Excel,21
DA_1523,Which SQL clause is used to filter grouped records? (Q1523),ORDER BY,HAVING,LIMIT,DISTINCT,B,Data Analytics,SQL,16
DA_1524,Which Power BI component is used to build reports? (Q1524),Dashboard,Report View,Gateway,Dataset,B,Data Analytics,Power BI,15
DA_1525,Which measure represents the middle value of ordered data? (Q1525),Mean,Mode,Median,Range,C,Data Analytics,Statistics,18
DA_1526,Which Pandas function reads a CSV file? (Q1526),read_excel,read_csv,to_csv,concat,B,Data Analytics,Pandas,23
DA_1527,Which NumPy function creates an array? (Q1527),array(),table(),series(),frame(),A,Data Analytics,NumPy,12
DA_1528,What is the purpose of removing duplicates? (Q1528),Increase errors,Improve data quality,Reduce columns,Create charts,B,Data Analytics,Data Cleaning,17
DA_1529,Which chart is best for showing trends over time? (Q1529),Pie Chart,Line Chart,Scatter Plot,Histogram,B,Data Analytics,Visualization,25
DA_1530,Which KPI measures profit relative to investment? (Q1530),ROI,CTR,CPC,CPA,A,Data Analytics,Business Analytics,14
DA_1531,Which algorithm is commonly used for classification? (Q1531),Linear Regression,Logistic Regression,ARIMA,K-Means,B,Data Analytics,Machine Learning Basics,11
DA_1532,Which Excel feature is used to summarize large datasets? (Q1532),Pivot Table,Goal Seek,Macros,Solver,A,Data Analytics,Excel,23
DA_1533,Which SQL clause is used to filter grouped records? (Q1533),ORDER BY,HAVING,LIMIT,DISTINCT,B,Data Analytics,SQL,15
DA_1534,Which Power BI component is used to build reports? (Q1534),Dashboard,Report View,Gateway,Dataset,B,Data Analytics,Power BI,13
DA_1535,Which measure represents the middle value of ordered data? (Q1535),Mean,Mode,Median,Range,C,Data Analytics,Statistics,14
DA_1536,Which Pandas function reads a CSV file? (Q1536),read_excel,read_csv,to_csv,concat,B,Data Analytics,Pandas,17
DA_1537,Which NumPy function creates an array? (Q1537),array(),table(),series(),frame(),A,Data Analytics,NumPy,15
DA_1538,What is the purpose of removing duplicates? (Q1538),Increase errors,Improve data quality,Reduce columns,Create charts,B,Data Analytics,Data Cleaning,24
DA_1539,Which chart is best for showing trends over time? (Q1539),Pie Chart,Line Chart,Scatter Plot,Histogram,B,Data Analytics,Visualization,25
DA_1540,Which KPI measures profit relative to investment? (Q1540),ROI,CTR,CPC,CPA,A,Data Analytics,Business Analytics,14
DA_1541,Which algorithm is commonly used for classification? (Q1541),Linear Regression,Logistic Regression,ARIMA,K-Means,B,Data Analytics,Machine Learning Basics,11
DA_1542,Which Excel feature is used to summarize large datasets? (Q1542),Pivot Table,Goal Seek,Macros,Solver,A,Data Analytics,Excel,16
DA_1543,Which SQL clause is used to filter grouped records? (Q1543),ORDER BY,HAVING,LIMIT,DISTINCT,B,Data Analytics,SQL,21
DA_1544,Which Power BI component is used to build reports? (Q1544),Dashboard,Report View,Gateway,Dataset,B,Data Analytics,Power BI,20
DA_1545,Which measure represents the middle value of ordered data? (Q1545),Mean,Mode,Median,Range,C,Data Analytics,Statistics,16
DA_1546,Which Pandas function reads a CSV file? (Q1546),read_excel,read_csv,to_csv,concat,B,Data Analytics,Pandas,17
DA_1547,Which NumPy function creates an array? (Q1547),array(),table(),series(),frame(),A,Data Analytics,NumPy,11
DA_1548,What is the purpose of removing duplicates? (Q1548),Increase errors,Improve data quality,Reduce columns,Create charts,B,Data Analytics,Data Cleaning,24
DA_1549,Which chart is best for showing trends over time? (Q1549),Pie Chart,Line Chart,Scatter Plot,Histogram,B,Data Analytics,Visualization,14
DA_1550,Which KPI measures profit relative to investment? (Q1550),ROI,CTR,CPC,CPA,A,Data Analytics,Business Analytics,22
DA_1551,Which algorithm is commonly used for classification? (Q1551),Linear Regression,Logistic Regression,ARIMA,K-Means,B,Data Analytics,Machine Learning Basics,19
DA_1552,Which Excel feature is used to summarize large datasets? (Q1552),Pivot Table,Goal Seek,Macros,Solver,A,Data Analytics,Excel,25
DA_1553,Which SQL clause is used to filter grouped records? (Q1553),ORDER BY,HAVING,LIMIT,DISTINCT,B,Data Analytics,SQL,22
DA_1554,Which Power BI component is used to build reports? (Q1554),Dashboard,Report View,Gateway,Dataset,B,Data Analytics,Power BI,24
DA_1555,Which measure represents the middle value of ordered data? (Q1555),Mean,Mode,Median,Range,C,Data Analytics,Statistics,20
DA_1556,Which Pandas function reads a CSV file? (Q1556),read_excel,read_csv,to_csv,concat,B,Data Analytics,Pandas,16
DA_1557,Which NumPy function creates an array? (Q1557),array(),table(),series(),frame(),A,Data Analytics,NumPy,12
DA_1558,What is the purpose of removing duplicates? (Q1558),Increase errors,Improve data quality,Reduce columns,Create charts,B,Data Analytics,Data Cleaning,14
DA_1559,Which chart is best for showing trends over time? (Q1559),Pie Chart,Line Chart,Scatter Plot,Histogram,B,Data Analytics,Visualization,16
DA_1560,Which KPI measures profit relative to investment? (Q1560),ROI,CTR,CPC,CPA,A,Data Analytics,Business Analytics,14
DA_1561,Which algorithm is commonly used for classification? (Q1561),Linear Regression,Logistic Regression,ARIMA,K-Means,B,Data Analytics,Machine Learning Basics,25
DA_1562,Which Excel feature is used to summarize large datasets? (Q1562),Pivot Table,Goal Seek,Macros,Solver,A,Data Analytics,Excel,20
DA_1563,Which SQL clause is used to filter grouped records? (Q1563),ORDER BY,HAVING,LIMIT,DISTINCT,B,Data Analytics,SQL,17
DA_1564,Which Power BI component is used to build reports? (Q1564),Dashboard,Report View,Gateway,Dataset,B,Data Analytics,Power BI,22
DA_1565,Which measure represents the middle value of ordered data? (Q1565),Mean,Mode,Median,Range,C,Data Analytics,Statistics,23
DA_1566,Which Pandas function reads a CSV file? (Q1566),read_excel,read_csv,to_csv,concat,B,Data Analytics,Pandas,13
DA_1567,Which NumPy function creates an array? (Q1567),array(),table(),series(),frame(),A,Data Analytics,NumPy,16
DA_1568,What is the purpose of removing duplicates? (Q1568),Increase errors,Improve data quality,Reduce columns,Create charts,B,Data Analytics,Data Cleaning,23
DA_1569,Which chart is best for showing trends over time? (Q1569),Pie Chart,Line Chart,Scatter Plot,Histogram,B,Data Analytics,Visualization,25
DA_1570,Which KPI measures profit relative to investment? (Q1570),ROI,CTR,CPC,CPA,A,Data Analytics,Business Analytics,22
DA_1571,Which algorithm is commonly used for classification? (Q1571),Linear Regression,Logistic Regression,ARIMA,K-Means,B,Data Analytics,Machine Learning Basics,14
DA_1572,Which Excel feature is used to summarize large datasets? (Q1572),Pivot Table,Goal Seek,Macros,Solver,A,Data Analytics,Excel,13
DA_1573,Which SQL clause is used to filter grouped records? (Q1573),ORDER BY,HAVING,LIMIT,DISTINCT,B,Data Analytics,SQL,22
DA_1574,Which Power BI component is used to build reports? (Q1574),Dashboard,Report View,Gateway,Dataset,B,Data Analytics,Power BI,13
DA_1575,Which measure represents the middle value of ordered data? (Q1575),Mean,Mode,Median,Range,C,Data Analytics,Statistics,24
DA_1576,Which Pandas function reads a CSV file? (Q1576),read_excel,read_csv,to_csv,concat,B,Data Analytics,Pandas,12
DA_1577,Which NumPy function creates an array? (Q1577),array(),table(),series(),frame(),A,Data Analytics,NumPy,21
DA_1578,What is the purpose of removing duplicates? (Q1578),Increase errors,Improve data quality,Reduce columns,Create charts,B,Data Analytics,Data Cleaning,13
DA_1579,Which chart is best for showing trends over time? (Q1579),Pie Chart,Line Chart,Scatter Plot,Histogram,B,Data Analytics,Visualization,23
DA_1580,Which KPI measures profit relative to investment? (Q1580),ROI,CTR,CPC,CPA,A,Data Analytics,Business Analytics,22
DA_1581,Which algorithm is commonly used for classification? (Q1581),Linear Regression,Logistic Regression,ARIMA,K-Means,B,Data Analytics,Machine Learning Basics,24
DA_1582,Which Excel feature is used to summarize large datasets? (Q1582),Pivot Table,Goal Seek,Macros,Solver,A,Data Analytics,Excel,20
DA_1583,Which SQL clause is used to filter grouped records? (Q1583),ORDER BY,HAVING,LIMIT,DISTINCT,B,Data Analytics,SQL,11
DA_1584,Which Power BI component is used to build reports? (Q1584),Dashboard,Report View,Gateway,Dataset,B,Data Analytics,Power BI,25
DA_1585,Which measure represents the middle value of ordered data? (Q1585),Mean,Mode,Median,Range,C,Data Analytics,Statistics,13
DA_1586,Which Pandas function reads a CSV file? (Q1586),read_excel,read_csv,to_csv,concat,B,Data Analytics,Pandas,19
DA_1587,Which NumPy function creates an array? (Q1587),array(),table(),series(),frame(),A,Data Analytics,NumPy,14
DA_1588,What is the purpose of removing duplicates? (Q1588),Increase errors,Improve data quality,Reduce columns,Create charts,B,Data Analytics,Data Cleaning,25
DA_1589,Which chart is best for showing trends over time? (Q1589),Pie Chart,Line Chart,Scatter Plot,Histogram,B,Data Analytics,Visualization,13
DA_1590,Which KPI measures profit relative to investment? (Q1590),ROI,CTR,CPC,CPA,A,Data Analytics,Business Analytics,18
DA_1591,Which algorithm is commonly used for classification? (Q1591),Linear Regression,Logistic Regression,ARIMA,K-Means,B,Data Analytics,Machine Learning Basics,11
DA_1592,Which Excel feature is used to summarize large datasets? (Q1592),Pivot Table,Goal Seek,Macros,Solver,A,Data Analytics,Excel,15
DA_1593,Which SQL clause is used to filter grouped records? (Q1593),ORDER BY,HAVING,LIMIT,DISTINCT,B,Data Analytics,SQL,11
DA_1594,Which Power BI component is used to build reports? (Q1594),Dashboard,Report View,Gateway,Dataset,B,Data Analytics,Power BI,17
DA_1595,Which measure represents the middle value of ordered data?,Mean,Mode,Median,Range,C,Data Analytics,Statistics,15
DA_1596,Which Pandas function reads a CSV file? ,read_excel,read_csv,to_csv,concat,B,Data Analytics,Pandas,25
DA_1597,Which NumPy function creates an array? ,array(),table(),series(),frame(),A,Data Analytics,NumPy,12
DA_1598,What is the purpose of removing duplicates? ,Increase errors,Improve data quality,Reduce columns,Create charts,B,Data Analytics,Data Cleaning,22
DA_1599,Which chart is best for showing trends over time? ,Pie Chart,Line Chart,Scatter Plot,Histogram,B,Data Analytics,Visualization,24
DA_1600,Which KPI measures profit relative to investment? ,ROI,CTR,CPC,CPA,A,Data Analytics,Business Analytics,11
DA_1601,Which statistical measure is most resistant to the influence of outliers in a dataset?,Mean,Median,Mode,Range,B,Data Analytics,Descriptive Statistics,40
DA_1602,In a box plot what does the length of the box (IQR) represent?,The range of the entire dataset,The spread of the middle 50% of data,The standard deviation of the dataset,The distance between mean and median,B,Data Analytics,Data Visualization,32
DA_1603,When performing a left join between two tables which records are retained?,Only matching records from both tables,All records from the left table and matching from right,All records from the right table and matching from left,All records from both tables,B,Data Analytics,Data Merging and Joining,42
DA_1604,What does a Pearson correlation coefficient of -0.85 indicate?,A weak negative relationship,A strong positive relationship,A strong negative relationship,No linear relationship,C,Data Analytics,Statistical Analysis,28
DA_1605,Which type of chart is most suitable for showing part-to-whole relationships?,Line chart,Scatter plot,Pie chart,Histogram,C,Data Analytics,Data Visualization,36
DA_1606,In data warehousing what is a fact table?,A table storing descriptive attributes,A table containing measurable business metrics,A table storing date dimensions,A table with customer information only,B,Data Analytics,Data Warehousing,31
DA_1607,What is the purpose of data normalization in a relational database?,To speed up query performance,To reduce data redundancy and improve integrity,To increase storage capacity,To encrypt sensitive data,B,Data Analytics,Database Concepts,31
DA_1608,Which sampling method ensures every member of the population has an equal chance of selection?,Stratified sampling,Cluster sampling,Simple random sampling,Systematic sampling,C,Data Analytics,Sampling Methods,40
DA_1609,What is the primary goal of exploratory data analysis (EDA)?,To build predictive models,To understand data structure patterns and anomalies,To clean and transform data only,To create final dashboards,B,Data Analytics,Exploratory Data Analysis,32
DA_1610,In a normal distribution approximately what percentage of data falls within two standard deviations of the mean?,0.68,0.9,0.95,0.997,C,Data Analytics,Statistical Analysis,36
DA_1611,What does ETL stand for in data analytics?,Extract Transform Load,Evaluate Test Launch,Export Transfer Link,Encode Translate Load,A,Data Analytics,Data Pipeline,42
DA_1612,Which measure of central tendency is most appropriate for skewed data distributions?,Mean,Median,Mode,Variance,B,Data Analytics,Descriptive Statistics,48
DA_1613,What is a primary key in a relational database?,A key used to encrypt data,A unique identifier for each record in a table,A foreign key that links two tables,An index for fast searching,B,Data Analytics,Database Concepts,43
DA_1614,Which visualization technique is best suited for displaying the relationship between two continuous variables?,Bar chart,Pie chart,Scatter plot,Treemap,C,Data Analytics,Data Visualization,47
DA_1615,What does the term 'data granularity' refer to?,The accuracy of data measurements,The level of detail at which data is stored,The speed of data processing,The format of data storage,B,Data Analytics,Data Management,49
DA_1616,In hypothesis testing what does a p-value less than 0.05 typically indicate?,The null hypothesis is true,There is strong evidence to reject the null hypothesis,The alternative hypothesis is false,The test is inconclusive,B,Data Analytics,Statistical Testing,46
DA_1617,Which type of data transformation converts categorical variables into numerical format?,Aggregation,Binning,One-hot encoding,Normalization,C,Data Analytics,Data Transformation,44
DA_1618,What is the main purpose of a dimension table in a star schema?,To store quantitative business metrics,To provide context and descriptive attributes for facts,To contain calculated measures,To store raw transaction data,B,Data Analytics,Data Warehousing,33
DA_1619,Which analytical approach involves examining data without a predefined hypothesis?,Confirmatory data analysis,Predictive modeling,Exploratory data analysis,Prescriptive analytics,C,Data Analytics,Analytical Methods,49
DA_1620,What is data imputation used for in analytics?,Removing duplicate records,Filling in missing values with estimated values,Encrypting sensitive data fields,Converting data types,B,Data Analytics,Data Cleaning,45
DA_1621,In a star schema what is at the center of the schema?,Dimension tables,Snowflake tables,The fact table,The bridge table,C,Data Analytics,Data Warehousing,33
DA_1622,Which statistical test is appropriate for comparing means of two independent groups?,Chi-square test,Paired t-test,Independent samples t-test,ANOVA,C,Data Analytics,Statistical Testing,46
DA_1623,What does 'data lineage' track in an analytics environment?,The geographic origin of data,The history of data movement and transformation over time,The data type conversions applied,The number of data sources used,B,Data Analytics,Data Governance,36
DA_1624,Which chart type is most effective for displaying trends over time?,Pie chart,Scatter plot,Line chart,Bar chart,C,Data Analytics,Data Visualization,46
DA_1625,What is the difference between descriptive and inferential statistics?,Descriptive uses samples; inferential uses populations,Descriptive summarizes data; inferential draws conclusions about populations,Descriptive is more accurate; inferential uses approximations,Descriptive is qualitative; inferential is quantitative,B,Data Analytics,Statistical Analysis,28
DA_1626,In data analysis what does 'data wrangling' involve?,Creating final visualizations,Cleaning transforming and restructuring raw data,Building statistical models,Writing business reports,B,Data Analytics,Data Cleaning,48
DA_1627,What is a surrogate key in data warehousing?,A natural business key from the source system,A system-generated unique identifier for dimension records,A composite key made of multiple columns,A foreign key referencing another table,B,Data Analytics,Data Warehousing,39
DA_1628,Which type of analysis answers the question 'What will happen?',Descriptive analytics,Diagnostic analytics,Predictive analytics,Prescriptive analytics,C,Data Analytics,Analytical Methods,34
DA_1629,What is the purpose of a heatmap in data visualization?,To show data over time,To display geographic distributions only,To show the intensity of values across two dimensions,To compare individual values in a dataset,C,Data Analytics,Data Visualization,50
DA_1630,In database terminology what is a foreign key?,The primary identifier of a table,A column that references the primary key of another table,A key used for data encryption,An index on multiple columns,B,Data Analytics,Database Concepts,26
DA_1631,What does the coefficient of variation (CV) measure?,The absolute spread of data,The relative variability compared to the mean,The correlation between two variables,The skewness of distribution,B,Data Analytics,Descriptive Statistics,26
DA_1632,Which data quality dimension refers to how complete a dataset is?,Accuracy,Consistency,Completeness,Timeliness,C,Data Analytics,Data Quality,37
DA_1633,What is the primary use of pivot tables in data analysis?,To create visual charts automatically,To summarize and reorganize data dynamically,To store data in a normalized format,To filter data by date ranges only,B,Data Analytics,Data Analysis Tools,36
DA_1634,In regression analysis what does R-squared represent?,The slope of the regression line,The proportion of variance explained by the model,The statistical significance of predictors,The number of predictor variables,B,Data Analytics,Regression Analysis,46
DA_1635,What is 'data profiling' in data analytics?,Creating visual profiles of executives,Analyzing the structure content and quality of data,Building user behavior profiles,Segmenting customers into groups,B,Data Analytics,Data Quality,26
DA_1636,Which aggregation function returns the number of non-null values in a column?,SUM,AVG,COUNT,MAX,C,Data Analytics,Data Aggregation,45
DA_1637,What is a materialized view in database analytics?,A virtual table that is computed on-the-fly,A physically stored result of a query that can be refreshed,A type of index on multiple columns,A temporary table in memory,B,Data Analytics,Database Concepts,37
DA_1638,Which type of join returns only the records that exist in both tables?,Left join,Right join,Full outer join,Inner join,D,Data Analytics,Data Merging and Joining,42
DA_1639,What does 'data democratization' mean in an organization?,Voting on which data to collect,Making data accessible to non-technical users across the organization,Distributing data storage across multiple countries,Using open-source data tools only,B,Data Analytics,Data Strategy,40
DA_1640,In a histogram what does the x-axis represent?,Frequency of occurrences,Cumulative percentage,The variable being measured (bins),Time periods,C,Data Analytics,Data Visualization,27
DA_1641,What is the interquartile range (IQR) formula?,Q3 minus Q1,Q4 minus Q2,Q3 plus Q1,Q2 minus Q1,A,Data Analytics,Descriptive Statistics,43
DA_1642,Which analytical method is used to identify which customers are most similar to each other?,Regression analysis,Cluster analysis,Time series analysis,Cohort analysis,B,Data Analytics,Analytical Methods,41
DA_1643,What is the purpose of data masking in analytics environments?,To speed up data processing,To hide sensitive data while maintaining usable format,To compress large datasets,To encrypt data for transmission,B,Data Analytics,Data Security,29
DA_1644,In Tableau what is a calculated field used for?,Connecting to new data sources,Creating new metrics derived from existing data,Formatting the dashboard layout,Filtering data by date,B,Data Analytics,BI Tools,33
DA_1645,What does the term 'data mart' refer to?,A marketplace for buying datasets,A subset of a data warehouse focused on a specific business area,The main production database,A tool for data visualization,B,Data Analytics,Data Warehousing,27
DA_1646,Which statistical concept describes how spread out values are from the mean?,Central tendency,Correlation,Variance,Skewness,C,Data Analytics,Descriptive Statistics,39
DA_1647,What is cohort analysis primarily used for?,Analyzing geographic distributions,Tracking behavior of groups over time who share common characteristics,Comparing two datasets statistically,Forecasting future revenue,B,Data Analytics,Analytical Methods,50
DA_1648,In data analytics what is a KPI?,Key Process Indicator,Key Performance Indicator,Known Predictive Index,Key Parameter Input,B,Data Analytics,Business Metrics,40
DA_1649,Which chart type best displays the distribution of a continuous variable?,Bar chart,Line chart,Histogram,Pie chart,C,Data Analytics,Data Visualization,34
DA_1650,What is the main difference between OLAP and OLTP systems?,OLAP is for transaction processing; OLTP is for analytics,OLAP is optimized for complex queries and analytics; OLTP is for real-time transactions,OLAP uses less storage; OLTP uses more,OLAP is cloud-based; OLTP is on-premise,B,Data Analytics,Data Warehousing,27
DA_1651,What does 'data velocity' refer to in the context of Big Data?,The accuracy of data,The speed at which data is generated and processed,The variety of data formats,The volume of data stored,B,Data Analytics,Big Data Concepts,42
DA_1652,Which measure best describes the typical value in a dataset with extreme outliers?,Mean,Median,Mode,Standard deviation,B,Data Analytics,Descriptive Statistics,35
DA_1653,What is a 'slowly changing dimension' (SCD) in data warehousing?,A dimension that changes frequently in real time,A dimension where attribute values change slowly over time,A dimension table with few records,A read-only dimension that never changes,B,Data Analytics,Data Warehousing,34
DA_1654,In business intelligence what is 'drill-down' functionality?,Moving from detailed data to summary data,Moving from summary data to more detailed data,Filtering data by a specific category,Exporting data to spreadsheets,B,Data Analytics,BI Tools,27
DA_1655,What type of relationship exists when increasing one variable is associated with decreasing another?,Positive correlation,Negative correlation,No correlation,Spurious correlation,B,Data Analytics,Statistical Analysis,49
DA_1656,What is the purpose of data validation in analytics pipelines?,To visualize data quality,To ensure data meets defined rules and constraints before processing,To speed up data loading,To archive old data,B,Data Analytics,Data Quality,44
DA_1657,Which chart type is most effective for comparing values across multiple categories?,Scatter plot,Line chart,Bar chart,Area chart,C,Data Analytics,Data Visualization,42
DA_1658,In database design what does 'cardinality' refer to?,The size of a database,The number of unique values in a column or the relationship type between tables,The speed of queries,The number of indexes on a table,B,Data Analytics,Database Concepts,36
DA_1659,What is 'funnel analysis' commonly used for in analytics?,Analyzing revenue trends,Tracking user progression through sequential steps,Comparing demographic segments,Forecasting inventory levels,B,Data Analytics,Analytical Methods,42
DA_1660,Which data format is most commonly used for data exchange between web services?,CSV,XML,JSON,Excel,C,Data Analytics,Data Formats,35
DA_1661,What does 'sample bias' mean in data collection?,Collecting too many data points,When a sample does not accurately represent the population,When data has too many null values,When outliers are removed from analysis,B,Data Analytics,Sampling Methods,43
DA_1662,In a data warehouse what is the 'grain' of a fact table?,The size of the fact table,The level of detail at which facts are recorded,The number of dimensions linked to the fact table,The refresh frequency of the table,B,Data Analytics,Data Warehousing,48
DA_1663,Which technique is used to identify the most important variables in a dataset?,Feature selection,Data imputation,Data normalization,Cluster analysis,A,Data Analytics,Analytical Methods,31
DA_1664,What is the primary purpose of a data dictionary?,To store business data,To define and document the structure meaning and constraints of data elements,To speed up database queries,To encrypt sensitive information,B,Data Analytics,Data Governance,41
DA_1665,What does 'seasonality' mean in time series analysis?,Data that is collected once per season,Regular repeating patterns in data at fixed intervals,Random fluctuations in data,Long-term trends in data,B,Data Analytics,Time Series Analysis,43
DA_1666,Which type of analytics answers 'Why did it happen?',Descriptive analytics,Diagnostic analytics,Predictive analytics,Prescriptive analytics,B,Data Analytics,Analytical Methods,45
DA_1667,What is the purpose of A/B testing in data analytics?,To compare two versions to determine which performs better,To test two different databases,To validate data between two systems,To compare two analysts' results,A,Data Analytics,Experimental Design,43
DA_1668,In data analytics what is 'data enrichment'?,Removing low-quality records,Adding additional context or attributes to existing data,Converting data to a richer format,Increasing data storage capacity,B,Data Analytics,Data Management,26
DA_1669,Which statistical distribution is characterized by a bell-shaped symmetric curve?,Binomial distribution,Poisson distribution,Normal distribution,Exponential distribution,C,Data Analytics,Statistical Analysis,28
DA_1670,What does 'referential integrity' ensure in a relational database?,All records are encrypted,Foreign key values always reference valid primary key values,Data is backed up regularly,All tables have primary keys,B,Data Analytics,Database Concepts,40
DA_1671,In Tableau what is the purpose of a LOD (Level of Detail) expression?,To change the chart type automatically,To compute values at a different level of granularity than the view,To create calculated dates,To filter data by geography,B,Data Analytics,BI Tools,45
DA_1672,What is 'data latency' in analytics systems?,The time delay between data generation and its availability for analysis,The accuracy level of the data,The volume of data processed per second,The number of data transformations applied,A,Data Analytics,Data Pipeline,35
DA_1673,Which method is used to detect multicollinearity among predictor variables?,R-squared analysis,Variance Inflation Factor (VIF),Chi-square test,Z-score calculation,B,Data Analytics,Regression Analysis,46
DA_1674,What is the purpose of 'data partitioning' in large databases?,To backup data to multiple locations,To divide large tables into smaller segments for better performance,To encrypt data at rest,To replicate data across servers,B,Data Analytics,Database Concepts,30
DA_1675,In visualization what does a waterfall chart primarily show?,Geographic distribution of data,Cumulative effect of sequential positive and negative values,Correlation between two variables,Distribution of a single variable,B,Data Analytics,Data Visualization,40
DA_1676,What does 'data accuracy' refer to in data quality assessment?,How current the data is,The degree to which data correctly reflects the real-world entity it represents,The completeness of all required fields,The consistency of data across systems,B,Data Analytics,Data Quality,48
DA_1677,Which aggregation window function computes a running total?,RANK(),ROW_NUMBER(),SUM() OVER(),LAG(),C,Data Analytics,Data Aggregation,39
DA_1678,What is the main advantage of a snowflake schema over a star schema?,Fewer joins required,More normalized dimensions reducing redundancy,Better query performance,Simpler to understand,B,Data Analytics,Data Warehousing,40
DA_1679,In statistical analysis what is a Type I error?,Failing to reject a false null hypothesis,Rejecting a true null hypothesis,Accepting the wrong alternative hypothesis,Using an incorrect sample size,B,Data Analytics,Statistical Testing,35
DA_1680,What is 'data governance' in an organization?,A process to govern data analyst salaries,A framework for managing data availability usability integrity and security,A method for cleaning dirty data,A tool for creating data visualizations,B,Data Analytics,Data Governance,49
DA_1681,Which method is used to handle class imbalance in analytical datasets?,Data masking,Oversampling or undersampling techniques,Data normalization,Principal component analysis,B,Data Analytics,Data Preparation,34
DA_1682,In time series analysis what is a 'trend'?,Short-term random fluctuations,The long-term general direction of data movement,Seasonal patterns repeating annually,Cyclical fluctuations linked to economic cycles,B,Data Analytics,Time Series Analysis,37
DA_1683,What does 'data consistency' mean across multiple systems?,All data is stored in the same format,The same data element has the same value and meaning across different systems,All systems are updated at the same time,Data is stored in a single central location,B,Data Analytics,Data Quality,32
DA_1684,Which visualization is best for showing hierarchical data with nested categories?,Line chart,Treemap,Scatter plot,Histogram,B,Data Analytics,Data Visualization,30
DA_1685,What is the purpose of 'data deduplication'?,To duplicate important data for backup,To identify and remove duplicate records from datasets,To add redundancy to data storage,To copy data to multiple systems,B,Data Analytics,Data Cleaning,50
DA_1686,In statistics what does 'statistical power' measure?,The probability of making a Type I error,The probability of correctly rejecting a false null hypothesis,The size of the sample required,The confidence interval width,B,Data Analytics,Statistical Testing,49
DA_1687,What is a 'dashboard' in business intelligence?,A raw data export file,An interactive visual display of key metrics and KPIs for monitoring performance,A type of database table,A data entry form,B,Data Analytics,BI Tools,35
DA_1688,In analytics what does 'churn rate' measure?,The speed of data processing,The percentage of customers who stop using a product in a given period,The rate of new customer acquisition,The average revenue per user,B,Data Analytics,Business Metrics,50
DA_1689,What is 'Z-score normalization' used for in data preparation?,To remove outliers from data,To scale data so each value represents standard deviations from the mean,To convert categorical data to numerical,To fill in missing values,B,Data Analytics,Data Transformation,33
DA_1690,Which type of analysis examines data from past time periods to current to identify patterns?,Retrospective analysis,Cross-sectional analysis,Longitudinal analysis,Comparative analysis,C,Data Analytics,Analytical Methods,47
DA_1691,What is the purpose of an index in a database?,To store additional copies of data,To speed up data retrieval operations,To enforce data integrity rules,To encrypt table columns,B,Data Analytics,Database Concepts,45
DA_1692,In data visualization what does 'chart junk' refer to?,Missing data in charts,Unnecessary visual elements that clutter and distract from the data,Incorrect chart types used,Low resolution chart images,B,Data Analytics,Data Visualization,50
DA_1693,What does 'survivorship bias' mean in data analysis?,Only analyzing high performing data while ignoring failures,Analyzing only the most recent data,Focusing on outliers exclusively,Using data from a single source,A,Data Analytics,Data Bias,41
DA_1694,In a regression analysis what is the dependent variable?,The variable used to predict outcomes,The variable being predicted or explained,A control variable,The error term,B,Data Analytics,Regression Analysis,37
DA_1695,What is 'data catalog' used for in analytics organizations?,To store large amounts of raw data,To organize and discover available data assets with metadata,To visualize data relationships,To backup databases automatically,B,Data Analytics,Data Governance,34
DA_1696,Which measure indicates the strength and direction of a linear relationship between two variables?,Standard deviation,Coefficient of variation,Pearson correlation coefficient,Variance,C,Data Analytics,Statistical Analysis,35
DA_1697,What is 'market basket analysis' primarily used for?,Predicting stock market trends,Identifying products frequently purchased together,Analyzing retail store locations,Forecasting quarterly revenue,B,Data Analytics,Analytical Methods,41
DA_1698,In data warehousing what is 'data staging'?,The process of presenting data in dashboards,A temporary area where raw data is stored before transformation and loading,A method for archiving old data,The process of encrypting warehouse data,B,Data Analytics,Data Pipeline,35
DA_1699,What is 'Pareto analysis' based on in business analytics?,The 80/20 rule where 80% of effects come from 20% of causes,Equal distribution of outcomes,Normal distribution principles,Linear regression coefficients,A,Data Analytics,Analytical Methods,34
DA_1700,Which type of chart shows cumulative frequency distribution of data?,Scatter plot,Histogram,Ogive (cumulative frequency curve),Bar chart,C,Data Analytics,Data Visualization,28
DA_1701,What is 'stratified random sampling' used for in data collection?,Sampling only from the largest population group,Dividing population into subgroups and sampling proportionally from each,Sampling only the first available respondents,Randomly selecting entire geographic regions,B,Data Analytics,Sampling Methods,44
DA_1702,In business analytics what does 'conversion rate' measure?,The speed at which data is converted between formats,The percentage of visitors who complete a desired action,The rate at which raw data becomes insights,The number of new customers per month,B,Data Analytics,Business Metrics,36
DA_1703,What is 'data modeling' in analytics?,The process of visually displaying data,Designing the structure and relationships of data elements,Building predictive machine learning models,Cleaning and preparing data for analysis,B,Data Analytics,Data Management,31
DA_1704,Which chart type is most appropriate for showing cumulative data over time?,Area chart,Pie chart,Scatter plot,Radar chart,A,Data Analytics,Data Visualization,31
DA_1705,In analytics what is 'attribution modeling' used for?,Assigning credit to different marketing touchpoints for conversions,Modeling database table attributes,Attributing costs to different departments,Modeling customer demographics,A,Data Analytics,Analytical Methods,40
DA_1706,What does 'data timeliness' refer to in data quality?,The speed of data ingestion,Whether data is available when it is needed for decision-making,The historical age of the dataset,The frequency of data updates,B,Data Analytics,Data Quality,40
DA_1707,In statistics what is 'standard error'?,The average error in the entire dataset,The standard deviation of the sampling distribution of the mean,The error rate in data entry,The difference between mean and median,B,Data Analytics,Statistical Analysis,38
DA_1708,Which analysis technique examines the relationship between a single outcome variable and multiple predictor variables?,Simple regression,Multiple regression,Correlation analysis,Chi-square test,B,Data Analytics,Regression Analysis,47
DA_1709,What is 'data stewardship' in data governance?,Managing data analyst teams,The responsibility for the management and oversight of an organization's data assets,Storing data securely in the cloud,Creating data visualizations for executives,B,Data Analytics,Data Governance,30
DA_1710,In a Gantt chart what dimension does the horizontal axis represent?,Task categories,Resource allocation,Time,Priority levels,C,Data Analytics,Data Visualization,39
DA_1711,What does 'data aggregation' mean in analytics?,Collecting raw data from sources,Combining multiple data points into summary statistics,Splitting data into smaller subsets,Filtering data by specific criteria,B,Data Analytics,Data Aggregation,46
DA_1712,Which statistical test is used to determine if there is a significant association between two categorical variables?,T-test,F-test,Chi-square test,Z-test,C,Data Analytics,Statistical Testing,27
DA_1713,What is 'data virtualization' in analytics?,Creating visual data representations,Accessing and querying data from multiple sources without physically moving it,Virtualizing the server infrastructure,Creating virtual tables in a database,B,Data Analytics,Data Management,48
DA_1714,Which metric measures the average revenue generated per user?,CLTV,ARPU (Average Revenue Per User),NPS,CAC,B,Data Analytics,Business Metrics,37
DA_1715,In data visualization what does the color saturation in a visualization typically represent?,The category or group of data,The magnitude or intensity of a value,The time dimension of data,The geographical location,B,Data Analytics,Data Visualization,45
DA_1716,What is 'outlier detection' important for in data analysis?,Making datasets larger,Identifying data points that deviate significantly from the pattern,Creating more visually appealing charts,Reducing computation time,B,Data Analytics,Data Cleaning,39
DA_1717,In which scenario would you use a 'full outer join'?,When you need only matching records,When you need all records from both tables regardless of matches,When you need only the left table's unmatched records,When you need to remove duplicates,B,Data Analytics,Data Merging and Joining,44
DA_1718,What does 'data profiling' help identify in a dataset?,The most profitable business segments,Data quality issues such as nulls duplicates and anomalies,The most important features for modeling,The best chart type to use,B,Data Analytics,Data Quality,49
DA_1719,What is the purpose of the HAVING clause in a query?,To filter rows before grouping,To filter groups after applying GROUP BY,To sort the results,To join multiple tables,B,Data Analytics,Database Concepts,45
DA_1720,Which concept in analytics describes building a single complete view of a customer from multiple data sources?,Data federation,Customer 360 view,Data normalization,Customer segmentation,B,Data Analytics,Data Management,40
DA_1721,What is 'confidence interval' in statistics?,The exact value of a population parameter,A range within which the true population parameter is likely to fall,The p-value threshold for significance,The probability of a Type II error,B,Data Analytics,Statistical Analysis,45
DA_1722,In data analytics what is 'sentiment analysis' used for?,Analyzing numerical trends,Determining the emotional tone or opinion in textual data,Segmenting customers by purchase history,Analyzing sensor data patterns,B,Data Analytics,Analytical Methods,49
DA_1723,What is the primary characteristic of a 'wide' data format compared to 'long' format?,Wide format has more rows,Wide format has each variable in a separate column with one row per subject,Wide format is better for statistical analysis,Wide format uses less storage,B,Data Analytics,Data Transformation,42
DA_1724,In data warehousing what is an 'ODS' (Operational Data Store)?,A reporting tool for executives,A database that integrates data from multiple sources for operational reporting,A type of data mart,A data backup system,B,Data Analytics,Data Warehousing,50
DA_1725,What does 'data freshness' mean in analytics?,How clean and error-free data is,How recently data was updated or generated,How relevant data is to the current analysis,How much data is available,B,Data Analytics,Data Quality,39
DA_1726,Which analytical framework describes four types of analytics: descriptive diagnostic predictive and prescriptive?,CRISP-DM framework,Analytics maturity model,Gartner analytics ladder,OSEMN framework,C,Data Analytics,Analytical Methods,48
DA_1727,What is 'geospatial analysis' in data analytics?,Analyzing data stored in outer space servers,Analyzing data that has a geographical or location component,Analyzing the spacing between data points,Analyzing data across time zones,B,Data Analytics,Analytical Methods,43
DA_1728,In statistics what is 'kurtosis' a measure of?,The center of a distribution,The asymmetry of a distribution,The heaviness of the tails of a distribution,The spread of data around the mean,C,Data Analytics,Descriptive Statistics,47
DA_1729,Which data storage concept refers to storing all data in its original format until needed?,Data warehouse,Data lake,Data mart,Relational database,B,Data Analytics,Data Storage,49
DA_1730,What is 'recency frequency monetary' (RFM) analysis used for?,Analyzing website traffic patterns,Customer segmentation based on purchase behavior,Product recommendation,Supply chain optimization,B,Data Analytics,Analytical Methods,30
DA_1731,What does 'skewness' describe in a dataset?,The number of outliers present,The symmetry or asymmetry of the data distribution,The variability around the mean,The relationship between two variables,B,Data Analytics,Descriptive Statistics,47
DA_1732,In business intelligence what is 'slice and dice' functionality?,Cutting and removing data,Analyzing data from multiple perspectives by filtering and pivoting,Creating visualizations automatically,Exporting data to spreadsheets,B,Data Analytics,BI Tools,37
DA_1733,Which data warehouse architecture separates compute and storage resources?,Traditional on-premise warehouse,Lambda architecture,Cloud data warehouse with elastic scaling,Kappa architecture,C,Data Analytics,Data Warehousing,35
DA_1734,What is 'root cause analysis' in data analytics?,Finding the original data source,Investigating the underlying reason why a problem or anomaly occurred,Analyzing data from the beginning of a time series,Identifying the root database table,B,Data Analytics,Analytical Methods,33
DA_1735,In analytics what does 'DAU/MAU ratio' measure?,Daily active users to monthly active users - measuring user engagement,Data accuracy units per month,Daily analysis updates per month,Database access utilization per month,A,Data Analytics,Business Metrics,31
DA_1736,What is the purpose of 'cross-tabulation' in data analysis?,Crossing out incorrect data values,Creating a table showing the distribution of two categorical variables simultaneously,Comparing data across different time periods,Converting data between formats,B,Data Analytics,Data Analysis Tools,50
DA_1737,Which technique transforms skewed data to be more normally distributed?,One-hot encoding,Log transformation,Z-score normalization,Min-max scaling,B,Data Analytics,Data Transformation,40
DA_1738,What does 'data discovery' involve in analytics?,Discovering new data sources automatically,Identifying and understanding available data assets and their potential uses,Creating new databases,Finding errors in existing data,B,Data Analytics,Data Management,37
DA_1739,In a dashboard what does a 'sparkline' represent?,A line that connects scatter plot points,A small simple chart showing a trend over time,A reference line on a bar chart,A connecting line between dashboard elements,B,Data Analytics,Data Visualization,50
DA_1740,What is 'cohort retention' analysis used for?,Retaining important business documents,Tracking how many users from a specific group return over subsequent periods,Analyzing employee retention rates,Monitoring database retention policies,B,Data Analytics,Analytical Methods,50
DA_1741,In data warehousing what is 'incremental loading'?,Loading only new or changed data since the last load,Loading complete dataset each time,Loading data incrementally by columns,Loading data from multiple sources at once,A,Data Analytics,Data Pipeline,31
DA_1742,Which statistical method is used to identify patterns groups or structures in unlabeled data?,Supervised learning,Regression analysis,Cluster analysis,Hypothesis testing,C,Data Analytics,Analytical Methods,37
DA_1743,What does 'data integrity' ensure in analytics systems?,Data is stored in multiple copies,Data remains accurate consistent and trustworthy throughout its lifecycle,Data is accessible to all users,Data processing is fast and efficient,B,Data Analytics,Data Quality,40
DA_1744,In the context of analytics what does 'SLA' stand for?,Structured Language Analytics,Service Level Agreement,Statistical Learning Algorithm,Segmented Layer Architecture,B,Data Analytics,Data Management,37
DA_1745,What is 'moving average' used for in time series analysis?,Calculating the average of a static dataset,Smoothing out short-term fluctuations to highlight longer-term trends,Moving data between storage systems,Calculating weighted averages,B,Data Analytics,Time Series Analysis,34
DA_1746,Which data visualization principle states that visual encodings should be proportional to the data values they represent?,Data-ink ratio,Visual hierarchy,Proportionality principle,Color theory,C,Data Analytics,Data Visualization,44
DA_1747,What is 'natural language generation' (NLG) used for in analytics?,Converting speech to text,Automatically generating narrative text insights from structured data,Analyzing natural language text,Translating between programming languages,B,Data Analytics,Analytical Methods,46
DA_1748,In data modeling what does 'ERD' stand for?,Entity Relationship Diagram,Estimated Results Dashboard,Entity Record Database,Error Rate Detection,A,Data Analytics,Data Management,27
DA_1749,What is the purpose of 'data anonymization'?,Making data available to more users,Removing personally identifiable information to protect privacy,Converting data to anonymous formats for storage,Encrypting data for transmission,B,Data Analytics,Data Security,38
DA_1750,Which type of analytical model predicts the likelihood of a binary outcome?,Linear regression,Multiple regression,Logistic regression,Polynomial regression,C,Data Analytics,Analytical Methods,38
DA_1751,In data analytics what does 'MECE' stand for in problem structuring?,Mutually Exclusive Collectively Exhaustive,Mainly Efficient Conceptually Exhaustive,Most Essential Critically Evaluated,Multiple Entity Concept Estimation,A,Data Analytics,Analytical Methods,33
DA_1752,What is 'data blending' in Tableau?,Mixing different chart types,Combining data from multiple sources that cannot be joined directly,Blending colors in visualizations,Mixing aggregated and row-level data,B,Data Analytics,BI Tools,38
DA_1753,What does 'variance' measure in a dataset?,The middle value of the dataset,The average distance between each data point and the mean squared,The highest minus lowest values,The ratio of standard deviation to mean,B,Data Analytics,Descriptive Statistics,29
DA_1754,Which analysis technique is used to understand how different values of an independent variable impact a dependent variable holding other variables constant?,Multivariate analysis,Sensitivity analysis,Regression analysis,Trend analysis,B,Data Analytics,Analytical Methods,31
DA_1755,What is 'data storytelling' in analytics?,Writing stories using data as characters,Communicating data insights through a narrative combining data visualizations and context,Analyzing story-based textual data,Creating interactive data experiences,B,Data Analytics,Data Communication,31
DA_1756,In database design what does 'ACID' stand for?,Accuracy Completeness Integrity Delivery,Atomicity Consistency Isolation Durability,Aggregation Computation Indexing Distribution,Analysis Cleansing Integration Delivery,B,Data Analytics,Database Concepts,46
DA_1757,Which technique is used to reduce the number of dimensions in a dataset while retaining important information?,Data aggregation,Principal Component Analysis (PCA),Data normalization,Feature engineering,B,Data Analytics,Analytical Methods,37
DA_1758,What is 'data mesh' architecture?,A type of visualization with mesh-like appearance,A decentralized approach where domain teams own and manage their data products,A mesh network for data transmission,A type of database mesh topology,B,Data Analytics,Data Strategy,37
DA_1759,In analytics what does 'LTV' or 'CLV' represent?,Latest Transaction Value,Customer Lifetime Value - the total revenue from a customer,Longitudinal Time Variable,Current Leads Value,B,Data Analytics,Business Metrics,42
DA_1760,What is the 'CRISP-DM' framework used for?,Cryptographic data management,Cross-Industry Standard Process for Data Mining - a data analytics project methodology,Customer Relationship Integration Standard Process - Data Management,Critical Risk Identification Standard Process - Data Management,B,Data Analytics,Analytical Methods,32
DA_1761,Which visualization technique uses size of bubbles to encode a third variable in a scatter plot?,Heat map,Bubble chart,Tree map,Radar chart,B,Data Analytics,Data Visualization,40
DA_1762,What is 'data federation' in analytics?,Creating a federal database,Integrating data from multiple sources without moving it into a central location,Federating data security access,Distributing data across federal regions,B,Data Analytics,Data Management,49
DA_1763,In statistics what is 'ANOVA' used for?,Analyzing one variable only,Comparing means across three or more groups,Calculating correlation between variables,Testing two categorical variables,B,Data Analytics,Statistical Testing,42
DA_1764,What is the purpose of 'data benchmarking' in analytics?,Creating baseline metrics against which performance is compared,Marking important data points in a dataset,Testing database performance,Setting data quality thresholds,A,Data Analytics,Business Metrics,35
DA_1765,In data analysis what is an 'analytical sandbox'?,A testing environment for analytics with access to real production data,A virtual playground for children's analytics education,A sandboxed database with limited permissions,A type of geographical analysis tool,A,Data Analytics,Data Management,48
DA_1766,Which metric is used to measure customer satisfaction and loyalty on a scale from -100 to 100?,CSAT,NPS (Net Promoter Score),CES,CLV,B,Data Analytics,Business Metrics,45
DA_1767,What is 'data lake house' architecture?,A combination of data lake and data warehouse capabilities,A physical building containing data servers,A lake-shaped database structure,A type of data center design,A,Data Analytics,Data Storage,31
DA_1768,In analytics what does 'ARIMA' stand for?,Automated Regression and Integrated Moving Averages,Auto-Regressive Integrated Moving Average,Analytical Regression Index Moving Approximation,Auto-Regressive Integrated Model Analysis,B,Data Analytics,Time Series Analysis,34
DA_1769,What does 'data catalog' provide in an enterprise analytics environment?,A printed catalog of database tables,A searchable inventory of data assets with metadata and lineage information,A catalog of analytics software tools,A list of approved data vendors,B,Data Analytics,Data Governance,40
DA_1770,Which measure is used to assess the accuracy of a classification model?,Root mean square error,R-squared,Confusion matrix metrics (precision recall F1),Mean absolute error,C,Data Analytics,Analytical Methods,41
DA_1771,In a time series what is 'white noise'?,Data with a very loud signal,Random fluctuations with no pattern constant mean and constant variance,Background noise in data collection,Static interference in data transmission,B,Data Analytics,Time Series Analysis,46
DA_1772,What is 'data democratization' intended to achieve?,Voting on data policies,Enabling all employees to access and use data without technical barriers,Making all data publicly available,Reducing the number of data analysts needed,B,Data Analytics,Data Strategy,33
DA_1773,In business analytics what is a 'lead indicator'?,An indicator that follows events,A metric that predicts future performance before it happens,The first item on a dashboard,A leading analyst's metric,B,Data Analytics,Business Metrics,41
DA_1774,What does 'data architecture' define in an organization?,The physical layout of data centers,The structure policies and standards for collecting managing and using data,The number of data analysts hired,The tools and software used for analysis,B,Data Analytics,Data Strategy,30
DA_1775,Which statistical concept describes when a model performs well on training data but poorly on new data?,Underfitting,Overfitting,Bias-variance tradeoff,Data leakage,B,Data Analytics,Analytical Methods,43
DA_1776,In Tableau what is a 'parameter' used for?,Connecting to external data sources,Creating dynamic user-controlled input values that can change views and calculations,Parameterizing database connections,Setting chart formatting options,B,Data Analytics,BI Tools,45
DA_1777,What is 'data-driven decision making'?,Making decisions based solely on intuition,Using data analysis insights to guide business decisions rather than relying only on intuition,Storing all decisions in a database,Using automated systems to make decisions,B,Data Analytics,Data Strategy,39
DA_1778,What is the purpose of 'winsorization' in data preparation?,Adding extreme values to datasets,Replacing extreme outlier values with the nearest percentile values,Removing all outliers from analysis,Normalizing data to a standard scale,B,Data Analytics,Data Cleaning,27
DA_1779,In data analytics what does 'GDPR' regulate?,Government Data Processing Requirements,General Data Protection Regulation - governing personal data handling in the EU,Global Data Processing Registry,General Database Processing Rules,B,Data Analytics,Data Security,48
DA_1780,Which visualization best displays the overlap and differences between multiple groups?,Bar chart,Venn diagram,Line chart,Scatter plot,B,Data Analytics,Data Visualization,48
DA_1781,What is 'clickstream analysis' used for?,Analyzing mouse click hardware failures,Analyzing user navigation behavior on websites through click events,Analyzing clicking sounds in data centers,Measuring data processing click rates,B,Data Analytics,Analytical Methods,28
DA_1782,In statistics what is 'degrees of freedom' in the context of a t-test?,The number of independent variables,The number of values free to vary when estimating a parameter,The number of data points in the sample,The number of groups being compared,B,Data Analytics,Statistical Testing,39
DA_1783,What does 'data refresh rate' refer to in a dashboard context?,How quickly a user can refresh the page,How frequently the data in a dashboard is updated with new information,The speed at which charts render,The frequency of data backup operations,B,Data Analytics,BI Tools,32
DA_1784,Which data quality issue occurs when the same entity is recorded multiple times with different identifiers?,Data latency,Data redundancy,Duplicate records / entity resolution issue,Data inconsistency,C,Data Analytics,Data Quality,40
DA_1785,What is 'predictive analytics' primarily focused on?,Explaining past events,Forecasting future outcomes based on historical patterns,Prescribing optimal actions,Describing current states,B,Data Analytics,Analytical Methods,42
DA_1786,In data visualization what is 'small multiples' technique?,Creating very small charts,Using multiple identical chart structures with different subsets of data for comparison,Displaying data at a smaller scale,Showing multiple data points in a single visualization,B,Data Analytics,Data Visualization,26
DA_1787,What is the purpose of 'data retention policy' in data management?,Retaining only high-quality data,Defining how long different types of data should be kept before deletion or archiving,Retaining access for authorized users,Keeping backup copies of all data,B,Data Analytics,Data Governance,34
DA_1788,Which analysis method examines how changes in assumptions affect the outcome of a model?,Scenario analysis,Cohort analysis,Root cause analysis,Sensitivity analysis,D,Data Analytics,Analytical Methods,47
DA_1789,What is 'event-driven analytics'?,Analytics triggered by user clicking on charts,Real-time analysis triggered when specific business events occur,Analytics based only on historical events,Analysis of events calendar data,B,Data Analytics,Analytical Methods,39
DA_1790,In data warehousing what is 'bus architecture'?,A system for transporting data physically,A conformed dimension strategy that allows different fact tables to share dimensions,A type of data loading architecture,A bus topology for database networks,B,Data Analytics,Data Warehousing,41
DA_1791,What does 'data sparsity' mean in analytics?,Data that is spread across many locations,A dataset where most values are zero or missing,Data that arrives in sparse intervals,Compressed data storage format,B,Data Analytics,Data Quality,46
DA_1792,Which Power BI feature allows you to create hierarchical data relationships?,Power Query,DAX measures,Hierarchies in data model,Calculated columns,C,Data Analytics,BI Tools,38
DA_1793,What is 'temporal data' in analytics?,Geographically tagged data,Data that has a time component and changes over time,Temporary placeholder data,Data stored in temporary tables,B,Data Analytics,Data Management,31
DA_1794,In analytics what does 'ROAS' stand for?,Rate of Analytical Success,Return on Ad Spend,Revenue on Analytics Systems,Rate of Audience Segmentation,B,Data Analytics,Business Metrics,47
DA_1795,What is 'document-oriented database' most suitable for?,Storing strictly structured relational data,Storing semi-structured or unstructured data as flexible documents,Running complex analytical queries,Processing real-time transactions only,B,Data Analytics,Database Concepts,26
DA_1796,In a funnel chart what does a narrowing funnel between stages represent?,More users entering the funnel,A drop in users completing that stage (conversion loss),The funnel becoming more focused,Improvement in performance,B,Data Analytics,Data Visualization,46
DA_1797,What does 'self-service analytics' enable in organizations?,Analysts to work without supervision,Business users to access and analyze data without IT assistance,Automated analytics without human input,Customers to analyze their own data,B,Data Analytics,Data Strategy,50
DA_1798,Which concept describes splitting data into training and testing sets for model validation?,Data augmentation,Train-test split,Cross-validation,Bootstrapping,B,Data Analytics,Analytical Methods,29
DA_1799,What is 'VLOOKUP' primarily used for in spreadsheet analytics?,Creating visual lookups in charts,Looking up a value in a table based on a matching value in another column,Validating data inputs,Creating lookup tables for visualization,B,Data Analytics,Data Analysis Tools,28
DA_1800,In analytics what is a 'lagging indicator'?,An indicator that predicts future events,A metric that reflects past performance and confirms trends,A slow-updating dashboard metric,An indicator with data latency issues,B,Data Analytics,Business Metrics,42
DA_1801,What is 'data throttling' in analytics pipelines?,Accelerating data processing speed,Intentionally limiting the rate of data ingestion or processing,Filtering data below a threshold,Encrypting data at rest,B,Data Analytics,Data Pipeline,27
DA_1802,In data analytics what is 'descriptive statistics' primarily used for?,Predicting future outcomes,Summarizing and describing the main features of a dataset,Drawing inferences about a population,Building predictive models,B,Data Analytics,Descriptive Statistics,44
DA_1803,Which statistical concept ensures that results from a sample can be generalized to the broader population?,Internal validity,External validity (generalizability),Construct validity,Statistical significance,B,Data Analytics,Statistical Analysis,45
DA_1804,What is 'entity resolution' in data management?,Resolving technical issues in database entities,The process of determining when records from different sources refer to the same real-world entity,Creating entity-relationship diagrams,Resolving foreign key conflicts,B,Data Analytics,Data Management,48
DA_1805,In dashboard design what does 'progressive disclosure' mean?,Gradually revealing more detailed information as users interact,Disclosing data progressively to stakeholders,Showing all information at once,Using animation to reveal data,A,Data Analytics,Data Visualization,47
DA_1806,What is 'fuzzy matching' used for in data analytics?,Matching exactly identical records,Identifying similar but not identical records based on approximate string matching,Creating fuzzy logic models,Matching data with defined tolerance ranges,B,Data Analytics,Data Cleaning,33
DA_1807,Which data storage format is columnar and optimized for analytical queries?,Row-based storage (CSV),JSON,Parquet,XML,C,Data Analytics,Data Storage,50
DA_1808,In analytics what is a 'control chart' used for?,Controlling user access to dashboards,Monitoring process stability and detecting when a process is out of control,Controlling the data refresh rate,Managing chart configurations,B,Data Analytics,Statistical Analysis,40
DA_1809,What is 'multi-dimensional analysis' in OLAP?,Analyzing data along a single dimension,Analyzing data across multiple dimensions such as time product and region simultaneously,Creating 3D visualizations,Analyzing multiple datasets simultaneously,B,Data Analytics,Data Warehousing,31
DA_1810,Which concept in data analytics describes the phenomenon where correlation does not imply causation?,Confounding variables,Spurious correlation,Multicollinearity,Selection bias,B,Data Analytics,Statistical Analysis,48
DA_1811,What is 'operational analytics' focused on?,Long-term strategic analysis,Real-time analysis of day-to-day business operations,Historical trend analysis,Annual performance reviews,B,Data Analytics,Analytical Methods,45
DA_1812,In statistics what is a 'population parameter'?,A sample statistic used to estimate,A numerical characteristic of the entire population,The maximum value in a dataset,A variable that changes over time,B,Data Analytics,Statistical Analysis,27
DA_1813,Which data quality metric measures the percentage of required data fields that are populated?,Accuracy rate,Completeness rate,Consistency rate,Validity rate,B,Data Analytics,Data Quality,50
DA_1814,What is 'data tokenization' used for in analytics?,Converting text to numerical tokens for analysis,Replacing sensitive data with non-sensitive placeholder values,Creating access tokens for APIs,Tokenizing large datasets into smaller chunks,B,Data Analytics,Data Security,50
DA_1815,In a Pareto chart what does the line graph represent?,The individual bar values,The cumulative percentage of the total,The trend over time,The average value,B,Data Analytics,Data Visualization,40
DA_1816,What is 'business intelligence' (BI) primarily concerned with?,Building machine learning models,Converting raw data into actionable insights for business decisions,Writing application code for data systems,Managing IT infrastructure,B,Data Analytics,BI Tools,45
DA_1817,Which data analysis technique examines if and how quickly metrics return to baseline after a change?,Trend analysis,Reversion to mean analysis,Impulse response analysis,Cohort analysis,C,Data Analytics,Analytical Methods,37
DA_1818,What does 'data at rest' encryption protect against?,Unauthorized access during data transmission,Unauthorized access to stored data,Data corruption during processing,Performance degradation,B,Data Analytics,Data Security,28
DA_1819,In analytics what is a 'rolling window' calculation?,A window that physically rolls across screens,A calculation performed over a sliding fixed-length period of time,A type of window function in SQL,A rotating display in dashboards,B,Data Analytics,Time Series Analysis,35
DA_1820,Which Tableau chart type shows individual data points along a single axis?,Bar chart,Scatter plot,Strip plot,Heat map,C,Data Analytics,Data Visualization,39
DA_1821,What is the purpose of 'data sampling' in large-scale analytics?,To randomly delete unwanted data,To analyze a representative subset of data when full dataset analysis is impractical,To sample music data in analysis,To sample database performance metrics,B,Data Analytics,Sampling Methods,47
DA_1822,In data warehousing what does 'SCD Type 2' do when an attribute changes?,Overwrites the old value,Creates a new row with a new validity period while keeping the old row,Deletes the old record,Flags the changed record,B,Data Analytics,Data Warehousing,39
DA_1823,Which chart best shows the distribution and summary statistics of multiple groups side by side?,Line chart,Scatter plot,Box plot (box-and-whisker),Pie chart,C,Data Analytics,Data Visualization,28
DA_1824,What is 'data orchestration' in modern analytics stacks?,Playing music with data,Coordinating and scheduling data workflows across multiple systems and tools,Organizing data into musical patterns,Creating orchestral-style dashboards,B,Data Analytics,Data Pipeline,26
DA_1825,In analytics what does 'CAC' (Customer Acquisition Cost) measure?,The cost to retain an existing customer,The total cost to acquire a new customer,The cost of customer analytics systems,The average customer account cost,B,Data Analytics,Business Metrics,45
DA_1826,What is 'data replication' used for in analytics architectures?,Removing duplicate data,Creating and maintaining synchronized copies of data across multiple systems,Replicating visualizations,Copying old data to archives,B,Data Analytics,Data Management,26
DA_1827,In statistical analysis what is 'effect size'?,The statistical significance of a result,The practical magnitude of the difference or relationship found,The sample size needed for a study,The number of variables in the model,B,Data Analytics,Statistical Analysis,27
DA_1828,What is 'data tagging' or 'data labeling' most commonly associated with?,Organizing spreadsheet tabs,Annotating data elements with meaningful metadata or category labels,Creating HTML tags for web data,Tagging database records for deletion,B,Data Analytics,Data Management,44
DA_1829,Which approach analyzes all available data rather than a sample?,Census analysis,Sample analysis,Stratified analysis,Cluster analysis,A,Data Analytics,Sampling Methods,49
DA_1830,In Power BI what is the function of 'DAX'?,Data Access Extension - for connecting to databases,Data Analysis Expressions - a formula language for creating calculations,Dashboard Analytics Exchange - for sharing dashboards,Data Aggregation Extension - for summarizing data,B,Data Analytics,BI Tools,35
DA_1831,What is 'anomaly detection' used for in data analytics?,Detecting abnormal software behavior,Identifying unusual patterns or outliers that deviate from expected behavior in data,Finding anomalies in database design,Detecting errors in data entry forms,B,Data Analytics,Analytical Methods,29
DA_1832,In data analysis what does 'normalization' refer to when applied to data values (not databases)?,Removing normal records from analysis,Scaling data to a standard range such as 0 to 1 for comparability,Normalizing the data collection process,Converting data to normal form in databases,B,Data Analytics,Data Transformation,29
DA_1833,What is a 'data hub' in enterprise analytics?,A physical location for data servers,A centralized platform for integrating and managing data from multiple sources,A hub-and-spoke visualization type,A type of data governance framework,B,Data Analytics,Data Management,38
DA_1834,Which approach in analytics involves using all historical data to predict the next observation?,Holdout validation,Walk-forward validation,K-fold cross-validation,Bootstrap validation,B,Data Analytics,Analytical Methods,34
DA_1835,In data analytics what is 'regression to the mean'?,Data that returns to the average over time in a database,The tendency of extreme measurements to be followed by more average measurements,Returning regression models to baseline,Using mean as the target in regression,B,Data Analytics,Statistical Analysis,32
DA_1836,What is 'workforce analytics' primarily concerned with?,Analyzing data workforce skills,Using data to analyze measure and improve employee performance and HR outcomes,Building analytics teams,Analyzing office workspace usage,B,Data Analytics,Analytical Methods,41
DA_1837,Which statistical principle states that larger samples will have a distribution closer to normal?,Law of large numbers,Central Limit Theorem,Bayes' theorem,Chebyshev's inequality,B,Data Analytics,Statistical Analysis,43
DA_1838,In a dashboard what is a 'drill-through' action?,Drilling through physical materials,Navigating from a summary view to a detailed report for a specific item,Drilling through historical data,Accessing hidden data layers,B,Data Analytics,BI Tools,28
DA_1839,What is 'data observability' in modern data stacks?,Being able to see data physically,The ability to monitor understand and troubleshoot data health and quality in a pipeline,Observing data analyst work,Monitoring user behavior with dashboards,B,Data Analytics,Data Management,45
DA_1840,Which analytical technique identifies the minimum set of data needed to represent the original dataset?,Feature reduction / dimensionality reduction,Data augmentation,Feature engineering,Data enrichment,A,Data Analytics,Analytical Methods,45
DA_1841,In business analytics what is 'scenario planning' used for?,Planning data collection scenarios,Analyzing multiple possible future states to support strategic decision-making,Planning dashboard layouts,Scheduling data analyst work scenarios,B,Data Analytics,Analytical Methods,35
DA_1842,What does 'data sovereignty' refer to in analytics?,Data owned by a single analyst,The concept that data is subject to the laws and governance of the country in which it is collected,Data owned exclusively by the company,Sovereign encryption of data assets,B,Data Analytics,Data Governance,49
DA_1843,In visualization what is a 'dual-axis chart' used for?,Showing data on two separate dashboards,Displaying two different metrics with different scales on the same chart,Creating charts with two color axes,Using two chart types simultaneously,B,Data Analytics,Data Visualization,47
DA_1844,What is 'predictive maintenance' analytics used for in operations?,Predicting when employees will need training,Using data to predict equipment failures before they occur,Maintaining predictive models,Predicting maintenance budget needs,B,Data Analytics,Analytical Methods,41
DA_1845,In data analytics what is the 'signal-to-noise ratio'?,A technical ratio in data transmission,The ratio of meaningful information to irrelevant data in a dataset,The ratio of correct to incorrect data,The speed of data signals versus noise,B,Data Analytics,Data Quality,28
DA_1846,Which type of data model represents data as nodes and relationships (edges)?,Relational model,Hierarchical model,Graph model,Document model,C,Data Analytics,Database Concepts,36
DA_1847,What is 'data storytelling' most effective for?,Storing narrative data,Communicating analytical findings to non-technical stakeholders through compelling narratives,Writing data-based fiction,Creating interactive story games with data,B,Data Analytics,Data Communication,50
DA_1848,In analytics what is 'web scraping' used for?,Scraping incorrect data from databases,Automatically extracting data from websites,Cleaning web-based data,Monitoring website analytics,B,Data Analytics,Data Collection,35
DA_1849,What does 'data privacy by design' mean?,Designing databases for privacy,Incorporating privacy protections from the beginning of a system's design,Designing private data storage,Using design tools that are private,B,Data Analytics,Data Security,41
DA_1850,Which statistical measure describes the most frequent value in a dataset?,Mean,Median,Mode,Range,C,Data Analytics,Descriptive Statistics,33
DA_1851,In data analytics what is 'time-to-insight'?,The time it takes to load data,The duration from data collection to actionable business insight,The time between data updates,The speed of visualization rendering,B,Data Analytics,Data Strategy,34
DA_1852,What is 'geo-targeting analysis' used for in marketing analytics?,Targeting geographic data errors,Analyzing and delivering content or ads based on users' geographic location,Targeting specific geographic datasets,Mapping database geographic columns,B,Data Analytics,Analytical Methods,40
DA_1853,In statistics what does 'heteroscedasticity' mean in regression analysis?,All data points are identical,The variance of residuals is not constant across all levels of predictor variables,Data points are perfectly linear,All variables have the same scale,B,Data Analytics,Regression Analysis,46
DA_1854,What is the purpose of a 'reference line' in a data visualization?,To separate sections of a chart,To provide a benchmark value that actual values can be compared against,To reference external documents,To create visual boundaries between data series,B,Data Analytics,Data Visualization,28
DA_1855,In data analytics what is 'click-through rate (CTR)'?,The rate of data transfer through networks,The percentage of people who click on a link or ad out of those who view it,The throughput rate of data processing,The click frequency in dashboard interactions,B,Data Analytics,Business Metrics,29
DA_1856,Which approach in analytics involves analyzing data as it is created rather than storing it first?,Batch processing,Stream processing / real-time analytics,Sequential processing,Historical analysis,B,Data Analytics,Data Pipeline,38
DA_1857,What is 'master data management' (MDM) concerned with?,Managing the database master password,Ensuring a single consistent version of key business entities like customers and products,Managing the master analytics team,Creating master copies of all datasets,B,Data Analytics,Data Governance,37
DA_1858,In data analysis what is 'data pivoting'?,Rotating the database server,Transforming rows into columns or columns into rows to reshape data,Pivoting visualization axes,Changing data types,B,Data Analytics,Data Transformation,46
DA_1859,What does 'false positive' mean in analytics and testing?,A positive result that is correct,A positive test result that incorrectly indicates presence of something that does not exist,A negative result that seems positive,A positive trend in false data,B,Data Analytics,Statistical Testing,34
DA_1860,In Tableau which type of filter is applied before any aggregations occur?,Context filter,Extract filter,Dimension filter,Table calculation filter,A,Data Analytics,BI Tools,50
DA_1861,What is 'data maturity model' used to assess?,The age of data in a system,An organization's capability and sophistication in using data effectively,The maturity of database software,The age of the analytics team,B,Data Analytics,Data Strategy,39
DA_1862,In analytics what does 'page views per session' measure?,The number of web pages created per day,The average number of pages a user visits in a single website session,The number of pages viewed per analyst,The rate of page loading per session,B,Data Analytics,Business Metrics,44
DA_1863,What is 'logical data modeling' focused on?,Physical storage of data,The business concepts and relationships without specifying physical implementation,Logical operators in databases,Creating logical tests for data,B,Data Analytics,Data Management,32
DA_1864,Which concept in analytics involves grouping customers by shared behavioral characteristics without predefined labels?,Supervised segmentation,Unsupervised clustering,Decision tree classification,Regression modeling,B,Data Analytics,Analytical Methods,41
DA_1865,What is 'data trust' in organizational context?,Technical trust in database systems,The degree to which stakeholders are confident that data is reliable and accurate for decision-making,Trusting data analysts with sensitive information,Database trust relationships,B,Data Analytics,Data Governance,47
DA_1866,In statistics what is the difference between 'parametric' and 'non-parametric' tests?,Parametric tests use more parameters,Parametric tests assume data follows a specific distribution; non-parametric do not,Parametric tests use categorical data; non-parametric use numerical,Non-parametric tests are always more accurate,B,Data Analytics,Statistical Testing,45
DA_1867,What is 'predictive lead scoring' used for in sales analytics?,Predicting which sports teams will win,Ranking potential customers by their likelihood to convert to actual customers,Scoring sales team performance,Predicting sales team leadership succession,B,Data Analytics,Analytical Methods,30
DA_1868,In data management what is 'data archiving' used for?,Deleting old data permanently,Moving older data to lower-cost storage while keeping it accessible if needed,Archiving database documentation,Compressing active data for faster access,B,Data Analytics,Data Management,35
DA_1869,Which Power BI feature is used for data cleaning and transformation before loading?,Power Map,Power Query (M Language),Power Pivot,Power View,B,Data Analytics,BI Tools,43
DA_1870,What does 'seasonally adjusted data' mean in time series analysis?,Data collected only during specific seasons,Data with seasonal patterns mathematically removed to reveal underlying trends,Data adjusted for temperature and weather,Data with seasonal multipliers added,B,Data Analytics,Time Series Analysis,36
DA_1871,In data analytics what is 'precision' in the context of classification evaluation?,The accuracy of the data collection instrument,The proportion of true positives out of all predicted positives,The exactness of numerical data values,The degree to which data measurements agree,B,Data Analytics,Analytical Methods,32
DA_1872,What is 'exploratory spatial data analysis' (ESDA) used for?,Exploring space-related data like NASA,Analyzing geographical patterns relationships and spatial autocorrelation in data,Exploring data storage spaces,Analyzing data center spatial requirements,B,Data Analytics,Analytical Methods,39
DA_1873,In a data pipeline what does 'idempotency' mean?,Running the pipeline once only,The property where running a pipeline multiple times produces the same result as running it once,Making pipelines identical to each other,Processing identical data records,B,Data Analytics,Data Pipeline,45
DA_1874,What is 'data monetization' in business analytics?,Converting data to currency,Generating revenue or business value from data and data-derived insights,Monitoring monetary transactions with data,Valuing the data assets on a balance sheet,B,Data Analytics,Data Strategy,43
DA_1875,Which concept in analytics describes when a model's assumptions do not align with the reality of the data?,Model drift,Model bias,Model mismatch,Concept drift,D,Data Analytics,Analytical Methods,36
DA_1876,In data analytics what is 'data transformation pipeline' responsible for?,Transporting data physically,A sequence of data processing steps that convert raw data into usable form,Managing database transactions,Transforming visualization formats,B,Data Analytics,Data Pipeline,47
DA_1877,What does 'CAGR' (Compound Annual Growth Rate) measure in business analytics?,The cumulative aggregate of a graph's regression,The year-over-year growth rate of a metric over a specified time period,The compound calculation of annual growth regression,The cumulative annual growth of a regression model,B,Data Analytics,Business Metrics,37
DA_1878,In data analytics what does 'null hypothesis' represent in testing?,The most likely hypothesis to be true,A statement of no effect or no difference that is tested against the alternative hypothesis,The hypothesis that something is null/empty,The default model hypothesis,B,Data Analytics,Statistical Testing,43
DA_1879,What is 'data visualization best practice' of 'pre-attentive attributes'?,Attributes added before data collection,Visual properties processed by the human brain before conscious attention such as color size and position,Pre-approved chart attributes,Attributes visible before clicking on a chart,B,Data Analytics,Data Visualization,27
DA_1880,In analytics what is 'basket abandonment analysis' used for?,Analyzing abandoned shopping baskets physically,Understanding why customers add items to carts but do not complete purchases,Analyzing inventory abandonment,Monitoring data basket queries that were abandoned,B,Data Analytics,Analytical Methods,48
DA_1881,What is 'data contract' in modern data engineering?,A legal contract for data vendors,An agreement on data structure format and quality between data producers and consumers,A data quality guarantee,A contract for data storage services,B,Data Analytics,Data Management,26
DA_1882,In statistics what is 'Bayes' theorem' used for?,Computing base statistics,Calculating the probability of an event based on prior knowledge and new evidence,Analyzing base rates in populations,Computing statistical baselines,B,Data Analytics,Statistical Analysis,48
DA_1883,What is 'digital twin analytics' used for?,Analyzing digital art twins,Creating and analyzing virtual replicas of physical processes or systems using real-time data,Twinning data across two databases,Analyzing two identical datasets in parallel,B,Data Analytics,Analytical Methods,35
DA_1884,In data analytics what is 'augmented analytics'?,Adding more data to existing analytics,Using AI and machine learning to automate data preparation and insight discovery,Analytics enhanced with virtual reality,Adding context to analytics reports,B,Data Analytics,Analytical Methods,46
DA_1885,Which metric measures the average time between first contact and completed purchase?,Sales cycle length,Customer Acquisition Cost,Time to first purchase,Conversion lag,A,Data Analytics,Business Metrics,26
DA_1886,In data visualization what is 'pre-aggregation' used for?,Aggregating data before users see it,Computing summary statistics in advance to improve dashboard performance,Pre-approving aggregation rules,Aggregating preferences of dashboard users,B,Data Analytics,BI Tools,31
DA_1887,What does 'third-party data' refer to in analytics?,Data from the third version of a dataset,Data collected by an external organization different from the data subject and the company using it,Data stored in third-party cloud systems,The third copy of a replicated dataset,B,Data Analytics,Data Collection,32
DA_1888,In analytics what is a 'control group' used for in experimentation?,A group that controls the experiment design,A group that does not receive the treatment to compare against the test group,A group that controls data access,The group with the most data points,B,Data Analytics,Experimental Design,42
DA_1889,What is 'data silo' a problem in analytics?,Too much data stored in one place,Data stored in isolated systems that cannot easily be shared or accessed across the organization,A type of data storage container,A method of data categorization,B,Data Analytics,Data Strategy,34
DA_1890,In Tableau what does 'context filter' do that regular filters do not?,Applies before data is loaded,Establishes a data subset that other filters use as their base creating a temporary table,Filters across multiple data sources,Applies filters to all worksheets simultaneously,B,Data Analytics,BI Tools,32
DA_1891,What is 'user journey analytics' used for?,Analyzing user travel patterns,Mapping and analyzing the steps users take from initial awareness to conversion,Analyzing user-created content journeys,Tracking users' physical movement data,B,Data Analytics,Analytical Methods,42
DA_1892,In statistics what is 'multicollinearity' a problem with?,Multiple columns in a single table,When predictor variables in a regression model are highly correlated with each other,Multiple models giving different results,Collecting data from multiple locations,B,Data Analytics,Regression Analysis,28
DA_1893,What does 'data exhaust' refer to in analytics?,Exhausted or fully analyzed data,Data generated as a byproduct of user interactions and system operations,Expired data past retention period,Data that has been fully processed,B,Data Analytics,Data Collection,41
DA_1894,Which analytical technique uses past experience to assign probabilities to future outcomes?,Frequentist statistics,Bayesian inference,Descriptive analytics,Prescriptive analytics,B,Data Analytics,Analytical Methods,30
DA_1895,In data analytics what is 'propensity modeling'?,Modeling data storage capacity,Predicting the likelihood that individuals will exhibit certain behaviors,Modeling proper data formatting,Analyzing proportional data sets,B,Data Analytics,Analytical Methods,45
DA_1896,What is 'data mesh' governance primarily focused on?,Centralizing all governance decisions,Federated governance that balances domain autonomy with global standards,Governing data mesh network infrastructure,Governing data analyst tasks,B,Data Analytics,Data Governance,43
DA_1897,In visualization what does 'Gestalt principle of proximity' suggest?,Objects of similar color appear related,Objects that are close together are perceived as belonging together,Objects that are similar in shape appear related,The most proximate data point is most important,B,Data Analytics,Data Visualization,26
DA_1898,What is 'incremental analytics'?,Analytics that improve gradually over time,Analyzing only new data since the last analysis rather than reprocessing all data,Increasing the scope of analytics incrementally,Analytics that add incremental value to reports,B,Data Analytics,Analytical Methods,29
DA_1899,In data governance what is a 'data owner'?,The technical team that manages the database,The person or team accountable for a data asset's accuracy and appropriate use,The analyst who created the dataset,The executive who commissioned the analytics project,B,Data Analytics,Data Governance,48
DA_1900,What is 'demand forecasting analytics' primarily used for?,Forecasting data storage demand,Predicting future product or service demand to optimize inventory and resources,Forecasting analyst team demands,Predicting customer demand for analytics tools,B,Data Analytics,Analytical Methods,36
DA_1901,In database management what does 'query optimization' aim to achieve?,Making queries easier to read,Finding the most efficient execution plan to retrieve data with minimum resources,Optimizing the visual output of queries,Making query results more accurate,B,Data Analytics,Database Concepts,45
DA_1902,What is 'data traceability' in analytics?,Tracing data analyst performance,The ability to track data through all its transformations and movements in a system,Tracing data errors to their source,Tracking the data storage trail,B,Data Analytics,Data Governance,34
DA_1903,Which chart type effectively shows how a total value is divided among components at a specific point in time?,Waterfall chart,Stacked bar chart,Line chart,Scatter plot,B,Data Analytics,Data Visualization,33
DA_1904,In analytics what is 'recall' (sensitivity) in classification evaluation?,The proportion of relevant results returned,The proportion of actual positives that were correctly identified by the model,The speed of recalling stored data,The accuracy of the recall process,B,Data Analytics,Analytical Methods,33
DA_1905,What is 'data observability' most similar to in software engineering?,Code testing,Application monitoring and observability,Code documentation,Software debugging,B,Data Analytics,Data Pipeline,30
DA_1906,In statistics what is a 'quartile'?,One quarter of all statistical tests,Values that divide a dataset into four equal parts,The fourth percentile of a dataset,A statistical measure of skewness,B,Data Analytics,Descriptive Statistics,37
DA_1907,What does 'SCD Type 1' do in data warehousing when an attribute changes?,Creates a new row for the change,Overwrites the old value with the new value losing history,Archives the old record,Flags the change with a timestamp,B,Data Analytics,Data Warehousing,26
DA_1908,Which Tableau feature allows sharing visualizations with people who don't have Tableau Desktop?,Tableau Prep,Tableau Server or Tableau Public,Tableau Reader (for packaged workbooks),Tableau Bridge,C,Data Analytics,BI Tools,40
DA_1909,In data analytics what is 'principal component analysis' primarily used for?,Analyzing the principal business components,Reducing the dimensionality of data while preserving most of the variance,Analyzing the main components of a dashboard,Finding the principal data source,B,Data Analytics,Analytical Methods,50
DA_1910,What is 'data quality score' used for?,Grading data analysts' performance,A numerical assessment of how well data meets defined quality criteria,Scoring the difficulty of data analysis tasks,Measuring data storage quality,B,Data Analytics,Data Quality,43
DA_1911,In analytics what does 'bounce rate' measure?,The rate at which data bounces between servers,The percentage of visitors who leave a website after viewing only one page,The rate of errors in data processing,The frequency of data bouncing between systems,B,Data Analytics,Business Metrics,31
DA_1912,What is 'hierarchical clustering' in data analytics?,Organizing databases in a hierarchy,A type of cluster analysis that builds a tree of clusters from either top-down or bottom-up,Clustering data by organizational hierarchy,Creating hierarchical visualizations,B,Data Analytics,Analytical Methods,35
DA_1913,In data management what does 'CRUD' stand for?,Create Retrieve Update Delete,Create Read Update Delete,Compute Retrieve Update Deploy,Create Read Unify Distribute,B,Data Analytics,Database Concepts,39
DA_1914,What is 'text analytics' or 'text mining' used for?,Analyzing the quality of text formatting,Extracting structured information and insights from unstructured text data,Mining for new text data sources,Analyzing reading comprehension data,B,Data Analytics,Analytical Methods,46
DA_1915,In analytics what is 'gross margin' as a business metric?,The total revenue before any costs,Revenue minus cost of goods sold expressed as a percentage of revenue,Gross income including all revenue streams,The margin of error in gross calculations,B,Data Analytics,Business Metrics,33
DA_1916,Which method is used to handle missing data by predicting missing values based on other variables?,Listwise deletion,Mean substitution,Multiple imputation,Complete case analysis,C,Data Analytics,Data Cleaning,28
DA_1917,What is 'real-time analytics' most useful for?,Historical trend analysis,Making immediate decisions based on data as events occur,Improving data quality in historical datasets,Analyzing real estate data in real time,B,Data Analytics,Analytical Methods,47
DA_1918,In data visualization what does 'Tufte's data-ink ratio' principle encourage?,Using lots of colors and visual effects,Maximizing the proportion of ink used to display actual data and removing non-essential elements,Using equal amounts of data and ink,Making charts as detailed as possible,B,Data Analytics,Data Visualization,47
DA_1919,What is 'data mart' designed to serve?,The entire enterprise,A specific business department or subject area with relevant data,A marketplace for data vendors,All external users of the organization,B,Data Analytics,Data Warehousing,44
DA_1920,In statistical testing what is 'alpha level' (Î±)?,The power of the statistical test,The threshold for statistical significance (probability of Type I error),The effect size of the analysis,The confidence level of the interval,B,Data Analytics,Statistical Testing,37
DA_1921,What does 'data completeness' mean in the context of data quality?,All data is correct,All required data fields have values and no important information is missing,All data is up to date,All data is consistent across systems,B,Data Analytics,Data Quality,37
DA_1922,In analytics what is 'digital analytics' primarily concerned with?,Digitizing paper-based analytics,Analyzing digital user behavior online through web mobile and app channels,Analytics performed digitally vs. manually,Digital transformation analytics,B,Data Analytics,Analytical Methods,40
DA_1923,What is 'session duration' as a web analytics metric?,The duration of a data processing session,The average time a user spends on a website in a single visit,The time it takes to load a web page,The duration of a live streaming session,B,Data Analytics,Business Metrics,32
DA_1924,In data governance what does 'data classification' involve?,Classifying analysts by skill level,Categorizing data based on sensitivity and regulatory requirements,Classifying database tables by size,Organizing data by creation date,B,Data Analytics,Data Governance,29
DA_1925,Which analytical approach segments customers based on when they first started using a product?,Demographic segmentation,Cohort analysis,Behavioral clustering,RFM analysis,B,Data Analytics,Analytical Methods,46
DA_1926,In data visualization what is 'chart redability' primarily affected by?,The chart type chosen,The combination of colors font sizes labels and clutter in the visualization,The data volume displayed,The technical tools used to create it,B,Data Analytics,Data Visualization,34
DA_1927,What is 'decision intelligence' in modern analytics?,Making automated decisions with AI,An approach that applies decision-making principles to design implement and manage data-driven decisions,Intelligence gathered from decision makers,Analytics that support IT decisions only,B,Data Analytics,Analytical Methods,47
DA_1928,In data management what is 'data sprawl'?,Spreading data across large server farms,The uncontrolled proliferation of data copies and storage locations across an organization,Data spreading virally through systems,The growth of data analytics teams,B,Data Analytics,Data Management,41
DA_1929,Which statistical measure is most useful for understanding the spread of data that is not normally distributed?,Standard deviation,Variance,Interquartile range (IQR),Coefficient of variation,C,Data Analytics,Descriptive Statistics,38
DA_1930,What is 'product analytics' focused on?,Analyzing the analytics product market,Understanding how users interact with a product to improve features and user experience,Analyzing product manufacturing data,Product pricing analytics,B,Data Analytics,Analytical Methods,29
DA_1931,In SQL what does the GROUP BY clause do?,Sorts results in ascending order,Aggregates rows with the same values in specified columns,Filters rows based on a condition,Joins multiple tables together,B,Data Analytics,Database Concepts,49
DA_1932,What is 'location analytics' used for?,Analyzing the location of data servers,Using geographic and spatial data to solve business problems and optimize location-based decisions,Analyzing data by country of origin,Tracking data analyst office locations,B,Data Analytics,Analytical Methods,34
DA_1933,In data analytics what is 'survivorship bias' most commonly associated with?,Analyzing only successful investments while ignoring failures leading to false conclusions,Analyzing data that survived quality checks,Bias in data from long-term studies,Bias caused by large sample survival,A,Data Analytics,Data Bias,46
DA_1934,What does 'social media analytics' primarily measure?,Analytics of social events,Engagement reach sentiment and performance of content on social media platforms,Social behavior of data analysts,Analyzing social network infrastructure,B,Data Analytics,Analytical Methods,43
DA_1935,In data analytics what is 'process mining' used for?,Mining data from business processes,Analyzing event log data to understand discover and improve business process flows,Mining insights from processing data,Tracking data mining processes,B,Data Analytics,Analytical Methods,40
DA_1936,What is 'mean absolute error' (MAE) used to measure?,The average of absolute accuracy values,The average magnitude of errors in predictions without considering direction,The mean accuracy level of errors,The absolute mean value of a dataset,B,Data Analytics,Analytical Methods,40
DA_1937,In data analytics what does 'cross-sell analysis' identify?,Selling data services to different teams,Products that existing customers are likely to buy in addition to what they already purchase,Opportunities to sell data at higher prices,Analyzing sales across different regions,B,Data Analytics,Analytical Methods,31
DA_1938,Which data governance concept ensures that decisions about data are made at the appropriate level in an organization?,Data democracy,Data stewardship,Data accountability,Data sovereignty,C,Data Analytics,Data Governance,36
DA_1939,In data visualization what is the purpose of 'axis scaling'?,To make charts more colorful,To ensure that the scale of axes accurately represents the data without misleading the viewer,To adjust axis labels for readability,To scale the size of the chart,B,Data Analytics,Data Visualization,33
DA_1940,What is 'conversion funnel optimization' in analytics?,Optimizing the data conversion process,Analyzing and improving the steps in a funnel to increase the rate of conversions,Optimizing the funnel visualization,Converting analytics to business value,B,Data Analytics,Analytical Methods,46
DA_1941,In statistics what does 'statistical significance' indicate?,The practical importance of a finding,That an observed result is unlikely to have occurred by chance given the null hypothesis is true,The accuracy of the statistical method,The significance of the sample size,B,Data Analytics,Statistical Testing,42
DA_1942,What is 'content analytics' used for?,Analyzing data content types,Measuring the performance and impact of content on audience engagement and business goals,Analyzing content management systems,Content organization analytics,B,Data Analytics,Analytical Methods,49
DA_1943,In analytics what does 'average order value (AOV)' measure?,The average number of orders per customer,The average monetary value of each order placed,The average time to process an order,The average number of items per order,B,Data Analytics,Business Metrics,50
DA_1944,What is 'network analysis' used for in data analytics?,Analyzing computer network infrastructure,Analyzing relationships and interactions between entities represented as nodes and edges,Analyzing network security data,Analyzing social networks only,B,Data Analytics,Analytical Methods,42
DA_1945,In data analytics what is 'competitive intelligence'?,Intelligence gathered by competing analytics teams,Systematic gathering and analysis of information about competitors and market environment,Analytics tools with competitive features,Competitive pricing data analytics,B,Data Analytics,Analytical Methods,49
DA_1946,Which visualization type is most useful for comparing performance across multiple dimensions for several categories?,Scatter plot,Line chart,Radar (spider) chart,Histogram,C,Data Analytics,Data Visualization,43
DA_1947,What is 'data-driven culture' in an organization?,A culture where only data analysts make decisions,An organizational mindset where decisions at all levels are based on data and evidence,A culture of collecting as much data as possible,Using data for all HR decisions,B,Data Analytics,Data Strategy,29
DA_1948,In analytics what does 'mean time to detect' (MTTD) measure?,Average time for data to pass detection thresholds,The average time from when a problem occurs to when it is identified,Average time for machine learning model detection,The mean time between data quality detections,B,Data Analytics,Business Metrics,40
DA_1949,What is the purpose of 'data lineage' tracking in analytics?,Tracking the origins of data analysts,Recording the complete history of data from origin through all transformations to current state,Tracking lineage of database family of products,Recording which team member last accessed data,B,Data Analytics,Data Governance,27
DA_1950,In business analytics what is 'market share analysis' used for?,Analyzing the stock market's share of data,Measuring the proportion of a market's total sales that a company commands,Analyzing shareholders' market positions,Measuring the share of analytics market,B,Data Analytics,Analytical Methods,27
DA_1951,What is 'real-time data streaming' characterized by?,Data that is stored before being processed,Continuous flow of data that is processed as it is generated,Data refreshed at regular intervals,Streaming video analytics,B,Data Analytics,Data Pipeline,35
DA_1952,In analytics what is 'price elasticity' analysis used for?,Analyzing flexible pricing models,Understanding how changes in price affect demand for a product,Analyzing elastic data storage pricing,Measuring price consistency in analytics tools,B,Data Analytics,Analytical Methods,28
DA_1953,What is 'data steward' responsible for in a data governance framework?,Writing SQL queries for the organization,Ensuring data quality standards are maintained and data policies are followed for assigned datasets,Stewarding the data budget,Managing physical data storage,B,Data Analytics,Data Governance,33
DA_1954,In data analytics what does 'correlation matrix' display?,A matrix of correlated errors,The correlation coefficients between all pairs of variables in a dataset,A correlation between databases,A matrix chart type for correlations,B,Data Analytics,Statistical Analysis,45
DA_1955,What is 'infrastructure analytics' concerned with?,Analytics infrastructure and tools,Analyzing IT infrastructure performance and usage to optimize resources,Infrastructure for data storage,Data center infrastructure management,B,Data Analytics,Analytical Methods,32
DA_1956,In data visualization what is 'small multiples' most effective for?,Displaying small amounts of data,Comparing the same chart structure across multiple categories or time periods,Creating multiple small charts for mobile,Showing detail in very small chart areas,B,Data Analytics,Data Visualization,37
DA_1957,What is 'churn prediction' analytics used for?,Predicting product churn frequency,Identifying customers at risk of leaving before they actually do,Predicting data churn rates,Analyzing hardware failure rates,B,Data Analytics,Analytical Methods,44
DA_1958,In data management what is 'schema evolution'?,Evolving the data analytics schema,Modifying a database schema over time as requirements change while maintaining compatibility,Evolution of data visualization schemas,Schema changes in business reporting,B,Data Analytics,Database Concepts,40
DA_1959,What is 'data-driven pricing' used for?,Pricing data analytics services,Using data analytics to set and adjust prices dynamically based on demand and market conditions,Pricing databases based on data volume,Data governance pricing models,B,Data Analytics,Analytical Methods,39
DA_1960,Which analytical approach examines how multiple variables interact to affect an outcome?,Univariate analysis,Bivariate analysis,Multivariate analysis,Cross-sectional analysis,C,Data Analytics,Analytical Methods,41
DA_1961,In data analytics what is 'data product'?,A product built on a data foundation,A well-defined reusable data asset that has been packaged and made accessible to users,A data analytics product company,A dashboard product for data teams,B,Data Analytics,Data Strategy,39
DA_1962,What is 'value chain analytics' used for?,Analyzing the value of analytics tools,Examining activities across the entire value chain to identify opportunities and inefficiencies,Chaining together multiple analytics models,Analyzing value metrics along a supply chain,B,Data Analytics,Analytical Methods,28
DA_1963,In data visualization what does 'axis truncation' do that is considered misleading?,Cuts off the bottom part of bars making differences appear larger than they are,Shows too much information on one axis,Makes the chart too small to read,Removes the axis labels,A,Data Analytics,Data Visualization,43
DA_1964,What is 'prescriptive analytics' focused on?,Prescribing data collection methods,Recommending specific actions to take to achieve desired outcomes,Predicting future outcomes,Describing historical data,B,Data Analytics,Analytical Methods,47
DA_1965,In data management what is 'data consumption layer'?,The layer where analysts consume coffee while working,The interface through which business users access and analyze data products,The final storage layer of data,The layer responsible for data ingestion,B,Data Analytics,Data Management,31
DA_1966,What is 'gross revenue retention' (GRR) used for?,Retaining gross revenue data,Measuring the percentage of revenue retained from existing customers excluding expansion revenue,The gross rate of revenue data retention,Revenue from data governance services,B,Data Analytics,Business Metrics,42
DA_1967,In analytics what is 'lift' in the context of market basket analysis?,How heavy the data load is,The ratio of the confidence of a rule to the expected confidence if the items were independent,The lift in data processing performance,The performance improvement from a model,B,Data Analytics,Analytical Methods,48
DA_1968,What is 'data freshness SLA' in data pipelines?,A service level for fresh data delivery,An agreement specifying how current data must be when delivered to consumers,A certification for data quality freshness,Standards for refreshing data models,B,Data Analytics,Data Pipeline,39
DA_1969,In analytics what does 'stickiness' measure for digital products?,How difficult data is to extract,The degree to which users return to and engage repeatedly with a product,How sticky a data problem is to solve,The ability of a visualization to keep attention,B,Data Analytics,Business Metrics,39
DA_1970,What is 'multi-touch attribution' used for in marketing analytics?,Touching multiple data sources,Assigning credit to multiple marketing touchpoints that contributed to a conversion,Analyzing multiple touch screen interactions,Attributing multiple data sources to a model,B,Data Analytics,Analytical Methods,45
DA_1971,In data analytics what is 'exposure analysis'?,Analyzing data exposure risks,Measuring the extent to which a target audience was exposed to marketing messages,Analyzing security data exposures,Exposure to different data collection methods,B,Data Analytics,Analytical Methods,38
DA_1972,What does 'data observability' include in modern analytics stacks?,Only monitoring data access logs,Monitoring data freshness volume schema distribution and lineage to ensure pipeline health,Observing data analyst work practices,Observing database performance metrics only,B,Data Analytics,Data Pipeline,28
DA_1973,In analytics what is 'retention rate'?,The rate at which data is retained in storage,The percentage of users who continue to use a product over a specified time period,The data retention period length,The rate of analyst staff retention,B,Data Analytics,Business Metrics,38
DA_1974,What is 'supply chain analytics' primarily used for?,Analyzing analytics supply vendors,Optimizing supply chain operations through analysis of demand inventory logistics and suppliers,Analyzing the chain of data supply sources,Chaining analytics models together,B,Data Analytics,Analytical Methods,49
DA_1975,In data analytics what is 'contribution margin'?,How much an analyst contributes to the team,Revenue minus variable costs used to cover fixed costs and generate profit,The marginal contribution of data models,The contribution of different data sources,B,Data Analytics,Business Metrics,27
DA_1976,What is 'data fabric' architecture?,A fabric-like visual data layout,An integrated layer providing consistent data management capabilities across diverse data environments,A data storage fabric network,A type of data weaving algorithm,B,Data Analytics,Data Strategy,34
DA_1977,In data visualization what is 'interactive filtering' used for?,Filtering out invalid data automatically,Allowing users to dynamically select and explore specific data subsets in real time,Automatically filtering chart types,Applying security filters to data,B,Data Analytics,Data Visualization,38
DA_1978,What is 'brand analytics' used for?,Analyzing data brand associations,Tracking and analyzing how a brand is perceived across channels and measuring brand health over time,Analyzing analytics brand tools,Analytics used exclusively by brand teams,B,Data Analytics,Analytical Methods,33
DA_1979,In analytics what is 'funnel drop-off analysis' focused on?,Analyzing drops in data quality,Identifying at which stage users are leaving the conversion funnel and why,Analyzing the funnel chart performance,Identifying drops in data processing speed,B,Data Analytics,Analytical Methods,41
DA_1980,What does 'incremental value delivery' mean in analytics projects?,Delivering analytics in small database increments,Breaking analytics projects into smaller deliverables that provide value at each stage,Incrementally improving data quality,Delivering incrementally growing data volumes,B,Data Analytics,Data Strategy,49
DA_1981,In data analytics what is 'path analysis' used for?,Analyzing file paths in databases,Understanding the sequences of steps or events users take to reach an outcome,Analyzing network path data,Tracking the path of data through pipelines,B,Data Analytics,Analytical Methods,28
DA_1982,What is 'geographic information system' (GIS) used for in analytics?,Information systems used globally,Capturing storing analyzing and displaying geographically referenced data,Government information systems,General information system analysis,B,Data Analytics,Analytical Methods,38
DA_1983,In data analytics what is 'data exhaust mining'?,Exhaustive data mining techniques,Finding valuable insights in the byproduct data generated from normal user activities,Mining for data after database resources are exhausted,Analyzing data mining exhaustion,B,Data Analytics,Analytical Methods,29
DA_1984,What is 'event sourcing' in data architecture?,Sourcing events for analytics conferences,Storing state changes as a sequence of events that can be replayed,Analyzing event attendance data,Sourcing data from event-based systems,B,Data Analytics,Data Management,43
DA_1985,In analytics what is 'unit economics' analysis concerned with?,Economics of data units of measurement,The direct revenues and costs associated with one unit of a business model to evaluate profitability,Unit testing in analytics,Economic analysis of data units,B,Data Analytics,Business Metrics,27
DA_1986,What is 'voice of customer' (VoC) analytics used for?,Analyzing voice recordings only,Capturing customers' needs expectations and preferences from direct feedback to improve products,Analyzing customer voice quality metrics,Monitoring customer call center data,B,Data Analytics,Analytical Methods,45
DA_1987,In data analytics what does 'selection bias' cause?,Issues with selecting data tools,Systematic differences between selected and non-selected groups leading to unrepresentative samples,Problems in data selection menus,Bias in dataset size selection,B,Data Analytics,Data Bias,47
DA_1988,What is 'customer segmentation' used for in data analytics?,Segmenting the analytics team by customer focus,Dividing customers into groups based on shared characteristics to enable targeted strategies,Analyzing customer segments of databases,Segmenting customer data by format,B,Data Analytics,Analytical Methods,46
DA_1989,In analytics what is 'attribution window' used for?,Setting time windows for dashboard access,Defining the time period during which a touchpoint can receive credit for a conversion,Windowing attribution reports,Setting attribution data freshness,B,Data Analytics,Analytical Methods,40
DA_1990,What is 'data product thinking' in modern analytics?,Thinking about analytics products to buy,Treating data as a product by applying product management principles to data assets,Product analytics thinking methods,Analyzing data for product teams,B,Data Analytics,Data Strategy,42
DA_1991,In data visualization what does an 'annotation' on a chart serve to do?,Annotate errors in the chart,Add explanatory context or highlight specific events or data points on the visualization,Note the data source used,Mark the chart creator's signature,B,Data Analytics,Data Visualization,35
DA_1992,What is 'customer journey mapping' in analytics used for?,Mapping customer database journeys,Visualizing and analyzing all customer interactions with a brand across all touchpoints,Creating maps for customer service,Mapping customer data sources,B,Data Analytics,Analytical Methods,26
DA_1993,In data analytics what is 'data enrichment API'?,An API that enriches data storage,A service that automatically appends additional information to existing data records from external sources,An API that improves data quality,An API for enhanced analytics capabilities,B,Data Analytics,Data Management,31
DA_1994,What is 'key driver analysis' used for in analytics?,Analyzing KPI drivers in dashboards,Identifying which factors have the greatest influence on a specific business outcome or metric,Analyzing key data driving pipelines,Finding the key data driver in a schema,B,Data Analytics,Analytical Methods,28
DA_1995,In data analytics what does 'EBITDA' measure as a business metric?,E-business trends in data analytics,Earnings Before Interest Taxes Depreciation and Amortization - a measure of operational performance,Electronic business intelligence tracking digital analytics,Enterprise business intelligence total data analytics,B,Data Analytics,Business Metrics,44
DA_1996,What is 'spend analytics' used for in procurement?,Analyzing analytics budget spending,Analyzing purchasing data to identify savings opportunities and improve supply chain efficiency,Tracking technology spending patterns,Analyzing spending on data tools,B,Data Analytics,Analytical Methods,32
DA_1997,In data analytics what is 'K-means clustering' used for?,Measuring K key metrics,Partitioning data into K distinct groups based on similarity of features,Key metrics analysis technique,Analyzing K-nearest neighbor data,B,Data Analytics,Analytical Methods,38
DA_1998,What does 'data lake' allow that a traditional data warehouse typically does not?,Only allows relational data,Storing raw unstructured and semi-structured data in its native format until needed,Only allows structured query access,Storing data with strict schema enforcement,B,Data Analytics,Data Storage,38
DA_1999,In analytics what is 'net revenue retention' (NRR) used for?,Net revenue from data services,Measuring growth or decline from existing customers including expansion and churn as a percentage,Retaining net revenue reports,Revenue from net analytics projects,B,Data Analytics,Business Metrics,42
DA_2000,What is 'customer health score' used for in analytics?,Measuring physical health of customers,A composite metric indicating the overall well-being of a customer relationship and likelihood of renewal,Health analytics for customer programs,Score of customer-facing analytics quality,B,Data Analytics,Business Metrics,26
DA_2001,In data analytics what is 'population segmentation'?,Segmenting the data analytics population,Dividing a large group into subgroups based on shared characteristics for targeted analysis,Segmenting database population counts,Population census data segmentation,B,Data Analytics,Analytical Methods,39
DA_2002,What is 'business process analytics' focused on?,Analyzing analytics business processes,Examining business processes using data to identify bottlenecks inefficiencies and improvement opportunities,Analytics specifically for business analysts,Process analytics for database operations,B,Data Analytics,Analytical Methods,28
DA_2003,In data visualization what is 'narrative visualization'?,Visualizing narrative text data,Combining data visualizations with storytelling to guide the audience toward insights and conclusions,Narrating data points out loud,Visualizing story-based data,B,Data Analytics,Data Visualization,39
DA_2004,What is 'event analytics' primarily used for?,Analyzing conference event data,Tracking and analyzing user actions (events) within digital products to understand behavior,Analytics for physical event management,Analyzing data generation events,B,Data Analytics,Analytical Methods,49
DA_2005,In data analytics what does 'data throughput' measure?,The accuracy of data processing,The volume of data processed or transmitted per unit of time,The depth of data transformation,The quality of data throughput operations,B,Data Analytics,Data Pipeline,26
DA_2006,What is 'first-party data' in analytics?,The first dataset created by an organization,Data collected directly from an organization's own customers and interactions,Data from the first data vendor,Data from primary research studies,B,Data Analytics,Data Collection,41
DA_2007,In analytics what is 'customer effort score' (CES) used for?,Scoring customer analytics effort,Measuring how much effort customers need to exert to resolve issues or complete interactions,Analyzing effort in customer service data,Customer interaction data scoring,B,Data Analytics,Business Metrics,35
DA_2008,What is 'data contract testing' in data engineering?,Testing data in legal contracts,Automatically validating that data meets the expected structure and quality defined in a data contract,Testing contract management databases,Validating contracts with data analysis,B,Data Analytics,Data Pipeline,38
DA_2009,In business analytics what is 'revenue forecasting' used for?,Forecasting data revenue streams,Predicting future revenue based on historical patterns current pipeline and market conditions,Analyzing forecast accuracy data,Revenue from analytics forecasting tools,B,Data Analytics,Analytical Methods,29
DA_2010,What is 'activation rate' as an analytics metric?,The rate of data activation in pipelines,The percentage of new users who complete a key action that indicates they've found value in a product,Activating inactive analytics reports,The rate of model activation,B,Data Analytics,Business Metrics,34
DA_2011,In data analytics what does 'exploratory factor analysis' identify?,Factors to explore in a dataset,Underlying latent factors that explain correlations among observed variables in a dataset,Exploratory data factors to analyze,Factors affecting exploratory data quality,B,Data Analytics,Analytical Methods,39
DA_2012,What is 'operational data' in analytics?,Data about analytics operations,Data generated from day-to-day operational business processes such as transactions and customer service,Data used for operations only,Operational metrics for analytics platforms,B,Data Analytics,Data Management,29
DA_2013,In data management what is 'data swamp'?,A geographically swampy data center location,A data lake that has become unusable due to lack of governance quality controls and metadata,A type of messy data storage format,A low-quality data warehouse,B,Data Analytics,Data Storage,35
DA_2014,What is 'regression diagnostics' used for in analytics?,Diagnosing regression model performance,Checking whether a regression model's assumptions are satisfied and identifying potential problems,Diagnosing data issues using regression,Testing regression results diagnostically,B,Data Analytics,Regression Analysis,33
DA_2015,In data analytics what is 'demand sensing'?,Sensing data demand in the market,Using near-real-time data signals to make short-term demand adjustments,Sensing analytics demand trends,Monitoring demand for data products,B,Data Analytics,Analytical Methods,48
DA_2016,What does 'data interoperability' mean in analytics?,Making data more operable,The ability of different systems and data sources to exchange and use data effectively,Internal data operation capabilities,Internet of data operations,B,Data Analytics,Data Management,28
DA_2017,In analytics what is 'win rate' as a sales metric?,The winning rate of analytics competitions,The percentage of sales opportunities that result in a closed-won deal,Rate of data wins in model competitions,Winning analytics dashboard competitions,B,Data Analytics,Business Metrics,48
DA_2018,What is 'hypothesis-driven analysis' in analytics?,Analysis driven by hypothesis testing only,Starting with a specific hypothesis and collecting and analyzing data to confirm or refute it,Using hypotheses as the final analytical output,Analysis that drives new hypotheses only,B,Data Analytics,Analytical Methods,32
DA_2019,In data visualization what does 'color encoding' help communicate?,The attractiveness of the visualization,Data dimensions categories magnitude or values mapped to distinct or varying colors,The software used to create the chart,Color preferences of the audience,B,Data Analytics,Data Visualization,35
DA_2020,What is 'recommendation engine' analytics used for?,Engine analytics recommendations,Analyzing user behavior to suggest relevant products content or connections,Recommending analytics engines,Engine performance recommendations,B,Data Analytics,Analytical Methods,28
DA_2021,In data management what is 'data abstraction'?,Abstracting data into high-level summaries,Presenting data at a simplified level hiding complex implementation details from users,Abstract art created from data,Removing abstract data entries,B,Data Analytics,Database Concepts,27
DA_2022,What is 'opportunity cost analysis' in business analytics?,Analyzing cost opportunities in analytics platforms,Evaluating the value of the next best alternative foregone when making a decision,Analyzing optimal opportunities with data,Data-driven opportunity management,B,Data Analytics,Analytical Methods,40
DA_2023,In data analytics what is 'data coverage'?,Coverage of data security policies,The extent to which data captures all relevant cases or scenarios needed for complete analysis,Data backup coverage,Coverage of data storage,B,Data Analytics,Data Quality,34
DA_2024,What is 'analytical agility' in business?,Working with agile analytics methodology,The ability to quickly adapt analytical processes and insights to changing business needs,Analytics for agile software development,Agile project management for analysts,B,Data Analytics,Data Strategy,40
DA_2025,In analytics what is the purpose of 'control variables' in analysis?,Variables that cannot be controlled,Factors held constant in an analysis to isolate the effect of the primary variable of interest,Variables that control the analysis process,Variables used to control data quality,B,Data Analytics,Analytical Methods,42
DA_2026,What does 'data as a service' (DaaS) provide?,Data storage as a cloud service,On-demand access to data and analytics capabilities through cloud-based services,Data analyst as a consulting service,Data archiving as a managed service,B,Data Analytics,Data Strategy,32
DA_2027,In data analytics what is 'seasonal decomposition' used for?,Decomposing seasonality in databases,Separating a time series into trend seasonal cyclical and irregular components,Analyzing seasonal product data,Decomposing seasonal data warehouses,B,Data Analytics,Time Series Analysis,45
DA_2028,What is 'inventory analytics' used for in supply chain?,Analyzing analytics software inventory,Optimizing stock levels reducing carrying costs and preventing stockouts through data analysis,Analyzing data inventory management,Inventory of analytics assets,B,Data Analytics,Analytical Methods,43
DA_2029,In data analytics what does 'data reliability' ensure?,That data sources are reliable vendors,That data can be trusted to consistently represent the information it is supposed to capture,That data is delivered reliably,That data analysts are reliable,B,Data Analytics,Data Quality,40
DA_2030,What is 'incremental revenue' analysis used for in business analytics?,Revenue from incremental data sources,Analyzing additional revenue generated by specific actions such as new features or marketing campaigns,Incrementally adding revenue data,Revenue from incremental data updates,B,Data Analytics,Analytical Methods,43
DA_2031,In data visualization what does 'tooltip' provide when hovering over a data point?,A tool tip for visualization design,Additional details about a specific data point that appear on hover,A tip about the best tool to use,Tooltip shortcuts for chart navigation,B,Data Analytics,Data Visualization,49
DA_2032,What is 'prescriptive maintenance' analytics different from predictive maintenance?,It prescribes maintenance schedules,It not only predicts failures but also recommends specific optimal actions to prevent them,It predicts maintenance costs,It prescribes data maintenance tasks,B,Data Analytics,Analytical Methods,48
DA_2033,In data analytics what is 'clustering tendency' testing?,Testing cluster quality,Assessing whether a dataset is suitable for clustering analysis before applying algorithms,Testing data clustering performance,Tendency of clusters to merge,B,Data Analytics,Analytical Methods,37
DA_2034,What does 'data publishing' refer to in analytics?,Publishing analytics articles,Making prepared and validated data available to consumers in a structured accessible form,Publishing raw data immediately,Publishing data analyst findings,B,Data Analytics,Data Management,48
DA_2035,In analytics what is 'incremental testing' in A/B tests?,Testing incrementally by adding users,Running tests that measure only the additional effect of a treatment versus control,Testing incremental data loads,A/B testing with incremental metrics,B,Data Analytics,Experimental Design,46
DA_2036,What is 'customer acquisition analytics' used for?,Analyzing analytics customer acquisition,Tracking and optimizing the channels and processes used to attract and convert new customers,Acquiring customer data for analytics,Analytics for customer-facing acquisition teams,B,Data Analytics,Analytical Methods,33
DA_2037,In data analytics what is the purpose of 'Kolmogorov-Smirnov test'?,Testing database key management,A non-parametric test that compares whether two datasets come from the same distribution,Testing for K nearest neighbors quality,Measuring Kolmogorov data quality metrics,B,Data Analytics,Statistical Testing,27
DA_2038,What is 'revenue leakage analytics' used for?,Detecting leaks in data storage,Identifying where revenue is being lost due to billing errors missed opportunities or poor processes,Analyzing leaked revenue reports,Leakage detection in analytical models,B,Data Analytics,Analytical Methods,27
DA_2039,In data visualization what does 'aspect ratio' affect in charts?,The number of data points shown,How the viewer perceives the steepness and magnitude of trends in the visualization,The color scheme of the chart,The total area of the chart,B,Data Analytics,Data Visualization,30
DA_2040,What is 'operational intelligence' in analytics?,Intelligence operations for security,Real-time analytics that provide actionable insights from operational data for immediate decision-making,Intelligent analytics operations,Operations research and intelligence gathering,B,Data Analytics,Analytical Methods,26
DA_2041,In data analytics what is 'cross-sectional analysis'?,Analysis across multiple data sections,Analyzing data from a single point in time across multiple subjects or groups,Cross-referencing multiple data sections,Analyzing data from cross-functional teams,B,Data Analytics,Analytical Methods,47
DA_2042,What is 'data source management' concerned with?,Managing the analytics source code,Governing and tracking where data comes from including quality credibility and access controls,Managing source data storage,Managing data source vendor contracts,B,Data Analytics,Data Governance,29
DA_2043,In data analytics what is 'chi-square goodness of fit' test used for?,Testing goodness of analytical models,Determining whether observed categorical data follows an expected distribution,Fitting chi-square models to data,Testing whether regression fits the data well,B,Data Analytics,Statistical Testing,31
DA_2044,What does 'metadata management' involve in analytics?,Managing meta-analytical processes,Organizing maintaining and governing data about data to improve discoverability and understanding,Managing meta-data analysts,Metadata storage management,B,Data Analytics,Data Governance,48
DA_2045,In business analytics what is 'yield analysis' used for?,Analyzing crop yield data,Understanding the actual output or performance relative to the maximum possible output,Analyzing bond yield data,Data yield from analytics processes,B,Data Analytics,Analytical Methods,38
DA_2046,What is 'pipeline monitoring' used for in data engineering?,Monitoring data analyst pipelines,Tracking the health performance and data quality of data pipelines in real time,Monitoring for pipeline security,Monitoring data storage pipelines,B,Data Analytics,Data Pipeline,44
DA_2047,In data analytics what is 'uplift modeling' used for?,Modeling data uplifts in quality,Estimating the incremental impact of a treatment (like a marketing campaign) on individuals,Lifting data model performance,Modeling data infrastructure upgrades,B,Data Analytics,Analytical Methods,36
DA_2048,What is 'log analysis' in analytics used for?,Analyzing logarithm functions,Parsing and analyzing system or application log files to diagnose problems identify patterns and monitor performance,Analyzing log-scale data,Analyzing analytics logging systems,B,Data Analytics,Analytical Methods,38
DA_2049,In data analytics what does 'model governance' ensure?,Governing the analytics team model,Oversight and accountability for AI and analytics models including their development performance and ethical use,Governance of data model storage,Model access governance policies,B,Data Analytics,Data Governance,33
DA_2050,What is 'exploratory network analysis' used for?,Exploring network infrastructure,Investigating the structure properties and patterns within network data such as social or communication networks,Exploring network data quality,Analyzing analytics network usage,B,Data Analytics,Analytical Methods,32
DA_2051,In data analytics what is 'data volatility'?,How quickly data becomes valuable,The frequency and degree to which data values change over time,The volatility of stock data,How stable a data source is,B,Data Analytics,Data Quality,38
DA_2052,What is 'business rules engine' used for in analytics?,Engine that drives business analytics,A system that applies predefined business rules to data for decision-making and validation,Rules for analytics business operations,Engine analytics for business rule compliance,B,Data Analytics,Data Management,26
DA_2053,In data analytics what is 'look-alike modeling' used for?,Modeling similar data patterns,Finding new potential customers who share characteristics with existing best customers,Creating similar-looking visualizations,Modeling data that looks alike,B,Data Analytics,Analytical Methods,31
DA_2054,What is 'performance analytics' used for?,Analyzing analytics tool performance,Measuring and analyzing how well individuals teams or systems are achieving objectives,Performance of data pipeline systems,Analyzing performance benchmark data,B,Data Analytics,Analytical Methods,32
DA_2055,In data analytics what does 'data audit' involve?,Auditing data analyst quality,A systematic review of data assets processes and controls to assess quality compliance and usage,Auditing database access logs,Reviewing analytical audit trails,B,Data Analytics,Data Governance,41
DA_2056,What is 'sales velocity' as an analytics metric?,Speed of data sales team,A measurement combining the number of opportunities value win rate and sales cycle length to show revenue generation speed,Velocity of sales data processing,Speed of sales data uploads,B,Data Analytics,Business Metrics,40
DA_2057,In data analytics what is 'experiment tracking'?,Tracking analytics experiments chronologically,Recording and managing the parameters results and artifacts of analytical experiments for reproducibility,Tracking experimental data subjects,Tracking experiment data quality,B,Data Analytics,Analytical Methods,45
DA_2058,What does 'analytical depth' refer to in business analytics?,Depth of data storage,The level of detail and sophistication in the analysis beyond surface-level observations,Depth of analytical model parameters,How deep the data lake is,B,Data Analytics,Analytical Methods,27
DA_2059,In data analytics what is 'demand variability' analysis used for?,Analyzing variable demand data,Understanding the fluctuations in demand for products to improve forecasting and inventory management,Analyzing variable data demands,Variable cost analysis for demand teams,B,Data Analytics,Analytical Methods,50
DA_2060,What is 'data lake governance' focused on?,Governing data lake access,Applying data management controls quality standards and security to data lake environments,Governance of data lake budgets,Governing data lake IT infrastructure,B,Data Analytics,Data Governance,48
DA_2061,In data analytics what does 'model explainability' address?,Explaining models to executives,Making it possible to understand and interpret how a model arrives at its predictions or decisions,Explaining model performance metrics,Explainability of data model schemas,B,Data Analytics,Analytical Methods,41
DA_2062,What is 'operational efficiency analytics' used for?,Efficiency of analytics operations,Analyzing how effectively resources are utilized in business processes to identify waste and improvement opportunities,Operational analytics for efficiency teams,Analytics for efficient data operations,B,Data Analytics,Analytical Methods,42
DA_2063,In data analytics what is 'data bootstrapping'?,Starting data analytics from scratch,A resampling technique that creates many samples with replacement from the original dataset for statistical inference,Bootstrapping database servers,Starting new data pipelines from scratch,B,Data Analytics,Statistical Analysis,49
DA_2064,What is 'pipeline orchestration' in data engineering?,Orchestrating data analyst pipelines,Managing and coordinating the execution order dependencies and scheduling of data pipeline workflows,Orchestrating data pipeline instruments,Pipeline analytics orchestration,B,Data Analytics,Data Pipeline,40
DA_2065,In data analytics what is 'feature importance'?,Important features of data tools,A measure indicating which variables have the greatest impact on a model's predictions or outcomes,Importance of data features for users,Features that are important for data quality,B,Data Analytics,Analytical Methods,28
DA_2066,What does 'secondary data analysis' involve?,The second round of data analysis,Analyzing data that was collected by someone else for a different original purpose,Analyzing secondary data sources,Re-analyzing data for secondary insights,B,Data Analytics,Analytical Methods,29
DA_2067,In business analytics what is 'pipeline coverage' used for in sales?,Coverage analysis of data pipelines,The ratio of total sales pipeline value to revenue target indicating likelihood of hitting quota,Pipeline data coverage rates,Coverage of sales pipeline analytics,B,Data Analytics,Business Metrics,37
DA_2068,What is 'time-to-market analytics' used for?,Analytics time to market data,Analyzing the time required to bring a product from concept to market availability,Time to access market analytics data,Analytics processing time benchmarks,B,Data Analytics,Analytical Methods,30
DA_2069,In data visualization what is 'negative space' used for?,Representing negative data values,Strategic use of empty space in visualizations to improve readability and guide the viewer's eye,Showing data gaps,Visualizing below-zero values,B,Data Analytics,Data Visualization,42
DA_2070,What is 'revenue attribution' in analytics?,Attributing revenue to data sources,Determining which marketing channels sales activities or other efforts contributed to revenue generation,Revenue data attribution logic,Attributing revenue analytics tools,B,Data Analytics,Analytical Methods,31
DA_2071,In data analytics what does 'data governance maturity' assess?,Maturity of data governance software,How well-developed and effective an organization's data governance practices policies and capabilities are,The age of data governance frameworks,Maturity of data governance teams,B,Data Analytics,Data Governance,35
DA_2072,What is 'zero-party data' in analytics?,Data with no quality issues,Data that customers intentionally and proactively share with a company such as preferences and intentions,Data from zero data sources,Data created at time zero,B,Data Analytics,Data Collection,47
DA_2073,In data analytics what is 'business glossary' used for?,A glossary of business terms for analysts,A shared definition of key business terms and metrics ensuring consistent understanding across the organization,A glossary for analytics software terms,Business terminology for database design,B,Data Analytics,Data Governance,43
DA_2074,What is 'market trend analysis' used for?,Analyzing data market trends,Examining historical and current data to identify patterns and directions in market behavior,Analyzing analytics market data,Trending topics in data analytics,B,Data Analytics,Analytical Methods,35
DA_2075,In data analytics what is 'model monitoring'?,Monitoring model development progress,Continuously tracking a deployed model's performance and data distributions to detect degradation or drift,Monitoring model storage systems,Model access monitoring and security,B,Data Analytics,Analytical Methods,31
DA_2076,What does 'data sensitivity classification' help organizations determine?,How sensitive the analysts are,Which data requires specific security controls and handling based on the risk of exposure,How sensitive the data is to changes,Sensitivity of data quality metrics,B,Data Analytics,Data Governance,49
DA_2077,In analytics what is 'customer satisfaction score' (CSAT) used for?,Scoring customer data satisfaction,Measuring how satisfied customers are with a specific interaction or experience,Customer analytics tool satisfaction,Scoring customer service data quality,B,Data Analytics,Business Metrics,31
DA_2078,What is 'capacity planning analytics' used for?,Planning analytics team capacity,Using historical data and forecasts to predict future resource needs and plan infrastructure accordingly,Planning data storage capacity,Analytics capacity for teams,B,Data Analytics,Analytical Methods,45
DA_2079,In data analytics what is 'input data validation'?,Validating analytical model inputs,Checking that incoming data meets expected formats ranges and rules before it enters a system or pipeline,Input validation for data entry forms,Validating analytics data inputs,B,Data Analytics,Data Quality,40
DA_2080,What is 'trade-off analysis' in analytics used for?,Analyzing data trade partnerships,Evaluating the costs and benefits of different options to find the best balance for decision-making,Analyzing trade data analytically,Trade analytics for supply chain,B,Data Analytics,Analytical Methods,29
DA_2081,In data visualization what is 'legend' in a chart?,A legendary chart design,A key that explains the meaning of colors patterns or symbols used in the visualization,The historical background of the data,A description of the data source,B,Data Analytics,Data Visualization,50
DA_2082,What is 'data transformation testing' used for?,Testing data transformation speed,Verifying that data transformation logic produces correct output for given input data,Testing data transformation tools,Transformation quality testing,B,Data Analytics,Data Pipeline,41
DA_2083,In analytics what is 'margin analysis' used for?,Analyzing profit margin data types,Examining the profitability of products services or business segments by analyzing revenue and cost margins,Analysis of margin data errors,Margin calculations in analytics tools,B,Data Analytics,Analytical Methods,47
DA_2084,What is 'trigger-based analytics' used for?,Analytics triggered by data thresholds,Automating analytics processes or actions when specific conditions or events are detected in data,Triggering data collection events,Analytics for trigger-based marketing,B,Data Analytics,Analytical Methods,49
DA_2085,In data analytics what does 'recency bias' cause in analysis?,Analysis using only recent methods,Over-weighting recent data or events compared to older information when making assessments,Bias towards recent analytics tools,Recent data having more fields,B,Data Analytics,Data Bias,33
DA_2086,What is 'growth accounting' in business analytics?,Accounting for data growth rates,A framework that decomposes growth into its contributing factors like new users retained users and churned users,Accounting for growth in data storage,Growing accounting analytics capabilities,B,Data Analytics,Analytical Methods,32
DA_2087,In data analytics what is 'composite index'?,A composite visual analytics index,A database index built on multiple columns to improve query performance for multi-column filters,An index combining multiple analytics metrics,A composite analytical index score,B,Data Analytics,Database Concepts,44
DA_2088,What is 'workforce planning analytics' used for?,Planning analytics workforce,Using data to forecast future talent needs and plan hiring training and retention strategies,Planning data workforce schedules,Workforce tracking with analytics,B,Data Analytics,Analytical Methods,42
DA_2089,In data analytics what is 'data mesh domain'?,A data domain used in data mesh networks,A specific business area that owns and manages its own data products in a data mesh architecture,Domain analytics in data mesh,A mesh network data domain,B,Data Analytics,Data Strategy,46
DA_2090,What is 'total addressable market' (TAM) analysis used for?,Analyzing total data analytics market,Estimating the total revenue opportunity available for a product or service in a specific market,Total analytics market addressing,Market data for analytics tools,B,Data Analytics,Analytical Methods,38
DA_2091,In data analytics what does 'statistical sampling error' represent?,Errors in statistical software,The difference between a sample statistic and the true population parameter due to sampling variation,Statistical errors in analytical tools,Sampling method software errors,B,Data Analytics,Statistical Analysis,40
DA_2092,What is 'data reprocessing' used for in analytics pipelines?,Processing data a second time redundantly,Re-running data through a pipeline to correct errors or apply updated business logic to historical data,Reprocessing analytics requests,Processing data in reverse,B,Data Analytics,Data Pipeline,27
DA_2093,In data analytics what is 'segment performance analysis'?,Analyzing analytics tool segments,Comparing the performance and profitability of different customer product or market segments,Performance of data segments in models,Segmented data performance benchmarks,B,Data Analytics,Analytical Methods,35
DA_2094,What is 'data product roadmap' used for?,Roadmap to becoming a data analyst,Planning the future development and enhancement of data assets and capabilities over time,Data product feature tracking,Mapping the data product delivery process,B,Data Analytics,Data Strategy,38
DA_2095,In analytics what is 'headcount analytics' used for?,Analyzing the head of analytics teams,Analyzing and optimizing the number and composition of employees in an organization,Head of data counting analytics,Analytics for counting data records,B,Data Analytics,Analytical Methods,43
DA_2096,What does 'data transformation error rate' measure?,The rate of errors in transformation tools,The percentage of data records that fail or produce incorrect results during transformation processes,Transformation speed error rates,Error rates in data format transformations,B,Data Analytics,Data Quality,48
DA_2097,In data analytics what is 'mean reversion'?,The mean returning to average,The tendency of variables to move toward their long-term average over time after extreme movements,Revising mean calculations,Mean value revision in data models,B,Data Analytics,Statistical Analysis,36
DA_2098,What is 'pipeline testing' used for in data engineering?,Testing analyst pipeline skills,Validating that data pipelines correctly transform and deliver data meeting quality and logic requirements,Testing pipeline performance only,Testing data pipeline security,B,Data Analytics,Data Pipeline,38
DA_2099,In analytics what is 'expansion revenue' as a SaaS metric?,Revenue from expanding the analytics team,Additional revenue generated from existing customers through upselling or cross-selling,Expanding revenue data sources,Revenue from data expansion projects,B,Data Analytics,Business Metrics,44
DA_2100,What is 'cohort comparison' used for in analytics?,Comparing data cohort sizes,Analyzing how different cohorts of users or customers differ in behavior outcomes or characteristics over time,Comparing analytical cohort methods,Cohort data quality comparisons,B,Data Analytics,Analytical Methods,49
DA_2101,In data analytics what is 'sensitivity analysis' used for?,Analyzing sensitive data handling,Testing how the output of a model or decision changes when input assumptions are varied,Analyzing data sensitivity levels,Sensitivity testing for data quality,B,Data Analytics,Analytical Methods,50
DA_2102,What is 'data hub architecture' characterized by?,Hub topology database design,A centralized integration point where data flows between producers and consumers with standardized formats,Hub and spoke analytics architecture,Data center hub architecture,B,Data Analytics,Data Management,49
DA_2103,In data analytics what is 'trend extrapolation'?,Extracting trends from reports,Extending historical trends into the future to make forecasts,Extrapolating trend analysis methods,Trend data extraction from databases,B,Data Analytics,Analytical Methods,47
DA_2104,What is 'data lake zone' in a modern data architecture?,A geographic zone for data lakes,Different layers within a data lake such as raw trusted and curated that reflect data processing stages,Zoning laws for data lake facilities,Data lake security zones,B,Data Analytics,Data Storage,30
DA_2105,In analytics what is 'frequency analysis' used for?,Analyzing analytics frequency,Examining how often different values or categories appear in a dataset to understand distribution and patterns,Analyzing frequency of data updates,Data frequency in time series,B,Data Analytics,Analytical Methods,28
DA_2106,What does 'data tokenization' protect against in analytics?,Data token expiration,Unauthorized access to sensitive data by replacing it with non-sensitive placeholder tokens,Token-based data access issues,Data tokenization processing errors,B,Data Analytics,Data Security,44
DA_2107,In data analytics what is 'run chart' used for?,Running data through charts,Displaying data over time to identify trends shifts or unusual patterns in a process,Charting data run results,Running multiple charts simultaneously,B,Data Analytics,Data Visualization,48
DA_2108,What is 'analytical model drift' in machine learning analytics?,Model moving between versions,The degradation in model performance over time as real-world data patterns change from training data,Analytics model version drift,Drifting from one model to another,B,Data Analytics,Analytical Methods,38
DA_2109,In data analytics what is 'unit testing' for data pipelines?,Testing individual analysts' skills,Testing individual components or transformations in a data pipeline in isolation,Testing data unit conversions,Unit-level data quality testing,B,Data Analytics,Data Pipeline,30
DA_2110,What is 'marketing mix analytics' used for?,Analyzing analytics marketing mix,Evaluating the contribution of different marketing channels and activities to overall performance and ROI,Marketing data analytics mixing,Analytics tool marketing mix,B,Data Analytics,Analytical Methods,37
DA_2111,In data analytics what is the 'curse of dimensionality'?,Too many dimensional databases,The phenomenon where data becomes increasingly sparse as the number of dimensions increases making analysis difficult,Cursing wrong dimensions in data,Dimension overflow in OLAP,B,Data Analytics,Analytical Methods,39
DA_2112,What is 'data transformation documentation' used for?,Documenting analytics transformations,Recording the logic rules and business meaning of data transformations for transparency and reproducibility,Transformation documentation format,Documenting data format transformations,B,Data Analytics,Data Management,31
DA_2113,In data analytics what is 'penetration analysis'?,Analyzing data security penetration,Measuring the proportion of a target market that is using a product service or has been reached by marketing,Penetration testing analytics,Analyzing market penetration data,B,Data Analytics,Analytical Methods,47
DA_2114,What is 'data quality framework' designed to do?,Frame data quality issues,Provide a systematic approach to defining measuring monitoring and improving data quality,Framework for quality data tools,Framing data quality standards,B,Data Analytics,Data Quality,34
DA_2115,In data analytics what is 'category management analytics'?,Managing analytics categories,Using data to optimize the assortment pricing placement and promotion of product categories,Analytics category management,Managing data categories for analysis,B,Data Analytics,Analytical Methods,42
DA_2116,What is 'data lineage graph' used for?,Graphing data lineage metrics,Visually representing the flow and transformations of data from source to destination,Graph database lineage,Data lineage graphing tool,B,Data Analytics,Data Governance,33
DA_2117,In analytics what is 'sample size determination' used for?,Determining sample data types,Calculating the minimum number of observations needed to detect a meaningful effect with desired statistical power,Sample size in database tables,Determining size of analytical samples,B,Data Analytics,Statistical Analysis,38
DA_2118,What is 'analytical reporting layer' in a data architecture?,The layer that reports analytics errors,The interface where business users access standardized reports dashboards and data products,Analytics reporting database layer,Layer for analytical system reports,B,Data Analytics,Data Management,30
DA_2119,In data analytics what is 'customer intelligence'?,Intelligence of the analytics customer team,Comprehensive insights derived from customer data to understand behavior preferences and needs,Intelligence gathered by customers,Customer data intelligence quotient,B,Data Analytics,Analytical Methods,47
DA_2120,What is 'data pipeline latency' and why does it matter?,Latency in pipeline design,The time delay in a data pipeline affecting how current the data available for analysis is,Pipeline performance latency issues,Latency in pipeline data access,B,Data Analytics,Data Pipeline,47
DA_2121,In data analytics what is 'cross-functional analytics'?,Analytics for cross-functional databases,Analytics that spans multiple business functions providing insights that require data from across departments,Cross-functional team analytics,Analytics crossing functional data boundaries,B,Data Analytics,Analytical Methods,42
DA_2122,What is 'product lifecycle analytics' used for?,Analyzing data product lifecycle,Analyzing product performance and trends across each stage of a product's lifecycle from launch to decline,Lifecycle of analytics products,Analyzing lifecycle of data assets,B,Data Analytics,Analytical Methods,28
DA_2123,In data analytics what is 'data reconciliation' used for?,Reconciling data analyst budgets,Comparing data from different sources or time points to identify and resolve discrepancies,Reconciling database schemas,Reconciling data access permissions,B,Data Analytics,Data Quality,31
DA_2124,What is 'lookalike audience' analytics used for?,Finding users who look like analysts,Identifying new potential customers who share characteristics with your most valuable existing customers,Creating look-alike data visualizations,Matching similar data patterns,B,Data Analytics,Analytical Methods,39
DA_2125,In data analytics what is 'diagnostic analytics' primarily focused on?,Diagnosing data analytics tools,Understanding why something happened by exploring correlations and patterns in historical data,Diagnostic testing of data pipelines,Analyzing diagnostic test data,B,Data Analytics,Analytical Methods,40
DA_2126,What is 'time-series forecasting' used for in analytics?,Forecasting analytics timelines,Predicting future values based on historical time-indexed data points,Forecasting time to complete analysis,Forecasting analytics project timelines,B,Data Analytics,Time Series Analysis,39
DA_2127,In data analytics what does 'response rate' measure in surveys?,Rate of survey data responses,The percentage of people who respond to a survey or data collection effort out of those contacted,Speed of analytical responses,Rate of data response times,B,Data Analytics,Data Collection,36
DA_2128,What is 'decision tree analysis' used for in analytics?,Analyzing tree-structured data,A visual analytical tool that maps out decisions and their possible consequences to support decision-making,Analysis using tree diagram visualizations,Decision analysis for tree data,B,Data Analytics,Analytical Methods,36
DA_2129,In data analytics what is 'data provenance'?,Data from proven sources,The documented history of data including its origin how it was created and all transformations applied to it,Proven data quality metrics,Source data provenance checking,B,Data Analytics,Data Governance,34
DA_2130,What is 'pipeline dependency management' used for?,Managing analytics team dependencies,Tracking and managing the relationships between pipeline components to ensure correct execution order,Data pipeline vendor management,Managing dependency data in pipelines,B,Data Analytics,Data Pipeline,31
DA_2131,In analytics what is 'brand equity analytics' used for?,Analyzing analytics brand value,Measuring the value and strength of a brand through metrics like awareness perception and loyalty,Equity analysis in analytics platforms,Analytics brand value reporting,B,Data Analytics,Analytical Methods,40
DA_2132,What is 'data skew' in distributed data processing?,Skewed data distributions,When data is unevenly distributed across computing nodes causing some nodes to process significantly more data,Data with asymmetric distribution,Skewed data quality metrics,A,Data Analytics,Data Pipeline,37
DA_2133,In data analytics what is 'Monte Carlo simulation' used for?,Simulating casino analytics,Using random sampling to model the probability of different outcomes in a process with uncertainty,Simulating Monte Carlo data,Simulating data analytics models,B,Data Analytics,Analytical Methods,31
DA_2134,What is 'data modeling methodology' in analytics?,Methods for building predictive models,A systematic approach for designing the structure relationships and rules governing an organization's data assets,Methodology for analytics models,Data analytics model methodology,B,Data Analytics,Data Management,26
DA_2135,In analytics what is 'regression coefficient' used for?,Coefficient of regression quality,A value indicating the magnitude and direction of change in the outcome variable for one unit change in a predictor,Coefficient of analytical models,Regression model accuracy coefficient,B,Data Analytics,Regression Analysis,50
DA_2136,What is 'vendor analytics' used for in procurement?,Analyzing analytics vendors,Evaluating and comparing supplier performance quality risk and value to optimize vendor relationships,Analytics vendor assessment,Analytics for vendor data management,B,Data Analytics,Analytical Methods,41
DA_2137,In data analytics what is 'time-based cohort' analysis?,Time analysis of cohort methods,Grouping users by when they started using a product and tracking their behavior over subsequent time periods,Cohort time data analysis,Time series analysis of cohorts,B,Data Analytics,Analytical Methods,45
DA_2138,What is 'data contract versioning' used for?,Versioning analytics contracts,Managing changes to data contracts over time to ensure backward compatibility and smooth transitions,Contract data versioning systems,Versioning database contracts,B,Data Analytics,Data Management,40
DA_2139,In data analytics what is 'attribution analysis' used for?,Analyzing data source attributes,Determining which factors actions or channels contributed to a specific outcome and to what degree,Attributing analytical results,Data attribute analysis methods,B,Data Analytics,Analytical Methods,27
DA_2140,What is 'operational reporting' in analytics?,Reporting on analytics operations,Regular standardized reports showing current operational performance against targets for day-to-day management,Operations data reporting tools,Analytics operational status reporting,B,Data Analytics,BI Tools,42
DA_2141,In data analytics what is 'population inference'?,Inferring population from sample data,Drawing conclusions about a complete population based on analysis of a representative sample,Population data inference rules,Inferring data from population databases,B,Data Analytics,Statistical Analysis,28
DA_2142,What is 'data quality monitoring' used for?,Monitoring data quality teams,Continuously tracking data quality metrics over time to detect deterioration and trigger corrective actions,Monitoring analytics data quality tools,Quality monitoring of data storage,B,Data Analytics,Data Quality,28
DA_2143,In analytics what is 'elasticity analysis' used for in pricing?,Analyzing elastic data models,Measuring how sensitive demand is to price changes to inform optimal pricing strategy,Analyzing elastic analytics tools,Elastic infrastructure analytics,B,Data Analytics,Analytical Methods,30
DA_2144,What is 'data orchestration platform' used for?,Platform for data analyst orchestration,Coordinating scheduling and monitoring data workflows across multiple tools and environments from a central platform,Data center orchestration,Analytics platform orchestration,B,Data Analytics,Data Pipeline,42
DA_2145,In data analytics what is 'confirmatory analysis'?,Confirming analytical results,Testing specific pre-specified hypotheses using formal statistical methods after data collection,Confirming data quality in analysis,Analysis that confirms existing data,B,Data Analytics,Analytical Methods,48
DA_2146,What does 'streaming analytics' enable that batch analytics cannot?,Analyzing only streaming services data,Processing and analyzing data in real-time as it flows enabling immediate insights and actions,Streaming data to analytics dashboards,Analytics for streaming media only,B,Data Analytics,Analytical Methods,42
DA_2147,In data analytics what is 'regression testing' for data pipelines?,Testing regression models,Verifying that changes to a data pipeline have not broken or altered existing expected behaviors,Regression analysis testing,Testing data pipeline regressions,B,Data Analytics,Data Pipeline,45
DA_2148,What is 'customer lifecycle analytics' used for?,Analyzing customer data lifecycle,Analyzing customer behavior and value at each stage from acquisition to retention to advocacy,Lifecycle analytics of customer data,Customer analytics lifecycle management,B,Data Analytics,Analytical Methods,31
DA_2149,In data analytics what is 'data ecosystem' mapping?,Ecosystem of data types,Documenting and visualizing all data assets sources systems and flows within an organization,Mapping data to ecosystem topics,Analytics ecosystem data mapping,B,Data Analytics,Data Management,26
DA_2150,What is 'total cost of ownership' (TCO) analysis in analytics?,Analyzing total data costs,Calculating all costs associated with acquiring operating and maintaining a system or asset over its lifetime,Total analytics tool cost analysis,Cost of analytics ownership analysis,B,Data Analytics,Analytical Methods,32
DA_2151,In data analytics what does 'data payload' refer to?,Payload of data analysts,The actual data content being transmitted or processed excluding metadata and headers,Data loading performance payload,Payload analysis in data warehouses,B,Data Analytics,Data Management,40
DA_2152,What is 'growth rate analysis' used for in analytics?,Analyzing analytics team growth,Measuring the rate of change in a metric over time to understand momentum and trajectory,Data growth rate monitoring,Analytics growth rate benchmarks,B,Data Analytics,Analytical Methods,32
DA_2153,In data analytics what is 'categorical data encoding' used for?,Encoding categorical database tables,Converting categorical text variables into numerical representations for use in analytical models,Encoding data category labels,Categorical encryption of data,B,Data Analytics,Data Transformation,44
DA_2154,What is 'cross-validation' used for in analytics?,Validating data across systems,A technique for evaluating model performance by partitioning data into training and testing sets multiple times,Validating cross-functional data,Cross-system data validation,B,Data Analytics,Analytical Methods,45
DA_2155,In data analytics what is 'negative correlation'?,Correlating negative data values,A relationship where as one variable increases the other decreases,Negative impact of correlation,Correlation producing negative results,B,Data Analytics,Statistical Analysis,47
DA_2156,What is 'analytical model selection' focused on?,Selecting analytical software tools,Choosing the most appropriate model type based on data characteristics research questions and performance criteria,Model analytics selection criteria,Analytics tool model selection,B,Data Analytics,Analytical Methods,36
DA_2157,In data analytics what does 'model training' involve?,Training analysts on models,Using historical data to adjust model parameters so the model learns patterns and relationships in the data,Training data for model development,Model trainer analytics,B,Data Analytics,Analytical Methods,48
DA_2158,What is 'data asset inventory' used for?,Inventorying data analyst assets,A comprehensive catalog of all data assets an organization has including their location format and owner,Inventory data analytics tracking,Analytics asset data inventory,B,Data Analytics,Data Governance,39
DA_2159,In data analytics what is 'multivariate testing'?,Testing multiple analytics variables,Simultaneously testing multiple variables or treatments to understand their combined effect on an outcome,Multi-variable data validation testing,Testing multiple analytical tools,B,Data Analytics,Experimental Design,38
DA_2160,What is 'data utilization rate' measuring?,Rate of data utility updates,The proportion of available data that is actually being used for analysis or decision-making,Utilization of analytical data tools,Data usage rate in databases,B,Data Analytics,Data Management,45
DA_2161,In data analytics what is 'qualitative data analysis'?,Analysis that is of high quality,Analyzing non-numerical data such as text interviews observations to identify themes patterns and meanings,Analysis of qualitative analytics tools,Qualitative assessment of data quality,B,Data Analytics,Analytical Methods,50
DA_2162,What is 'web analytics' primarily used for?,Analytics for web developers,Measuring analyzing and reporting website data to understand user behavior and optimize web performance,Analytics for web-based data sources,Web-based analytics tool performance,B,Data Analytics,Analytical Methods,34
DA_2163,In data analytics what is 'power analysis' used for?,Analyzing data center power usage,Determining the sample size needed to detect an effect of a given size with specified probability,Power BI analytics analysis,Analyzing analytical processing power,B,Data Analytics,Statistical Analysis,34
DA_2164,What is 'return on data investment' (RODI) used for?,Return on data storage investment,Measuring the value and business impact generated from investments in data infrastructure and analytics capabilities,Analytics tool investment returns,Return analysis for data projects,B,Data Analytics,Data Strategy,41
DA_2165,In data analytics what is 'text classification' used for?,Classifying analytics text documentation,Automatically categorizing text into predefined groups based on content analysis,Classifying text data storage,Classification of text data types,B,Data Analytics,Analytical Methods,37
DA_2166,What is 'portfolio analytics' used for?,Analytics portfolio management,Analyzing a collection of investments products or projects as a whole to assess risk return and allocation,Analytics tool portfolio management,Portfolio of data analytics solutions,B,Data Analytics,Analytical Methods,35
DA_2167,In data analytics what is 'confidence level' in statistics?,Level of analyst confidence,The probability that a confidence interval contains the true population parameter,Confidence in analytical models,Level of data confidence quality,B,Data Analytics,Statistical Analysis,31
DA_2168,What is 'financial analytics' used for in organizations?,Analytics for financial data tools,Analyzing financial data to support budgeting planning forecasting and financial decision-making,Financial analysis of analytics tools,Analytics of financial data formats,B,Data Analytics,Analytical Methods,43
DA_2169,In data analytics what is 'data relationship'?,Relationship of data teams,A meaningful connection between data entities or fields that enables integration and analysis across datasets,Relationship database data type,Relating different data formats,B,Data Analytics,Data Management,27
DA_2170,What is 'benchmarking analysis' used for in analytics?,Analyzing benchmark data tools,Comparing performance metrics against industry standards best practices or competitors to identify gaps,Analytics performance benchmarks,Benchmark testing of analytics tools,B,Data Analytics,Analytical Methods,45
DA_2171,In data analytics what is 'model validation' used for?,Validating model user access,Assessing whether a model performs well and generalizes to new unseen data,Validating analytics model design,Model storage validation,B,Data Analytics,Analytical Methods,34
DA_2172,What is 'geo-analytics' used for?,Analytics of geological data,Analyzing data with geographic attributes to understand spatial patterns and location-based insights,Geographic data analytics storage,Analytics for geographic information,B,Data Analytics,Analytical Methods,44
DA_2173,In data analytics what is 'heterogeneous data' integration?,Integrating data of different sizes,Combining data from diverse sources with different formats structures and schemas into a unified view,Integration of heterogeneous teams,Heterogeneous database integration,B,Data Analytics,Data Management,31
DA_2174,What is 'model interpretability' concerned with?,Interpreting model results for reporting,The ability to understand explain and trust how a model makes predictions in human-understandable terms,Interpretability of analytics models,Model output interpretation methods,B,Data Analytics,Analytical Methods,27
DA_2175,In data analytics what does 'statistical inference' allow analysts to do?,Infer data statistics automatically,Draw conclusions about a population from sample data using probability theory,Infer statistical computation methods,Statistical inference about data quality,B,Data Analytics,Statistical Analysis,40
DA_2176,What is 'revenue per user' (RPU) metric used for?,Revenue from data user accounts,Measuring average revenue generated per individual user to assess monetization efficiency,Revenue of analytics user licenses,Per-user revenue analytics tracking,B,Data Analytics,Business Metrics,42
DA_2177,In data analytics what is 'model retraining' used for?,Retraining analysts on model tools,Updating a deployed model with new data to maintain performance as real-world patterns evolve,Retraining data model trainers,Model version retraining process,B,Data Analytics,Analytical Methods,41
DA_2178,What is 'data audit trail' used for in analytics?,Auditing analyst data activities,Recording all data access modifications and transformations to ensure accountability and traceability,Data trail in audit systems,Audit analytics data quality,B,Data Analytics,Data Governance,46
DA_2179,In data analytics what is 'logistic regression' used for?,Regression with logistical data,Modeling the probability of a binary categorical outcome based on one or more predictor variables,Logistics data regression analysis,Regression for logistical analytics,B,Data Analytics,Regression Analysis,33
DA_2180,What is 'engagement analytics' used for?,Analyzing data analyst engagement,Measuring how users interact with and are involved with a product content or platform,Analytics team engagement metrics,Measuring engagement with analytics tools,B,Data Analytics,Analytical Methods,35
DA_2181,In data analytics what is 'data normalization score'?,Score for normalized data,A metric assessing how well a dataset conforms to standard normalization requirements,Normalized scoring in analytics,Analytics data normalization quality score,B,Data Analytics,Data Quality,35
DA_2182,What is 'brand sentiment analytics' used for?,Analyzing sentiment of analytics brands,Tracking and analyzing public opinion and emotional tone about a brand across various channels,Brand analytics sentiment tools,Analytics brand user sentiment,B,Data Analytics,Analytical Methods,43
DA_2183,In data analytics what is 'predictive accuracy'?,Accuracy of predictions made,A measure of how closely a model's predictions match actual observed outcomes,Predicting analytics accuracy rates,Accurate predictive analytics measurement,B,Data Analytics,Analytical Methods,35
DA_2184,What is 'operational KPI monitoring' used for?,Monitoring KPI data operations,Continuously tracking key performance indicators to detect deviations from targets in real-time,KPI monitoring for analytics operations,Operational data KPI tracking,B,Data Analytics,Business Metrics,34
DA_2185,In data analytics what is 'data drift'?,Drift in data analyst career,Changes in data distributions over time that can cause deployed models or reports to become less accurate,Drifting data storage usage,Drift in data access patterns,B,Data Analytics,Analytical Methods,49
DA_2186,What is 'campaign analytics' used for in marketing?,Analyzing analytics campaign effectiveness,Measuring the performance effectiveness and ROI of marketing campaigns across channels,Campaign data analytics storage,Analytics campaigns for data tools,B,Data Analytics,Analytical Methods,44
DA_2187,In data analytics what is 'anomalous data' characterized by?,Data with known quality issues,Data points or patterns that deviate significantly from expected behavior or norms in the dataset,Anomalous data analytics results,Anomalous database records,B,Data Analytics,Data Quality,26
DA_2188,What is 'model feature engineering' used for?,Engineering analytics model features,Creating new meaningful input variables from raw data to improve model performance and accuracy,Engineering data features for models,Model analytics feature design,B,Data Analytics,Analytical Methods,29
DA_2189,In data analytics what is 'data architecture review'?,Reviewing analytics architecture books,Assessing an organization's data architecture against best practices requirements and strategic objectives,Architecture review of data tools,Data analytics architecture assessment,B,Data Analytics,Data Strategy,49
DA_2190,What is 'sales pipeline analytics' used for?,Analyzing data sales pipeline,Analyzing sales opportunities at each stage to forecast revenue and identify bottlenecks in the sales process,Pipeline analytics in sales data,Analytics for sales pipeline data,B,Data Analytics,Analytical Methods,28
DA_2191,In data analytics what is 'data abstraction layer'?,Abstracting data from layers,An interface that provides a simplified view of data hiding the complexity of underlying storage and structures,Data layer abstraction methods,Abstract analytics data layer,B,Data Analytics,Data Management,35
DA_2192,What is 'statistical arbitrage' in analytics?,Analytics for trading arbitrage,A strategy that uses statistical analysis to identify and exploit pricing inefficiencies between related assets,Statistical methods for arbitration,Arbitrating statistical analytics disputes,B,Data Analytics,Analytical Methods,37
DA_2193,In data analytics what is 'user behavior analytics' (UBA) used for?,Analytics for user behavior modeling,Analyzing user activity patterns to detect security threats or understand engagement and product usage,User analytics behavior patterns,Analyzing behavior of analytics users,B,Data Analytics,Analytical Methods,43
DA_2194,What is 'qualitative research' used for in data analytics contexts?,Research on qualitative data tools,Collecting and interpreting non-numerical data through methods like interviews and focus groups to understand motivations and attitudes,Analytics research quality assessment,Research for qualitative analytics,B,Data Analytics,Data Collection,48
DA_2195,In data analytics what is 'dynamic pricing analytics'?,Analytics for dynamic data pricing,Using real-time data to adjust prices based on demand supply competitor pricing and other market signals,Dynamic analytics pricing models,Pricing analytics data dynamically,B,Data Analytics,Analytical Methods,45
DA_2196,What is 'data stewardship program' designed to achieve?,Program for data storage stewards,Establishing accountability roles processes and standards to maintain data quality and governance across an organization,Data program stewardship metrics,Stewardship of data analytics programs,B,Data Analytics,Data Governance,31
DA_2197,In data analytics what is 'time to resolution' (TTR) analytics measuring?,Time to resolve analytics queries,The average time taken to resolve an issue customer request or support ticket from initiation to completion,Resolution time for data issues,Analytics time resolution performance,B,Data Analytics,Business Metrics,46
DA_2198,What is 'analytical dashboard design' primarily focused on?,Designing analytics software dashboards,Creating effective visual interfaces that present key metrics and enable users to quickly understand performance and take action,Design of analytics dashboards for reports,Dashboard design for analytical use,B,Data Analytics,Data Visualization,27
DA_2199,In data analytics what is 'sampling distribution'?,Distribution of analytical samples,The distribution of a statistic (like the mean) calculated from all possible samples of the same size from a population,Sample data distribution type,Distribution sampling analytics,B,Data Analytics,Statistical Analysis,35
DA_2200,What is 'data value chain' in analytics?,Chain of data value calculations,The sequence of activities that transform raw data into valuable insights and business outcomes,Value chain analytics data,Data analytics value chain analysis,B,Data Analytics,Data Strategy,27
DA_2201,Which SQL clause is used to remove duplicate rows from a query result?,UNIQUE,DISTINCT,GROUP BY,HAVING,B,Data Analytics,SQL,34
DA_2202,What is the primary purpose of a Common Table Expression (CTE) in SQL?,Store permanent data,Simplify complex queries and improve readability,Replace indexes,Encrypt data,B,Data Analytics,SQL,35
DA_2203,Which statistical concept describes the probability of rejecting a true null hypothesis?,Power,Confidence Level,Type I Error,Type II Error,C,Data Analytics,Statistical Analysis,27
DA_2204,In time series analysis what does a 7-day moving average help reduce?,Trend,Seasonality,Random noise,Correlation,C,Data Analytics,Time Series Analysis,33
DA_2205,Which encoding technique creates a separate binary column for each category?,Label Encoding,Ordinal Encoding,One-Hot Encoding,Frequency Encoding,C,Data Analytics,Feature Engineering,49
DA_2206,Which SQL join returns all records from both tables regardless of match?,INNER JOIN,LEFT JOIN,FULL OUTER JOIN,CROSS JOIN,C,Data Analytics,SQL,42
DA_2207,What does a p-value below the significance level indicate?,Accept null hypothesis,Reject null hypothesis,Increase sample size,Decrease variance,B,Data Analytics,Statistical Analysis,42
DA_2208,What is the purpose of lag features in time series forecasting?,Increase dimensions,Capture historical dependencies,Remove trends,Normalize values,B,Data Analytics,Time Series Analysis,29
DA_2209,Which feature engineering technique helps reduce overfitting by removing irrelevant variables?,Feature Creation,Feature Scaling,Feature Selection,Feature Extraction,C,Data Analytics,Feature Engineering,43
DA_2210,Which SQL function calculates the average value of a column?,SUM(),AVG(),COUNT(),MAX(),B,Data Analytics,SQL,37
DA_2211,What distribution does the Central Limit Theorem state sample means approach?,Uniform,Poisson,Normal,Exponential,C,Data Analytics,Statistical Analysis,42
DA_2212,What is seasonality in a time series?,Random fluctuation,Long-term direction,Repeating pattern at fixed intervals,Missing values,C,Data Analytics,Time Series Analysis,34
DA_2213,Which encoding method should be used when category order matters?,One-Hot Encoding,Ordinal Encoding,Hash Encoding,Binary Encoding,B,Data Analytics,Feature Engineering,44
DA_2214,Which SQL clause filters aggregated results?,WHERE,ORDER BY,HAVING,GROUP BY,C,Data Analytics,SQL,39
DA_2215,Which test compares means between two independent groups?,ANOVA,T-Test,Chi-Square,Z-Test,B,Data Analytics,Statistical Analysis,39
DA_2216,What does resampling monthly data to quarterly data do?,Interpolation,Aggregation,Encoding,Normalization,B,Data Analytics,Time Series Analysis,42
DA_2217,What is the primary goal of feature transformation?,Create new rows,Improve feature usefulness,Remove records,Sort data,B,Data Analytics,Feature Engineering,27
DA_2218,Which SQL operator checks whether a value exists within a list?,BETWEEN,IN,LIKE,EXISTS,B,Data Analytics,SQL,33
DA_2219,What is a confidence interval?,Exact parameter value,Range likely containing the population parameter,Variance estimate,Test statistic,B,Data Analytics,Statistical Analysis,30
DA_2220,Which time series component represents long-term movement?,Noise,Seasonality,Trend,Cycle,C,Data Analytics,Time Series Analysis,32
DA_2221,Which feature selection approach evaluates variables independently of the model?,Wrapper Method,Embedded Method,Filter Method,Boosting Method,C,Data Analytics,Feature Engineering,47
DA_2222,What does COUNT(*) return in SQL?,Sum of values,Average of values,Number of rows,Maximum value,C,Data Analytics,SQL,41
DA_2223,What is the main purpose of hypothesis testing?,Create datasets,Make decisions using sample evidence,Normalize data,Reduce dimensions,B,Data Analytics,Statistical Analysis,41
DA_2224,What is a rolling window calculation?,Calculation on entire dataset,Calculation on a moving subset of observations,Aggregation by category,Normalization technique,B,Data Analytics,Time Series Analysis,42
DA_2225,Which feature engineering technique creates interaction terms?,Feature Creation,Feature Scaling,Feature Encoding,Feature Selection,A,Data Analytics,Feature Engineering,47
DA_2226,Which SQL statement combines results while removing duplicates?,UNION ALL,UNION,CROSS JOIN,MERGE,B,Data Analytics,SQL,32
DA_2227,What is statistical power?,Probability of rejecting a false null hypothesis,Probability of Type I error,Probability of confidence interval coverage,Sample variance,A,Data Analytics,Statistical Analysis,45
DA_2228,Which technique smooths fluctuations in a time series?,One-Hot Encoding,Moving Average,ANOVA,Normalization,B,Data Analytics,Time Series Analysis,33
DA_2229,Which encoding technique may cause the dummy variable trap?,Label Encoding,Ordinal Encoding,One-Hot Encoding without dropping a category,Target Encoding,C,Data Analytics,Feature Engineering,33
DA_2230,Which SQL function returns the highest value in a column?,MIN(),AVG(),MAX(),COUNT(),C,Data Analytics,SQL,48
DA_2231,What does a Type II error represent?,Rejecting a true null hypothesis,Failing to reject a false null hypothesis,Incorrect sample size,Invalid confidence interval,B,Data Analytics,Statistical Analysis,36
DA_2232,Which feature uses previous observations as predictors?,Trend Feature,Lag Feature,Scaled Feature,Encoded Feature,B,Data Analytics,Time Series Analysis,40
DA_2233,Which transformation often reduces positive skewness?,One-Hot Encoding,Log Transformation,Ordinal Encoding,Min-Max Scaling,B,Data Analytics,Feature Engineering,43
DA_2234,What is the purpose of a SQL VIEW?,Store physical data,Provide a virtual table based on a query,Create indexes,Manage users,B,Data Analytics,SQL,31
DA_2235,Which test compares means across more than two groups?,T-Test,Z-Test,ANOVA,Chi-Square,C,Data Analytics,Statistical Analysis,47
DA_2236,What is trend analysis used for?,Detect duplicates,Identify long-term direction,Remove outliers,Encode categories,B,Data Analytics,Time Series Analysis,37
DA_2237,Which feature engineering technique reduces dimensionality by removing variables?,Feature Scaling,Feature Selection,Feature Encoding,Feature Creation,B,Data Analytics,Feature Engineering,40
DA_2238,Which SQL clause sorts query output?,GROUP BY,HAVING,ORDER BY,WHERE,C,Data Analytics,SQL,48
DA_2239,What is the null hypothesis typically assumed to represent?,Difference exists,No effect or difference,Maximum variance,Highest correlation,B,Data Analytics,Statistical Analysis,31
DA_2240,What is the purpose of seasonal decomposition?,Encode categories,Separate trend seasonal and residual components,Normalize values,Create lag features,B,Data Analytics,Time Series Analysis,43
DA_2241,Which encoding method assigns integer values to categories?,One-Hot Encoding,Label Encoding,Target Encoding,Hash Encoding,B,Data Analytics,Feature Engineering,49
DA_2242,Which SQL function calculates cumulative totals with OVER()?,ROW_NUMBER(),COUNT(),SUM(),AVG(),C,Data Analytics,SQL,45
DA_2243,What is a significance level of 0.05?,Confidence level,Threshold for Type I error probability,Sample variance,Power value,B,Data Analytics,Statistical Analysis,34
DA_2244,Which metric measures changing volatility over time in a series?,Rolling Standard Deviation,Mean Encoding,Correlation Matrix,One-Hot Encoding,A,Data Analytics,Time Series Analysis,33
DA_2245,Which feature engineering method creates binary indicators for categories?,Label Encoding,One-Hot Encoding,Ordinal Encoding,Binning,B,Data Analytics,Feature Engineering,39
DA_2246,Which SQL join returns only matching rows from both tables?,LEFT JOIN,RIGHT JOIN,INNER JOIN,FULL OUTER JOIN,C,Data Analytics,SQL,44
DA_2247,What is the purpose of a confidence level?,Estimate variance,Measure interval reliability,Normalize data,Create samples,B,Data Analytics,Statistical Analysis,44
DA_2248,What is a leading indicator in time series forecasting?,Future predictor variable,Past observation,Missing value,Aggregated metric,A,Data Analytics,Time Series Analysis,33
DA_2249,Which feature engineering step is usually performed before model training?,Feature Scaling Only,Feature Selection and Transformation,Visualization Only,Database Backup,B,Data Analytics,Feature Engineering,27
DA_2250,Which SQL object stores query logic but not actual data?,Index,View,Trigger,Constraint,B,Data Analytics,SQL,50
DA_2251,Which SQL keyword is used to return only unique values from a column?,UNIQUE,DISTINCT,FILTER,ONLY,B,Data Analytics,SQL,29
DA_2252,What does a Chi-Square test primarily evaluate?,Difference between means,Association between categorical variables,Correlation between continuous variables,Forecast accuracy,B,Data Analytics,Statistical Analysis,31
DA_2253,Which time series technique is useful for identifying recurring patterns over fixed intervals?,Normalization,Lagging,Seasonal Analysis,Encoding,C,Data Analytics,Time Series Analysis,28
DA_2254,Which feature engineering technique converts text categories into numerical labels?,Scaling,Normalization,Label Encoding,Binning,C,Data Analytics,Feature Engineering,28
DA_2255,Which SQL clause is used to filter rows before grouping occurs?,HAVING,GROUP BY,WHERE,ORDER BY,C,Data Analytics,SQL,44
DA_2256,What does a confidence interval that is very wide usually indicate?,High precision,Low uncertainty,Greater uncertainty in estimation,Perfect sampling,C,Data Analytics,Statistical Analysis,36
DA_2257,What is the purpose of differencing in time series analysis?,Add seasonality,Remove trends and achieve stationarity,Increase variance,Create lag features,B,Data Analytics,Time Series Analysis,35
DA_2258,Which feature engineering technique is commonly used to handle high-cardinality categorical variables?,One-Hot Encoding,Target Encoding,Min-Max Scaling,Standardization,B,Data Analytics,Feature Engineering,37
DA_2259,Which SQL function returns the smallest value in a column?,COUNT(),MIN(),AVG(),SUM(),B,Data Analytics,SQL,39
DA_2260,In hypothesis testing what is the alternative hypothesis?,Default assumption,Claim being tested against the null hypothesis,Confidence interval estimate,Sample statistic,B,Data Analytics,Statistical Analysis,43
DA_2261,What does autocorrelation measure in a time series?,Relationship between categories,Relationship between observations across time lags,Feature importance,Variance reduction,B,Data Analytics,Time Series Analysis,49
DA_2262,Which feature engineering method creates buckets from continuous values?,One-Hot Encoding,Binning,Scaling,Hashing,B,Data Analytics,Feature Engineering,34
DA_2263,Which SQL statement is used to create a reusable virtual result set?,CREATE INDEX,CREATE VIEW,CREATE TABLE,CREATE TRIGGER,B,Data Analytics,SQL,40
DA_2264,What is the purpose of ANOVA?,Compare two proportions,Compare means across multiple groups,Measure correlation,Estimate variance only,B,Data Analytics,Statistical Analysis,49
DA_2265,What is a stationary time series?,A series with constant statistical properties over time,A series without data,A seasonal series,A normalized series,A,Data Analytics,Time Series Analysis,28
DA_2266,Which encoding technique creates a binary column for each category value?,Frequency Encoding,Ordinal Encoding,One-Hot Encoding,Target Encoding,C,Data Analytics,Feature Engineering,48
DA_2267,Which SQL operator is commonly used with wildcard searches?,BETWEEN,LIKE,IN,ANY,B,Data Analytics,SQL,36
DA_2268,What does statistical significance indicate?,Business importance,Observed result unlikely due to random chance alone,Large sample size only,High variance,B,Data Analytics,Statistical Analysis,35
DA_2269,What is a seasonal index used for?,Database indexing,Measuring recurring seasonal effects,Encoding categories,Data normalization,B,Data Analytics,Time Series Analysis,43
DA_2270,Which feature engineering process creates variables from dates such as month and weekday?,Feature Selection,Feature Creation,Feature Scaling,Feature Elimination,B,Data Analytics,Feature Engineering,29
DA_2271,Which SQL clause groups rows sharing common values?,HAVING,GROUP BY,ORDER BY,DISTINCT,B,Data Analytics,SQL,38
DA_2272,What is a sampling frame?,List of population elements from which a sample is drawn,Sample mean,Sampling method,Population variance,A,Data Analytics,Statistical Analysis,31
DA_2273,What is exponential smoothing primarily used for?,Database optimization,Time series forecasting,Feature encoding,Hypothesis testing,B,Data Analytics,Time Series Analysis,46
DA_2274,Which feature engineering technique reduces the influence of outliers through scaling?,Robust Scaling,One-Hot Encoding,Label Encoding,Feature Selection,A,Data Analytics,Feature Engineering,38
DA_2275,Which SQL function counts non-null values in a column?,AVG(),COUNT(column),SUM(),MAX(),B,Data Analytics,SQL,50
DA_2276,What is the purpose of a Z-test?,Compare proportions or means when population variance is known,Detect seasonality,Encode variables,Create confidence intervals only,A,Data Analytics,Statistical Analysis,45
DA_2277,What does a forecast horizon represent?,Time span into the future being predicted,Data collection period,Rolling window size,Training period,A,Data Analytics,Time Series Analysis,30
DA_2278,Which technique converts skewed data into a more normal distribution?,Log Transformation,One-Hot Encoding,Label Encoding,Binning,A,Data Analytics,Feature Engineering,45
DA_2279,Which SQL join returns all rows from the left table and matching rows from the right?,RIGHT JOIN,FULL OUTER JOIN,LEFT JOIN,CROSS JOIN,C,Data Analytics,SQL,39
DA_2280,What is a p-value?,Probability of observing results as extreme as the sample assuming the null hypothesis is true,Probability null hypothesis is true,Confidence interval width,Type II error rate,A,Data Analytics,Statistical Analysis,38
DA_2281,What does trend decomposition separate from a time series?,Only seasonality,Only residuals,Trend seasonal and residual components,Only lag effects,C,Data Analytics,Time Series Analysis,39
DA_2282,Which feature engineering method removes redundant predictors?,Feature Selection,Feature Creation,Feature Encoding,Feature Scaling,A,Data Analytics,Feature Engineering,33
DA_2283,Which SQL set operator retains duplicate rows when combining results?,UNION,UNION ALL,INTERSECT,EXCEPT,B,Data Analytics,SQL,41
DA_2284,What does a Type I error mean?,Failing to reject a false null hypothesis,Rejecting a true null hypothesis,Incorrect sampling,Data entry mistake,B,Data Analytics,Statistical Analysis,38
DA_2285,What is a rolling average useful for?,Removing duplicate rows,Smoothing fluctuations over time,Encoding variables,Calculating p-values,B,Data Analytics,Time Series Analysis,49
DA_2286,Which feature engineering approach can help improve model interpretability?,Feature Selection,Feature Expansion,One-Hot Encoding everything,Random Feature Creation,A,Data Analytics,Feature Engineering,40
DA_2287,Which SQL clause determines the order of displayed records?,WHERE,HAVING,ORDER BY,GROUP BY,C,Data Analytics,SQL,44
DA_2288,What is the main purpose of A/B testing?,Compare two versions to determine better performance,Normalize data,Reduce variance,Perform clustering,A,Data Analytics,Statistical Analysis,26
DA_2289,Which time series pattern repeats over known intervals?,Trend,Noise,Seasonality,Cycle,C,Data Analytics,Time Series Analysis,47
DA_2290,Which feature engineering method creates polynomial combinations of variables?,Polynomial Features,Standardization,Label Encoding,Binning,A,Data Analytics,Feature Engineering,27
DA_2291,Which SQL function returns the total of numeric values?,COUNT(),AVG(),SUM(),MIN(),C,Data Analytics,SQL,43
DA_2292,What is sampling bias?,Error due to calculations,Systematic error caused by non-representative sampling,Random variation,Measurement precision,B,Data Analytics,Statistical Analysis,44
DA_2293,What is a lag of 1 in time series data?,Future value,Previous period value,Average value,Missing value,B,Data Analytics,Time Series Analysis,33
DA_2294,Which feature engineering technique is commonly applied before distance-based algorithms?,Standardization,Label Encoding,Target Encoding,Feature Dropping,A,Data Analytics,Feature Engineering,28
DA_2295,Which SQL keyword checks for missing values?,IS NULL,NULLCHECK,EMPTY,NULLTEST,A,Data Analytics,SQL,48
DA_2296,What does statistical power increase with?,Smaller sample size,Larger sample size and stronger effect sizes,Higher p-values,More missing data,B,Data Analytics,Statistical Analysis,39
DA_2297,Which method helps identify long-term movement in time series data?,Trend Analysis,One-Hot Encoding,ANOVA,Sampling,A,Data Analytics,Time Series Analysis,34
DA_2298,What is the goal of feature engineering?,Improve predictive performance by creating useful representations of data,Reduce storage only,Increase duplicates,Remove all features,A,Data Analytics,Feature Engineering,33
DA_2299,Which SQL object temporarily stores intermediate query results within a session?,Temporary Table,View,Index,Constraint,A,Data Analytics,SQL,42
DA_2300,What is the primary purpose of a confidence interval?,Provide a likely range for a population parameter,Guarantee a parameter value,Measure sample size,Replace hypothesis testing,A,Data Analytics,Statistical Analysis,48
DA_2301,Which SQL window function assigns a unique sequential number to each row within a result set?,RANK(),DENSE_RANK(),ROW_NUMBER(),NTILE(),C,Data Analytics,SQL,48
DA_2302,What is the primary purpose of stratified sampling?,Increase sample size,Ensure representation from all subgroups,Reduce survey cost,Remove bias completely,B,Data Analytics,Statistical Analysis,49
DA_2303,What does resampling daily data into weekly averages accomplish?,Feature encoding,Aggregation to a different frequency,Data normalization,Data cleaning,B,Data Analytics,Time Series Analysis,41
DA_2304,Which feature engineering technique creates a new feature by combining two existing variables?,Feature Selection,Feature Scaling,Feature Creation,Feature Elimination,C,Data Analytics,Feature Engineering,35
DA_2305,Which SQL clause is executed before GROUP BY in query processing?,HAVING,ORDER BY,WHERE,SELECT,C,Data Analytics,SQL,46
DA_2306,What is the purpose of the Central Limit Theorem?,Describe skewness,Explain sampling distributions of sample means,Predict future values,Measure variance,B,Data Analytics,Statistical Analysis,35
DA_2307,Which time series component captures irregular random variation?,Trend,Seasonality,Residual,Level,C,Data Analytics,Time Series Analysis,50
DA_2308,Which encoding method is most suitable for nominal variables with few categories?,Ordinal Encoding,One-Hot Encoding,Target Encoding,Frequency Encoding,B,Data Analytics,Feature Engineering,50
DA_2309,Which SQL function returns the number of non-null records?,COUNT(column),SUM(),AVG(),MAX(),A,Data Analytics,SQL,49
DA_2310,What does a confidence level of 95% imply?,95% data accuracy,95% probability the procedure captures the true parameter over repeated samples,95% of observations are correct,95% variance explained,B,Data Analytics,Statistical Analysis,31
DA_2311,What is the purpose of a rolling median?,Encode categories,Smooth data while reducing outlier impact,Normalize data,Create lag features,B,Data Analytics,Time Series Analysis,47
DA_2312,Which feature engineering technique transforms categories into ordered numeric values?,One-Hot Encoding,Ordinal Encoding,Frequency Encoding,Hash Encoding,B,Data Analytics,Feature Engineering,42
DA_2313,Which SQL operator tests whether a value falls within a range?,LIKE,IN,BETWEEN,EXISTS,C,Data Analytics,SQL,41
DA_2314,What is the purpose of a t-distribution?,Model categorical data,Estimate probabilities with small samples when population variance is unknown,Encode variables,Perform clustering,B,Data Analytics,Statistical Analysis,40
DA_2315,Which time series technique helps identify delayed effects between variables?,One-Hot Encoding,Cross-Correlation,Normalization,ANOVA,B,Data Analytics,Time Series Analysis,47
DA_2316,What is the benefit of feature scaling?,Improves comparability between numerical features,Removes duplicates,Creates categories,Adds observations,A,Data Analytics,Feature Engineering,39
DA_2317,Which SQL statement creates a temporary table?,CREATE VIEW,CREATE INDEX,CREATE TEMP TABLE,CREATE FUNCTION,C,Data Analytics,SQL,29
DA_2318,Which statistical test evaluates independence between categorical variables?,T-Test,ANOVA,Chi-Square Test,Z-Test,C,Data Analytics,Statistical Analysis,29
DA_2319,What does a seasonal lag represent?,Previous observation in the same seasonal cycle,Current trend,Random error,Feature importance,A,Data Analytics,Time Series Analysis,27
DA_2320,Which feature engineering technique can reduce dimensionality while retaining information?,Feature Extraction,Feature Scaling,Feature Encoding,Feature Duplication,A,Data Analytics,Feature Engineering,36
DA_2321,Which SQL keyword is used to sort records in descending order?,ASC,DESC,DOWN,REVERSE,B,Data Analytics,SQL,29
DA_2322,What is the null hypothesis generally assumed to represent?,Expected effect,No effect or no difference,Maximum difference,Strong relationship,B,Data Analytics,Statistical Analysis,46
DA_2323,What is the purpose of trend smoothing?,Highlight long-term direction,Increase volatility,Create categories,Reduce sample size,A,Data Analytics,Time Series Analysis,46
DA_2324,Which feature engineering method replaces categories with their frequency counts?,Frequency Encoding,One-Hot Encoding,Ordinal Encoding,Binning,A,Data Analytics,Feature Engineering,41
DA_2325,Which SQL join returns rows from the first table that have matching rows in the second table only?,LEFT JOIN,FULL JOIN,INNER JOIN,CROSS JOIN,C,Data Analytics,SQL,46
DA_2326,What is a p-value used for in hypothesis testing?,Measure variance,Evaluate evidence against the null hypothesis,Calculate means,Determine sample size,B,Data Analytics,Statistical Analysis,29
DA_2327,What is the effect of increasing the rolling window size?,Less smoothing,More smoothing,Higher variance,More seasonality,B,Data Analytics,Time Series Analysis,26
DA_2328,Which feature engineering approach is useful for tree-based models but not always needed for linear models?,Feature Scaling,One-Hot Encoding,Target Encoding,Random Sampling,C,Data Analytics,Feature Engineering,49
DA_2329,Which SQL function can replace NULL values with a specified value?,COUNT(),COALESCE(),AVG(),CAST(),B,Data Analytics,SQL,44
DA_2330,What does ANOVA test?,Differences among multiple group means,Correlation strength,Forecast accuracy,Data quality,A,Data Analytics,Statistical Analysis,27
DA_2331,What is the purpose of decomposition in time series analysis?,Separate components such as trend and seasonality,Create features,Normalize data,Remove duplicates,A,Data Analytics,Time Series Analysis,34
DA_2332,Which feature engineering process removes highly correlated predictors?,Feature Selection,Feature Scaling,Feature Creation,Feature Encoding,A,Data Analytics,Feature Engineering,48
DA_2333,Which SQL command combines rows from two result sets including duplicates?,UNION,UNION ALL,INTERSECT,EXCEPT,B,Data Analytics,SQL,50
DA_2334,What is the purpose of random sampling?,Ensure every member has a known chance of selection,Guarantee perfect representation,Reduce variance to zero,Eliminate bias,A,Data Analytics,Statistical Analysis,38
DA_2335,Which metric measures the strength of relationship between time-lagged observations?,Autocorrelation,Variance,Mean Absolute Error,Entropy,A,Data Analytics,Time Series Analysis,43
DA_2336,Which transformation is often applied before using gradient-based algorithms?,Feature Scaling,Feature Duplication,Feature Removal,Feature Hashing,A,Data Analytics,Feature Engineering,41
DA_2337,Which SQL clause is used to rename a column in query output?,RENAME,ALIAS,AS,LABEL,C,Data Analytics,SQL,41
DA_2338,What is the purpose of a confidence interval width?,Indicates precision of the estimate,Measures skewness,Determines p-value,Calculates variance,A,Data Analytics,Statistical Analysis,50
DA_2339,What is a common indicator of seasonality in a time series plot?,Repeating peaks and troughs at regular intervals,Constant values,Random noise,Missing data,A,Data Analytics,Time Series Analysis,35
DA_2340,Which encoding technique can handle unseen categories more gracefully than one-hot encoding in some cases?,Target Encoding,Min-Max Scaling,Standardization,Binning,A,Data Analytics,Feature Engineering,34
DA_2341,Which SQL clause specifies grouping criteria?,GROUP BY,HAVING,ORDER BY,WHERE,A,Data Analytics,SQL,36
DA_2342,What is the purpose of a two-tailed hypothesis test?,Test for differences in both directions,Test positive differences only,Test variance only,Test proportions only,A,Data Analytics,Statistical Analysis,50
DA_2343,What does a forecast error represent?,Difference between actual and predicted value,Variance of data,Correlation coefficient,Confidence level,A,Data Analytics,Time Series Analysis,29
DA_2344,Which feature engineering technique transforms skewed distributions into more symmetric ones?,Log Transformation,One-Hot Encoding,Feature Elimination,Random Sampling,A,Data Analytics,Feature Engineering,35
DA_2345,Which SQL clause filters grouped data after aggregation?,HAVING,WHERE,ORDER BY,DISTINCT,A,Data Analytics,SQL,28
DA_2346,What is the main objective of A/B/n testing?,Compare more than two variations simultaneously,Normalize data,Reduce variance,Create confidence intervals,A,Data Analytics,Statistical Analysis,31
DA_2347,What is the purpose of seasonal adjustment?,Remove seasonal effects for clearer trend analysis,Add seasonality,Create lag variables,Normalize values,A,Data Analytics,Time Series Analysis,28
DA_2348,Which feature engineering approach is commonly used to reduce model complexity?,Feature Selection,Feature Expansion,Feature Duplication,Feature Augmentation,A,Data Analytics,Feature Engineering,34
DA_2349,Which SQL window function assigns rankings with gaps after ties?,ROW_NUMBER(),DENSE_RANK(),RANK(),NTILE(),C,Data Analytics,SQL,28
DA_2350,What is the purpose of effect size in statistical analysis?,Measure practical significance of a result,Calculate p-values,Estimate variance,Create confidence intervals,A,Data Analytics,Statistical Analysis,43
DA_2351,Which SQL function assigns consecutive ranks without gaps when ties occur?,ROW_NUMBER(),RANK(),DENSE_RANK(),NTILE(),C,Data Analytics,SQL,33
DA_2352,What is the primary purpose of a confidence interval in analytics?,Measure variance,Estimate a plausible range for a population parameter,Calculate sample size,Determine correlation,B,Data Analytics,Statistical Analysis,47
DA_2353,Which time series technique is commonly used to smooth random fluctuations?,Normalization,Moving Average,Encoding,Clustering,B,Data Analytics,Time Series Analysis,33
DA_2354,Which feature engineering method creates a binary indicator for a category value?,Label Encoding,Ordinal Encoding,One-Hot Encoding,Scaling,C,Data Analytics,Feature Engineering,40
DA_2355,Which SQL keyword is used to remove duplicate rows from query results?,UNIQUE,DISTINCT,FILTER,EXCEPT,B,Data Analytics,SQL,38
DA_2356,What does a p-value less than 0.01 generally indicate?,Weak evidence against the null hypothesis,Strong evidence against the null hypothesis,No evidence against the null hypothesis,Invalid test result,B,Data Analytics,Statistical Analysis,32
DA_2357,What is the purpose of a lag variable in forecasting?,Store future values,Capture historical observations as predictors,Normalize data,Encode categories,B,Data Analytics,Time Series Analysis,44
DA_2358,Which feature engineering process can help reduce overfitting?,Feature Selection,Feature Duplication,Feature Expansion,Feature Inflation,A,Data Analytics,Feature Engineering,33
DA_2359,Which SQL clause is used to sort records in descending order?,ASC,DESC,SORT DOWN,REVERSE,B,Data Analytics,SQL,35
DA_2360,What is the purpose of statistical power?,Measure probability of detecting a true effect,Calculate confidence intervals,Determine sample variance,Estimate correlation,A,Data Analytics,Statistical Analysis,42
DA_2361,What does autocorrelation measure in time series data?,Relationship between observations at different lags,Variance of observations,Forecast accuracy,Distribution shape,A,Data Analytics,Time Series Analysis,26
DA_2362,Which encoding technique is best suited for ordered categorical data?,One-Hot Encoding,Ordinal Encoding,Target Encoding,Frequency Encoding,B,Data Analytics,Feature Engineering,38
DA_2363,Which SQL statement creates a virtual table from a query?,CREATE VIEW,CREATE INDEX,CREATE TABLE,CREATE PROCEDURE,A,Data Analytics,SQL,38
DA_2364,Which statistical test is commonly used to compare proportions between categories?,ANOVA,T-Test,Chi-Square Test,Z-Test,C,Data Analytics,Statistical Analysis,49
DA_2365,What is a forecast horizon?,The future period being predicted,The historical training period,A confidence interval range,A seasonal cycle length,A,Data Analytics,Time Series Analysis,41
DA_2366,Which feature engineering technique transforms skewed variables using logarithms?,One-Hot Encoding,Log Transformation,Feature Selection,Standardization,B,Data Analytics,Feature Engineering,34
DA_2367,Which SQL join returns matching rows from both tables only?,LEFT JOIN,FULL OUTER JOIN,INNER JOIN,RIGHT JOIN,C,Data Analytics,SQL,35
DA_2368,What is a Type I error?,Failing to reject a false null hypothesis,Rejecting a true null hypothesis,Sampling bias,Measurement error,B,Data Analytics,Statistical Analysis,31
DA_2369,What is seasonality in a time series?,Random fluctuations,Repeating patterns at fixed intervals,Long-term trend,Missing observations,B,Data Analytics,Time Series Analysis,30
DA_2370,Which feature engineering method converts categories into frequency counts?,Frequency Encoding,One-Hot Encoding,Ordinal Encoding,Scaling,A,Data Analytics,Feature Engineering,27
DA_2371,Which SQL operator checks whether a value exists in a list?,LIKE,BETWEEN,IN,EXISTS,C,Data Analytics,SQL,36
DA_2372,What does a confidence level of 99% indicate?,Higher certainty in interval estimation than 95%,Lower certainty than 95%,Greater variance,Smaller sample size,A,Data Analytics,Statistical Analysis,34
DA_2373,Which time series component represents long-term growth or decline?,Noise,Trend,Seasonality,Cycle,B,Data Analytics,Time Series Analysis,31
DA_2374,Which feature engineering step is often applied before distance-based algorithms?,Feature Scaling,Feature Encoding,Feature Elimination,Feature Sampling,A,Data Analytics,Feature Engineering,33
DA_2375,Which SQL clause groups rows based on shared values?,HAVING,GROUP BY,ORDER BY,DISTINCT,B,Data Analytics,SQL,34
DA_2376,What is the purpose of a Z-test?,Compare means when population variance is known,Measure seasonality,Perform clustering,Calculate correlation,A,Data Analytics,Statistical Analysis,34
DA_2377,What is differencing used for in time series analysis?,Increase trend strength,Achieve stationarity by removing trends,Create categories,Reduce sample size,B,Data Analytics,Time Series Analysis,33
DA_2378,Which feature engineering method creates additional variables from existing features?,Feature Creation,Feature Selection,Feature Scaling,Feature Removal,A,Data Analytics,Feature Engineering,37
DA_2379,Which SQL function returns the total sum of a numeric column?,AVG(),COUNT(),SUM(),MAX(),C,Data Analytics,SQL,33
DA_2380,What is the primary goal of hypothesis testing?,Estimate future values,Assess evidence against a null hypothesis,Normalize data,Create samples,B,Data Analytics,Statistical Analysis,28
DA_2381,Which metric measures forecast accuracy using absolute errors?,Mean Absolute Error,Variance,Correlation,Covariance,A,Data Analytics,Time Series Analysis,38
DA_2382,Which feature engineering technique removes irrelevant predictors?,Feature Selection,Feature Encoding,Feature Scaling,Feature Creation,A,Data Analytics,Feature Engineering,44
DA_2383,Which SQL set operator removes duplicate rows when combining results?,UNION ALL,UNION,INTERSECT,EXCEPT,B,Data Analytics,SQL,27
DA_2384,What does ANOVA primarily test?,Difference among multiple group means,Correlation strength,Forecast error,Sample variance,A,Data Analytics,Statistical Analysis,42
DA_2385,What is a rolling window calculation?,Calculation on a moving subset of observations,Calculation on all observations,Normalization process,Encoding technique,A,Data Analytics,Time Series Analysis,41
DA_2386,Which encoding technique may create many additional columns for high-cardinality variables?,Label Encoding,Frequency Encoding,One-Hot Encoding,Ordinal Encoding,C,Data Analytics,Feature Engineering,29
DA_2387,Which SQL function replaces NULL values with a specified alternative?,COUNT(),COALESCE(),AVG(),CAST(),B,Data Analytics,SQL,43
DA_2388,What is sampling bias?,Random variation in data,Systematic error from non-representative sampling,Measurement precision,Variance inflation,B,Data Analytics,Statistical Analysis,39
DA_2389,What is a seasonal lag?,Previous value from the same seasonal period,Current value,Future value,Rolling average,A,Data Analytics,Time Series Analysis,27
DA_2390,Which feature engineering process can improve model interpretability?,Feature Selection,Feature Expansion,Feature Duplication,Feature Augmentation,A,Data Analytics,Feature Engineering,38
DA_2391,Which SQL clause filters aggregated results?,WHERE,HAVING,ORDER BY,GROUP BY,B,Data Analytics,SQL,46
DA_2392,What is the purpose of effect size?,Measure practical significance of results,Calculate p-values,Estimate variance,Determine sample size,A,Data Analytics,Statistical Analysis,45
,,,,,,,,,7
DA_2394,Which feature engineering method creates polynomial combinations of variables?,Feature Scaling,Polynomial Features,Feature Encoding,Feature Elimination,B,Data Analytics,Feature Engineering,42
DA_2395,Which SQL window function is commonly used for cumulative totals?,ROW_NUMBER(),RANK(),SUM() OVER(),NTILE(),C,Data Analytics,SQL,40
DA_2396,What is the purpose of A/B/n testing?,Compare multiple variations simultaneously,Normalize data,Reduce variance,Create confidence intervals,A,Data Analytics,Statistical Analysis,50
DA_2397,What is trend smoothing used for?,Highlight underlying direction by reducing noise,Increase seasonality,Create lag variables,Encode data,A,Data Analytics,Time Series Analysis,45
DA_2398,Which feature engineering technique is useful for reducing dimensionality?,Feature Extraction,Feature Duplication,Feature Scaling,Feature Encoding,A,Data Analytics,Feature Engineering,30
DA_2399,Which SQL keyword is used to assign an alias to a column?,RENAME,AS,LABEL,NICKNAME,B,Data Analytics,SQL,32
DA_2400,What is the main purpose of a confidence interval width?,Indicate the precision of an estimate,Measure skewness,Calculate p-values,Determine sample size,A,Data Analytics,Statistical Analysis,43
DA_2401,Which SQL query optimizer component is responsible for choosing the most efficient join order?,Parser,Cost-based optimizer,Buffer manager,Lock manager,B,Data Analytics,SQL Performance Optimization,74
DA_2402,A query on a 50-million-row table performs a full table scan despite an index on the WHERE clause column. What is the most likely cause?,The index is clustered,The optimizer estimates a full scan is cheaper due to low selectivity,The table has no primary key,The query uses GROUP BY,B,Data Analytics,SQL Performance Optimization,61
DA_2403,What is predicate pushdown in query optimization?,Moving ORDER BY to the innermost query,Applying filters as early as possible in the execution plan to reduce row count,Pushing aggregations to the outermost query,Delaying JOIN evaluation until all data is loaded,B,Data Analytics,SQL Performance Optimization,68
DA_2404,Which type of join is typically most efficient when one table is significantly smaller than the other?,Merge join,Hash join,Nested loop join with the smaller table as the outer loop,Cross join,C,Data Analytics,SQL Performance Optimization,55
DA_2405,What does cardinality estimation refer to in SQL optimization?,The number of columns in a table,The optimizer prediction of how many rows satisfy a predicate,The physical size of an index,The number of indexes on a table,B,Data Analytics,SQL Performance Optimization,63
DA_2406,A developer rewrites a correlated subquery as a JOIN. What is the primary performance benefit?,JOINs always use clustered indexes,The correlated subquery executes once per outer row while a JOIN can use set-based operations,JOINs are always faster than subqueries,JOINs never produce duplicate rows,B,Data Analytics,SQL Performance Optimization,68
DA_2407,Which scenario would cause the query optimizer to not use an available index?,The column has high cardinality,A function is applied to the indexed column in the WHERE clause,The index is non-clustered,The query uses BETWEEN,B,Data Analytics,SQL Performance Optimization,52
DA_2408,What is a sargable predicate?,A predicate using aggregate functions,A predicate structured so the optimizer can use an index seek,A predicate requiring a full table scan,A predicate using correlated subqueries,B,Data Analytics,SQL Performance Optimization,70
DA_2409,When does the optimizer prefer a Hash Join over a Nested Loop Join?,When both tables have fewer than 1000 rows,When joining large unsorted datasets without supporting indexes,When joining on primary key to foreign key,When the outer table is a temp table,B,Data Analytics,SQL Performance Optimization,54
DA_2410,What is the effect of using SELECT * on query performance in production systems?,No effect on performance,Prevents index covering and increases I/O,Automatically triggers index creation,Forces parallel execution,B,Data Analytics,SQL Performance Optimization,63
DA_2411,Which technique reduces repeated evaluation of the same subquery expression in a query?,Predicate pushdown,Common Table Expressions or derived tables,Index fragmentation,Query hints,B,Data Analytics,SQL Performance Optimization,74
DA_2412,What does parameter sniffing refer to in SQL Server?,Generating index names dynamically,Compiling a query plan based on first-execution parameter values,Encrypting stored procedure parameters,Caching query results in memory,B,Data Analytics,SQL Performance Optimization,66
DA_2413,A query with LIKE '%keyword%' on an indexed column results in a full scan. Why?,LIKE always ignores indexes,The leading wildcard prevents an index range scan,LIKE is unsupported on clustered indexes,The optimizer never uses string indexes,B,Data Analytics,SQL Performance Optimization,56
DA_2414,What is the main purpose of query hints?,Add comments to queries,Override optimizer decisions and force execution strategies,Log query execution times,Enable parallel execution,B,Data Analytics,SQL Performance Optimization,58
DA_2415,Which statement best describes a covering index?,Contains every column in the table,Contains all columns needed by a query eliminating table lookups,Indexes only primary keys,Uses filtered predicates,B,Data Analytics,SQL Performance Optimization,66
DA_2416,Why can adding too many indexes reduce performance?,Indexes prevent parallel execution,DML operations must maintain all indexes increasing write overhead,Indexes increase table scan speed,Indexes disable statistics,B,Data Analytics,SQL Performance Optimization,63
DA_2417,What is a key lookup operation in an execution plan?,Searching for a primary key value,Retrieving non-indexed columns after a non-clustered index seek,Looking up foreign keys,Scanning an entire index,B,Data Analytics,SQL Performance Optimization,73
DA_2418,When is a Merge Join most efficient?,When tables are unsorted,When both inputs are pre-sorted on the join key,When one table is very small,When joining multiple conditions,B,Data Analytics,SQL Performance Optimization,54
DA_2419,A stored procedure is fast initially but slow for later executions with different parameters. What is the likely reason?,Index fragmentation,Plan cache issues from parameter sniffing,Outdated statistics,Cursors,B,Data Analytics,SQL Performance Optimization,52
DA_2420,What is the impact of implicit data type conversion in a WHERE clause?,Improves query speed,Can prevent index usage because conversion occurs row by row,Triggers statistics rebuild,Causes deadlocks,B,Data Analytics,SQL Performance Optimization,59
DA_2421,Which SQL construct allows reuse of a result set within a single query?,Subquery,Derived table,CTE,Cursor,C,Data Analytics,SQL Performance Optimization,68
DA_2422,What is statistics staleness?,Statistics that are too precise,Outdated row distribution data causing poor execution plans,Compressed statistics,Statistics spanning multiple tables,B,Data Analytics,SQL Performance Optimization,67
DA_2423,Which join type produces a Cartesian product?,FULL OUTER JOIN,CROSS JOIN,LEFT JOIN,NATURAL JOIN,B,Data Analytics,SQL Performance Optimization,58
DA_2424,What does the NOLOCK hint do?,Forces a table scan,Reads uncommitted data without shared locks,Prevents parallel execution,Acquires exclusive locks,B,Data Analytics,SQL Performance Optimization,65
DA_2425,Why is query plan reuse important?,Copies plans between databases,Reduces optimization overhead by reusing compiled plans,Duplicates query text,Shares plans between users,B,Data Analytics,SQL Performance Optimization,59
DA_2426,What does a Table Scan operator indicate?,The table has no rows,Every row is being read because no suitable index is used,The table is compressed,A clustered index is being used,B,Data Analytics,SQL Performance Optimization,67
DA_2427,What does an Index Seek operator indicate?,The entire index is scanned,The optimizer navigates directly to qualifying rows using index structure,The index is rebuilt,A hash index is used,B,Data Analytics,SQL Performance Optimization,73
DA_2428,What does a large difference between estimated and actual row counts suggest?,Syntax errors,Inaccurate statistics or cardinality estimates,Index fragmentation,Parallelism,B,Data Analytics,SQL Performance Optimization,52
DA_2429,What does a Sort operator often indicate?,Optimal index usage,A potentially expensive memory operation,Parallel processing,Covering index usage,B,Data Analytics,SQL Performance Optimization,56
DA_2430,What does the cost percentage beside an execution plan operator represent?,CPU milliseconds,Estimated relative cost of the operation,Rows processed,Memory size,B,Data Analytics,SQL Performance Optimization,55
DA_2431,Which execution plan operator typically indicates rows are being combined from multiple threads?,Hash Match,Parallelism Gather Streams,Index Seek,Compute Scalar,B,Data Analytics,SQL Performance Optimization,67
DA_2432,What is the primary benefit of table partitioning for very large fact tables?,Reduces column count,Improves manageability and enables partition elimination,Removes the need for indexes,Automatically compresses data,B,Data Analytics,SQL Performance Optimization,52
DA_2433,Which scenario benefits most from a filtered index?,Table with frequent updates,Queries targeting a small subset of rows,Tables with no WHERE clauses,Cross joins on large datasets,B,Data Analytics,SQL Performance Optimization,68
DA_2434,What is the main advantage of a materialized view over a standard view?,Stores precomputed results for faster retrieval,Requires less storage,Updates automatically without refresh,Eliminates indexing needs,A,Data Analytics,SQL Performance Optimization,60
DA_2435,Which factor most influences cardinality estimation accuracy?,Database size,Quality of statistics,Number of users,Server memory,B,Data Analytics,SQL Performance Optimization,60
DA_2436,What is the purpose of LEAD() in SQL window functions?,Access a previous row value,Access a subsequent row value,Rank records within partitions,Create running totals,B,Data Analytics,SQL Performance Optimization,56
DA_2437,Which execution plan warning commonly indicates memory pressure during sorting?,Missing Index,Spill to TempDB,Implicit Conversion,Parameter Sniffing,B,Data Analytics,SQL Performance Optimization,62
DA_2438,What is the benefit of predicate pushdown in distributed query engines?,Increases network traffic,Reduces data transferred between nodes,Creates additional partitions,Forces parallelism,B,Data Analytics,SQL Performance Optimization,67
DA_2439,Which ranking function assigns unique sequential numbers regardless of ties?,RANK,DENSE_RANK,ROW_NUMBER,NTILE,C,Data Analytics,SQL Performance Optimization,63
DA_2440,Why might a query use an Index Scan instead of an Index Seek?,Optimizer bug,Large percentage of rows requested,Corrupted statistics,Primary key missing,B,Data Analytics,SQL Performance Optimization,70
DA_2441,What does DENSE_RANK do differently from RANK?,Skips duplicates entirely,Does not leave gaps after ties,Returns only unique values,Uses partitions only,B,Data Analytics,SQL Performance Optimization,66
DA_2442,Which indexing strategy is best for queries filtering on multiple columns together?,Single-column indexes,Composite index,Filtered index only,Heap table,B,Data Analytics,SQL Performance Optimization,60
DA_2443,What is partition elimination?,Removing partitions permanently,Reading only relevant partitions during query execution,Compressing partitions,Combining partitions automatically,B,Data Analytics,SQL Performance Optimization,71
DA_2444,Which SQL feature is most useful for hierarchical data traversal?,Aggregate functions,Recursive CTEs,Views,Partitioning,B,Data Analytics,SQL Performance Optimization,52
DA_2445,What is a common drawback of excessive partitioning?,Simpler maintenance,Increased management overhead,Automatic performance gains,Reduced metadata,B,Data Analytics,SQL Performance Optimization,52
DA_2446,Which window function is commonly used to compare current and previous row values?,ROW_NUMBER,LAG,NTILE,RANK,B,Data Analytics,SQL Performance Optimization,73
DA_2447,What is the main purpose of query plan caching?,Store result sets permanently,Avoid recompiling frequently executed queries,Replace indexes,Improve data compression,B,Data Analytics,SQL Performance Optimization,57
DA_2448,Which join optimization technique reduces rows before joining?,Cartesian product,Early filtering,Full scan forcing,Cross apply removal,B,Data Analytics,SQL Performance Optimization,56
DA_2449,What does NTILE(4) do?,Returns top 4 rows,Divides rows into four groups,Creates four partitions,Returns quartile averages,B,Data Analytics,SQL Performance Optimization,51
DA_2450,Which execution plan operator usually indicates aggregation work?,Compute Scalar,Stream Aggregate,Sort,Filter,B,Data Analytics,SQL Performance Optimization,62
DA_2451,"In an A/B test,what is the primary purpose of randomization?",Reduce storage costs,Balance known and unknown confounding factors,Increase conversion rates,Eliminate sampling errors,B,Data Analytics,"Advanced Analytics and Experimentation,",63
DA_2452,What does statistical power represent?,Probability of Type I error,Probability of detecting a true effect,Confidence interval width,Sample variance,B,Data Analytics,Advanced Analytics and Experimentation,62
DA_2453,A confidence interval that excludes zero for a treatment effect generally suggests what?,No measurable impact,Statistical significance at the corresponding level,Insufficient sample size,Presence of bias,B,Data Analytics,Advanced Analytics and Experimentation,69
DA_2454,Which factor increases required sample size in experiments?,Larger effect size,Higher variance in outcomes,Lower confidence level,Stronger treatment effect,B,Data Analytics,Advanced Analytics and Experimentation,59
DA_2455,What is the main risk of peeking at experiment results too frequently?,Improved accuracy,Inflated false positive rate,Reduced sample size,Higher statistical power,B,Data Analytics,Advanced Analytics and Experimentation,60
DA_2456,Which concept distinguishes causation from correlation?,Sample size,Controlled experimentation,Data visualization,Forecasting accuracy,B,Data Analytics,Advanced Analytics and Experimentation,67
DA_2457,What is incrementality testing designed to measure?,Database growth,Additional impact directly caused by an intervention,Revenue forecasts,Sampling error,B,Data Analytics,Advanced Analytics and Experimentation,68
DA_2458,"In forecasting,what does seasonality represent?",Random fluctuations,Recurring patterns at fixed intervals,Long-term trend,Structural breaks,B,Data Analytics,Advanced Analytics and Experimentation,58
DA_2459,Which metric is commonly used to evaluate forecast accuracy?,ROC-AUC,MAPE,Precision,Lift,B,Data Analytics,Advanced Analytics and Experimentation,57
DA_2460,What is a confounding variable?,A variable that influences both treatment and outcome,A missing value,A dependent variable,A sampling frame,A,Data Analytics,Advanced Analytics and Experimentation,59
DA_2461,Which experimental design tests multiple factors simultaneously?,Simple A/B test,Multivariate experiment,Cohort analysis,Time series decomposition,B,Data Analytics,Advanced Analytics and Experimentation,60
DA_2462,What is uplift modeling primarily used for?,Predict customer age,Estimate incremental impact of an action,Reduce dimensionality,Optimize indexes,B,Data Analytics,Advanced Analytics and Experimentation,62
DA_2463,Why are holdout groups important in experimentation?,Increase conversion rates,Provide a baseline for comparison,Reduce storage requirements,Improve indexing,B,Data Analytics,Advanced Analytics and Experimentation,65
DA_2464,What does a p-value measure?,Probability the null hypothesis is true,Probability of observing data as extreme as observed under the null hypothesis,Effect size magnitude,Forecast uncertainty,B,Data Analytics,Advanced Analytics and Experimentation,65
DA_2465,Which scenario is most vulnerable to selection bias?,Random assignment,Self-selected participants,Stratified sampling,Cluster sampling,B,Data Analytics,Advanced Analytics and Experimentation,54
DA_2466,What is the purpose of sensitivity analysis?,Measure query performance,Assess how outcomes change when assumptions vary,Calculate confidence intervals,Create partitions,B,Data Analytics,Advanced Analytics and Experimentation,54
DA_2467,Which forecasting component captures long-term direction?,Noise,Trend,Seasonality,Cycle,B,Data Analytics,Advanced Analytics and Experimentation,73
DA_2468,What is a structural break in time series data?,Missing observations,A fundamental change in the underlying process generating the data,Weekly seasonality,A lagged effect,B,Data Analytics,Advanced Analytics and Experimentation,51
DA_2469,Why is effect size important alongside p-values?,Measures practical significance,Determines sample size automatically,Eliminates bias,Calculates confidence intervals,A,Data Analytics,Advanced Analytics and Experimentation,62
DA_2470,What is the main objective of causal inference?,Find correlations,Determine cause-and-effect relationships,Improve visualization quality,Optimize SQL queries,B,Data Analytics,Advanced Analytics and Experimentation,75
DA_2471,Which approach helps reduce confounding in observational studies?,Ignoring covariates,Matching similar subjects,Reducing sample size,Increasing significance level,B,Data Analytics,Advanced Analytics and Experimentation,52
DA_2472,What does forecast bias indicate?,Consistent over- or under-prediction,Random forecasting error,Model complexity,Seasonal variation,A,Data Analytics,Advanced Analytics and Experimentation,65
DA_2473,Which experiment metric directly reflects business impact?,Page load time,Incremental revenue,Sample variance,p-value only,B,Data Analytics,Advanced Analytics and Experimentation,67
DA_2474,Why is stratified randomization used in experiments?,Reduce storage,Ensure balanced representation across key subgroups,Create larger samples,Increase variance,B,Data Analytics,Advanced Analytics and Experimentation,57
DA_2475,What is the primary purpose of scenario analysis?,Evaluate outcomes under different assumptions,Increase sample size,Normalize variables,Improve indexing,A,Data Analytics,Advanced Analytics and Experimentation,56
DA_2476,Which forecasting model component captures repeating holiday effects?,Trend,Seasonality,Noise,Residuals,B,Data Analytics,Advanced Analytics and Experimentation,62
DA_2477,What does confidence interval width primarily depend on?,Sample size and variability,Database size,Number of features,Query execution plan,A,Data Analytics,Advanced Analytics and Experimentation,69
DA_2478,Why are placebo groups useful in experimentation?,Reduce storage costs,Control for behavioral effects unrelated to treatment,Increase revenue,Improve segmentation,B,Data Analytics,Advanced Analytics and Experimentation,51
DA_2479,What is the purpose of multiple comparison correction?,Increase power,Control false positive inflation when testing many hypotheses,Reduce confidence levels,Increase sample size,B,Data Analytics,Advanced Analytics and Experimentation,71
DA_2480,Which metric measures average absolute forecasting error as a percentage?,RMSE,MAPE,RÂ²,Lift,B,Data Analytics,Advanced Analytics and Experimentation,64
DA_2481,What is the primary benefit of Bayesian experimentation compared to frequentist testing?,Requires no data collection,Provides probability distributions for treatment effects,Eliminates uncertainty,Guarantees significance,B,Data Analytics,Advanced Analytics and Experimentation,54
DA_2482,Which forecasting metric penalizes large errors more heavily because errors are squared?,MAPE,MAE,RMSE,Median Error,C,Data Analytics,Advanced Analytics and Experimentation,55
DA_2483,What is regression to the mean in experimentation?,A forecasting algorithm,The tendency of extreme observations to move closer to the average over time,A statistical test,A type of seasonality,B,Data Analytics,Advanced Analytics and Experimentation,51
DA_2484,Why is random assignment important in causal analysis?,It guarantees larger samples,It helps isolate treatment effects from confounding influences,It reduces storage costs,It improves forecast accuracy,B,Data Analytics,Advanced Analytics and Experimentation,51
DA_2485,Which issue arises when experiment participants behave differently because they know they are being observed?,Selection bias,Hawthorne effect,Sampling error,Multicollinearity,B,Data Analytics,Advanced Analytics and Experimentation,71
DA_2486,What is the purpose of post-stratification in experiments?,Adjust results to account for subgroup imbalances,Reduce database size,Increase p-values,Create new features,A,Data Analytics,Advanced Analytics and Experimentation,56
DA_2487,Which forecasting technique explicitly models trend seasonality and residual components?,Decomposition,Clustering,Classification,Sampling,A,Data Analytics,Advanced Analytics and Experimentation,55
DA_2488,What does a lift value greater than 1 indicate in uplift analysis?,Negative impact,Positive incremental effect beyond baseline,No measurable difference,Sampling bias,B,Data Analytics,Advanced Analytics and Experimentation,52
DA_2489,Why should experiment success metrics be defined before launching a test?,To prevent outcome switching and biased interpretation,To increase sample size,To improve indexing,To reduce variance only,A,Data Analytics,Advanced Analytics and Experimentation,75
DA_2490,Which approach is most appropriate for evaluating marketing campaign incrementality?,Randomized holdout testing,Correlation analysis only,Simple averages,Descriptive reporting,A,Data Analytics,Advanced Analytics and Experimentation,71
DA_2491,What is the main purpose of a pre-experiment power analysis?,Estimate required sample size to detect an effect,Calculate confidence intervals,Improve SQL performance,Determine seasonality,A,Data Analytics,Advanced Analytics and Experimentation,55
DA_2492,Which situation indicates underpowered experimentation?,Very large sample size,Low probability of detecting a real effect,Excessive forecasting accuracy,High confidence intervals only,B,Data Analytics,Advanced Analytics and Experimentation,59
DA_2493,What is survivorship bias?,Focusing only on observations that remain while ignoring failures,Random assignment error,Forecast drift,Sampling variance,A,Data Analytics,Advanced Analytics and Experimentation,69
DA_2494,Which technique helps estimate causal effects when randomization is impossible?,Propensity score matching,Simple correlation,Histogram analysis,Data partitioning,A,Data Analytics,Advanced Analytics and Experimentation,71
DA_2495,What does forecast drift refer to?,Gradual deterioration of forecast accuracy over time,Improved prediction quality,Database growth,Seasonal adjustment,A,Data Analytics,Advanced Analytics and Experimentation,65
DA_2496,Why is heterogeneity of treatment effects important?,Different groups may respond differently to the same intervention,It guarantees significance,It eliminates confounding,It reduces variance only,A,Data Analytics,Advanced Analytics and Experimentation,63
DA_2497,What is the purpose of backtesting in forecasting?,Evaluate a model using historical periods with known outcomes,Increase confidence levels,Reduce sample size,Perform feature scaling,A,Data Analytics,Advanced Analytics and Experimentation,62
DA_2498,Which metric is most useful when comparing forecast models across different scales?,MAPE,Raw Error Sum,Mean Forecast Value,Variance of Inputs,A,Data Analytics,Advanced Analytics and Experimentation,55
DA_2499,What is the primary goal of uplift modeling?,Predict total revenue,Identify individuals most likely to respond because of an intervention,Balance datasets,Reduce dimensionality,B,Data Analytics,Advanced Analytics and Experimentation,52
DA_2500,Why is external validity important in experimentation?,It determines whether results generalize beyond the test sample,It improves SQL execution plans,It reduces Type I error automatically,It guarantees causal inference,A,Data Analytics,Advanced Analytics and Experimentation,54
DA_2501,Which execution plan operator is most likely to benefit from batch mode processing in modern analytical databases?,Key Lookup,Hash Aggregate,RID Lookup,Bookmark Lookup,B,Data Analytics,SQL Performance Optimization,68
DA_2502,What is the primary advantage of columnstore indexes in analytical workloads?,Faster row inserts,Improved compression and scan performance for large datasets,Reduced locking overhead,Automatic query rewriting,B,Data Analytics,SQL Performance Optimization,71
DA_2503,A query performs multiple scans of the same large table. Which optimization is often most effective?,Increase timeout settings,Materialize intermediate results or use a CTE strategically,Drop indexes,Disable statistics,B,Data Analytics,SQL Performance Optimization,60
DA_2504,Which window function is most appropriate for calculating year-over-year sales growth?,ROW_NUMBER(),LAG(),NTILE(),DENSE_RANK(),B,Data Analytics,SQL Performance Optimization,63
DA_2505,Why can stale statistics lead to poor query performance?,They increase disk size,The optimizer may choose inefficient execution plans based on inaccurate row estimates,They disable indexing,They prevent caching,B,Data Analytics,SQL Performance Optimization,62
DA_2506,Which indexing strategy best supports queries filtering on Region and Date together?,Separate indexes only,Composite index on Region and Date,Heap storage,Clustered view only,B,Data Analytics,SQL Performance Optimization,52
DA_2507,What is the primary benefit of partition switching in large data warehouses?,Improves query syntax,Enables fast loading and archiving with minimal downtime,Creates additional indexes,Removes duplicates,B,Data Analytics,SQL Performance Optimization,65
DA_2508,Which execution plan symptom often indicates a missing index opportunity?,Parallel scan,High-cost key lookups repeated many times,Low CPU usage,Small row counts,B,Data Analytics,SQL Performance Optimization,64
DA_2509,What is the purpose of a covering index in OLAP workloads?,Reduce storage,Eliminate additional table lookups for required columns,Improve concurrency only,Enable partitioning,B,Data Analytics,SQL Performance Optimization,75
DA_2510,Which SQL optimization technique reduces network I/O in distributed systems?,Predicate pushdown,Adding comments,Using aliases,Increasing temp space,A,Data Analytics,SQL Performance Optimization,60
DA_2511,What is the key advantage of recursive CTEs?,Data compression,Traversing hierarchical or graph-like relationships,Replacing indexes,Improving normalization,B,Data Analytics,SQL Performance Optimization,72
DA_2512,Which factor most directly affects join algorithm selection by the optimizer?,Database name,Estimated row counts and data distribution,Column aliases,Number of users,B,Data Analytics,SQL Performance Optimization,58
DA_2513,Why can scalar user-defined functions negatively impact performance?,They always use indexes,They may force row-by-row execution and inhibit optimization,They increase normalization,They prevent grouping,B,Data Analytics,SQL Performance Optimization,75
DA_2514,What is the benefit of partition pruning?,Only relevant partitions are scanned during query execution,Indexes are removed automatically,Statistics are rebuilt,Data is compressed,A,Data Analytics,SQL Performance Optimization,65
DA_2515,Which scenario is best suited for a materialized view?,Frequently queried aggregated results with infrequent updates,High-frequency OLTP inserts,Temporary calculations only,Data backup operations,A,Data Analytics,SQL Performance Optimization,63
DA_2516,What is a major risk of forcing query hints in production?,Guaranteed better performance,Plans may become suboptimal as data characteristics change,Better statistics generation,Reduced storage,B,Data Analytics,SQL Performance Optimization,58
DA_2517,Which ranking function assigns identical ranks without gaps after ties?,ROW_NUMBER(),RANK(),DENSE_RANK(),NTILE(),C,Data Analytics,SQL Performance Optimization,71
DA_2518,Why are execution plan regressions monitored in production systems?,To detect changes causing slower query performance,To increase row counts,To rebuild indexes daily,To compress backups,A,Data Analytics,SQL Performance Optimization,71
DA_2519,What is the main advantage of parallel query execution?,Reduces storage usage,Distributes work across multiple processors to improve performance,Eliminates indexing needs,Guarantees optimal plans,B,Data Analytics,SQL Performance Optimization,72
DA_2520,Which SQL object can precompute expensive aggregations for reporting workloads?,Trigger,Materialized View,Constraint,Sequence,B,Data Analytics,SQL Performance Optimization,64
DA_2521,What is the primary purpose of statistical power analysis before an experiment?,Determine required sample size to detect meaningful effects,Increase conversion rates,Reduce storage requirements,Create confidence intervals,A,Data Analytics,Advanced Analytics and Experimentation,51
DA_2522,Which factor increases statistical power?,Smaller sample size,Larger effect size and larger sample size,Lower significance level only,Higher variance,B,Data Analytics,Advanced Analytics and Experimentation,63
DA_2523,What does an uplift model estimate?,Overall conversion rate,Incremental impact caused by a treatment or intervention,Revenue variance,Sample error,B,Data Analytics,Advanced Analytics and Experimentation,58
DA_2524,"In causal inference,what is the counterfactual?",Observed treatment outcome,What would have happened without the treatment,Confidence interval estimate,Forecast baseline,B,Data Analytics,Advanced Analytics and Experimentation,68
DA_2525,Why is randomization considered the gold standard in experimentation?,It reduces storage costs,It balances both observed and unobserved confounders,It guarantees significance,It removes seasonality,B,Data Analytics,Advanced Analytics and Experimentation,72
DA_2526,Which metric is most appropriate when large forecast errors should be penalized heavily?,MAE,RMSE,MAPE,Median Error,B,Data Analytics,Advanced Analytics and Experimentation,59
DA_2527,What is the primary risk of multiple hypothesis testing without correction?,Reduced variance,Inflated false positive rate,Lower sample size,Higher forecast accuracy,B,Data Analytics,Advanced Analytics and Experimentation,63
DA_2528,Which forecasting component captures recurring weekly demand patterns?,Noise,Trend,Seasonality,Cycle,C,Data Analytics,Advanced Analytics and Experimentation,53
DA_2529,What does sensitivity analysis evaluate?,How outcomes change when assumptions vary,Database performance,Query execution time,Data compression,A,Data Analytics,Advanced Analytics and Experimentation,68
DA_2530,Which business scenario is best suited for incrementality testing?,Measuring total revenue only,Determining additional conversions directly caused by a campaign,Database migration,Schema design,B,Data Analytics,Advanced Analytics and Experimentation,60
DA_2531,What is survivorship bias most likely to cause?,Overestimation of success by ignoring failures,Reduced variance,Higher sample sizes,Better forecasts,A,Data Analytics,Advanced Analytics and Experimentation,55
DA_2532,Which experimental design evaluates multiple independent variables simultaneously?,Simple A/B Test,Multivariate Experiment,Cohort Analysis,Time Series Analysis,B,Data Analytics,Advanced Analytics and Experimentation,75
DA_2533,What does forecast drift indicate?,Model performance changing over time due to changing patterns,Improved accuracy,Reduced seasonality,Better calibration,A,Data Analytics,Advanced Analytics and Experimentation,56
DA_2534,Why are holdout groups essential in causal analysis?,They provide a baseline for measuring treatment effects,They increase power,They reduce confidence intervals,They eliminate seasonality,A,Data Analytics,Advanced Analytics and Experimentation,58
DA_2535,What is the primary goal of propensity score matching?,Improve SQL joins,Reduce selection bias in observational studies,Increase sample size,Reduce variance only,B,Data Analytics,Advanced Analytics and Experimentation,74
DA_2536,Which metric measures average absolute percentage forecast error?,RMSE,MAPE,RÂ²,MAE,B,Data Analytics,Advanced Analytics and Experimentation,57
DA_2537,What is external validity?,Ability to generalize results beyond the experiment sample,Internal consistency of data,Forecast accuracy,Model explainability,A,Data Analytics,Advanced Analytics and Experimentation,71
DA_2538,Why are confidence intervals preferred over point estimates alone?,They communicate uncertainty around estimates,They remove variance,They increase significance,They guarantee accuracy,A,Data Analytics,Advanced Analytics and Experimentation,68
DA_2539,Which phenomenon occurs when extreme observations naturally move closer to average values over time?,Seasonality,Regression to the mean,Forecast drift,Sampling error,B,Data Analytics,Advanced Analytics and Experimentation,64
DA_2540,What is the key objective of business forecasting?,Estimate future outcomes to support decision-making,Normalize datasets,Reduce variance,Improve indexing,A,Data Analytics,Advanced Analytics and Experimentation,65
DA_2541,Which technique is commonly used to detect structural breaks in a time series?,K-Means Clustering,Chow Test,One-Hot Encoding,Principal Component Analysis,B,Data Analytics,Advanced Analytics and Experimentation,60
DA_2542,What is the primary purpose of uplift modeling in marketing analytics?,Predict customer demographics,Measure incremental response caused by a campaign,Calculate revenue totals,Estimate customer lifetime value,B,Data Analytics,Advanced Analytics and Experimentation,71
DA_2543,Why is statistical significance alone insufficient for business decisions?,It ignores practical significance and effect size,It always overestimates impact,It requires forecasting,It depends on indexing,A,Data Analytics,Advanced Analytics and Experimentation,62
DA_2544,Which forecasting metric is scale-independent and useful for comparing models across datasets?,RMSE,MAE,MAPE,Residual Sum of Squares,C,Data Analytics,Advanced Analytics and Experimentation,57
DA_2545,What is the key advantage of Bayesian experimentation?,Provides probability distributions for outcomes,Eliminates uncertainty,Requires no data,Removes confounding variables,A,Data Analytics,Advanced Analytics and Experimentation,57
DA_2546,What is a common consequence of underpowered experiments?,Higher probability of missing real effects,Guaranteed significance,Smaller confidence intervals,Perfect causal inference,A,Data Analytics,Advanced Analytics and Experimentation,61
DA_2547,Which scenario best demonstrates confounding?,A variable influences both treatment assignment and outcome,A variable has missing values,A forecast contains seasonality,A dataset contains duplicates,A,Data Analytics,Advanced Analytics and Experimentation,63
DA_2548,What does a lift score above 1 indicate?,Negative treatment impact,No measurable effect,Positive incremental impact relative to baseline,Forecast instability,C,Data Analytics,Advanced Analytics and Experimentation,65
DA_2549,Why is backtesting important in forecasting?,Evaluates model performance on historical data,Creates confidence intervals,Increases sample size,Improves indexing,A,Data Analytics,Advanced Analytics and Experimentation,68
DA_2550,Which experimental approach is most appropriate when testing three website designs simultaneously?,Simple A/B test,Multivariate testing,Cohort analysis,Time series decomposition,B,Data Analytics,Advanced Analytics and Experimentation,57
DA_2551,What is the purpose of heterogeneity analysis in experiments?,Measure subgroup-specific treatment effects,Reduce variance,Increase sample size,Improve SQL performance,A,Data Analytics,Advanced Analytics and Experimentation,56
DA_2552,Which forecasting issue occurs when a model consistently overpredicts demand?,Forecast bias,Seasonality,Autocorrelation,Variance inflation,A,Data Analytics,Advanced Analytics and Experimentation,73
DA_2553,What is the primary objective of scenario planning?,Evaluate outcomes under different assumptions,Increase conversion rates,Reduce uncertainty completely,Normalize variables,A,Data Analytics,Advanced Analytics and Experimentation,61
DA_2554,Why are placebo groups valuable in experimentation?,Control for behavioral effects unrelated to treatment,Increase treatment impact,Reduce variance only,Improve sample quality,A,Data Analytics,Advanced Analytics and Experimentation,58
DA_2555,Which measure quantifies the magnitude of a treatment effect?,Effect Size,Confidence Level,p-value,Sample Mean,A,Data Analytics,Advanced Analytics and Experimentation,70
DA_2556,What is the main purpose of confidence intervals in experimentation?,Communicate uncertainty around estimates,Guarantee significance,Measure variance,Estimate sample size,A,Data Analytics,Advanced Analytics and Experimentation,51
DA_2557,Which type of validity concerns whether observed effects are caused by the treatment?,External Validity,Construct Validity,Internal Validity,Face Validity,C,Data Analytics,Advanced Analytics and Experimentation,58
DA_2558,What is a major challenge in observational causal analysis?,Lack of random assignment,Too many experiments,Guaranteed significance,Excessive statistical power,A,Data Analytics,Advanced Analytics and Experimentation,58
DA_2559,Which forecasting method explicitly incorporates trend and seasonality components?,Holt-Winters Exponential Smoothing,K-Means Clustering,Logistic Regression,Chi-Square Test,A,Data Analytics,Advanced Analytics and Experimentation,69
DA_2560,Why is incremental revenue often preferred over total revenue in campaign evaluation?,It isolates the campaign's causal contribution,It is easier to calculate,It ignores seasonality,It reduces variance,A,Data Analytics,Advanced Analytics and Experimentation,53
DA_2561,What is the purpose of randomization checks after experiment assignment?,Verify treatment and control groups are balanced,Increase sample size,Improve power automatically,Reduce forecast error,A,Data Analytics,Advanced Analytics and Experimentation,55
DA_2562,Which factor narrows a confidence interval most effectively?,Larger sample size,More variables,Higher variance,Lower response rate,A,Data Analytics,Advanced Analytics and Experimentation,53
DA_2563,What is a common symptom of overfitting in forecasting models?,Excellent training accuracy but poor future performance,Low variance,Stable residuals,Strong causal inference,A,Data Analytics,Advanced Analytics and Experimentation,65
DA_2564,Which metric is most useful when comparing absolute forecast errors?,MAE,ROC-AUC,F1 Score,Lift,A,Data Analytics,Advanced Analytics and Experimentation,64
DA_2565,What is the primary goal of treatment effect estimation?,Measure causal impact of an intervention,Forecast demand,Reduce variance,Optimize indexes,A,Data Analytics,Advanced Analytics and Experimentation,71
DA_2566,Why is seasonality adjustment important before trend analysis?,Seasonal effects can obscure underlying trends,It reduces sample size,It eliminates uncertainty,It increases power,A,Data Analytics,Advanced Analytics and Experimentation,65
DA_2567,Which experiment outcome suggests no statistically significant difference between groups?,Confidence interval includes zero effect,Very large sample size,High revenue growth,Low variance only,A,Data Analytics,Advanced Analytics and Experimentation,74
DA_2568,What is the primary purpose of a holdout validation period in forecasting?,Evaluate model performance on unseen data,Create seasonality,Increase sample size,Estimate confidence intervals,A,Data Analytics,Advanced Analytics and Experimentation,67
DA_2569,Which technique helps mitigate selection bias in observational studies?,Propensity Score Matching,One-Hot Encoding,Normalization,Feature Scaling,A,Data Analytics,Advanced Analytics and Experimentation,68
DA_2570,What does forecast variance primarily measure?,Variability of forecast outcomes,Statistical significance,Database performance,Query execution cost,A,Data Analytics,Advanced Analytics and Experimentation,52
DA_2571,Why is causal inference more challenging than predictive modeling?,Counterfactual outcomes cannot be directly observed,Predictions are always accurate,Causality requires SQL optimization,Forecasts eliminate uncertainty,A,Data Analytics,Advanced Analytics and Experimentation,62
DA_2572,Which forecasting evaluation approach repeatedly updates the training window over time?,Rolling-origin validation,Cross join validation,Static partitioning,Recursive indexing,A,Data Analytics,Advanced Analytics and Experimentation,66
DA_2573,What is the purpose of experiment stratification?,Ensure balanced subgroup representation,Reduce confidence levels,Increase variance,Improve SQL execution,A,Data Analytics,Advanced Analytics and Experimentation,54
DA_2574,Which issue occurs when experiment participants modify behavior because they know they are observed?,Hawthorne Effect,Selection Bias,Seasonality,Forecast Drift,A,Data Analytics,Advanced Analytics and Experimentation,75
DA_2575,What is the key benefit of sensitivity analysis in forecasting?,Assesses robustness to changing assumptions,Improves indexing,Increases power,Creates confidence intervals,A,Data Analytics,Advanced Analytics and Experimentation,52
DA_2576,Which concept measures the ability of an experiment to detect meaningful effects?,Statistical Power,Effect Size,Forecast Bias,Variance Inflation,A,Data Analytics,Advanced Analytics and Experimentation,64
DA_2577,What is a leading indicator in forecasting?,A variable that changes before the target outcome,A historical observation,A confidence interval estimate,A residual component,A,Data Analytics,Advanced Analytics and Experimentation,61
DA_2578,Why are treatment-control comparisons insufficient without randomization?,Confounding factors may bias estimates,Variance is eliminated,Sample sizes are fixed,Forecasts become inaccurate,A,Data Analytics,Advanced Analytics and Experimentation,63
DA_2579,Which business metric is most directly tied to campaign incrementality?,Incremental Conversions,Total Visits,Page Views,Bounce Rate,A,Data Analytics,Advanced Analytics and Experimentation,75
DA_2580,What is the primary objective of advanced experimentation frameworks?,Generate reliable causal insights for decision-making,Increase database speed,Reduce storage costs,Improve dashboard design,A,Data Analytics,Advanced Analytics and Experimentation,57
DA_2581,Which forecasting technique combines predictions from multiple models to improve accuracy?,Feature Scaling,Ensemble Forecasting,Stratified Sampling,Recursive Partitioning,B,Data Analytics,Advanced Analytics and Experimentation,60
DA_2582,What is the primary purpose of a control variable in causal analysis?,Increase sample size,Reduce the influence of confounding factors,Improve forecast accuracy,Normalize data,B,Data Analytics,Advanced Analytics and Experimentation,74
DA_2583,Which situation is most likely to introduce survivorship bias?,Analyzing only active customers while ignoring churned customers,Using random sampling,Applying stratification,Using a holdout group,A,Data Analytics,Advanced Analytics and Experimentation,51
DA_2584,What does a prediction interval provide that a confidence interval does not?,Estimate of parameter uncertainty only,Range for future observations including random variation,Effect size estimate,Statistical power calculation,B,Data Analytics,Advanced Analytics and Experimentation,71
DA_2585,Which experiment design minimizes contamination between treatment and control groups?,Cluster Randomization,Simple Random Sampling,Systematic Sampling,Convenience Sampling,A,Data Analytics,Advanced Analytics and Experimentation,75
DA_2586,What is concept drift in forecasting and machine learning?,Change in underlying data patterns over time,Database schema modification,Increase in variance,Sampling error,A,Data Analytics,Advanced Analytics and Experimentation,54
DA_2587,Which metric evaluates the proportion of variance explained by a forecasting model?,MAPE,RMSE,R-squared,MAE,C,Data Analytics,Advanced Analytics and Experimentation,68
DA_2588,Why is pre-registration of experiments considered a best practice?,Prevents selective reporting and hypothesis switching,Improves SQL performance,Reduces storage requirements,Increases sample size,A,Data Analytics,Advanced Analytics and Experimentation,56
DA_2589,What is the primary goal of mediation analysis?,Understand mechanisms through which treatment affects outcomes,Increase statistical power,Reduce variance,Create confidence intervals,A,Data Analytics,Advanced Analytics and Experimentation,52
DA_2590,Which forecasting challenge occurs when external events suddenly alter historical patterns?,Seasonality,Structural Break,Autocorrelation,Sampling Bias,B,Data Analytics,Advanced Analytics and Experimentation,53
DA_2591,What is the purpose of uplift segmentation?,Identify groups with different incremental responses to treatment,Create random samples,Reduce feature count,Normalize variables,A,Data Analytics,Advanced Analytics and Experimentation,64
DA_2592,Which factor has the strongest effect on reducing sampling error?,Increasing sample size,Increasing variance,Reducing confidence level,Adding more variables,A,Data Analytics,Advanced Analytics and Experimentation,58
DA_2593,What does a negative uplift value indicate?,Treatment harmed performance relative to control,No measurable effect,Treatment improved performance,Sampling error only,A,Data Analytics,Advanced Analytics and Experimentation,66
DA_2594,Which forecasting method is particularly useful when recent observations should have greater influence?,Simple Average,Exponential Smoothing,Random Sampling,Chi-Square Testing,B,Data Analytics,Advanced Analytics and Experimentation,69
DA_2595,What is the main objective of interrupted time series analysis?,Estimate causal effects from interventions occurring at known points in time,Create seasonal forecasts,Normalize time series,Increase sample size,A,Data Analytics,Advanced Analytics and Experimentation,68
DA_2596,Which experiment metric directly measures business impact from a treatment?,Incremental Revenue,Sample Variance,p-value,Confidence Level,A,Data Analytics,Advanced Analytics and Experimentation,56
DA_2597,Why are placebo tests used in causal inference?,Check whether estimated effects appear when no real treatment exists,Increase power,Improve forecasting accuracy,Reduce variance,A,Data Analytics,Advanced Analytics and Experimentation,64
DA_2598,What is overdispersion in count-data modeling?,Variance exceeds the mean,Mean exceeds variance,Data contains duplicates,Sample size is small,A,Data Analytics,Advanced Analytics and Experimentation,53
DA_2599,Which evaluation strategy is most appropriate for time series forecasting?,Random train-test split,Chronological train-test split,Stratified sampling,Cross-sectional validation,B,Data Analytics,Advanced Analytics and Experimentation,66
DA_2600,What is the ultimate purpose of advanced experimentation and forecasting in analytics?,Support high-quality business decisions with evidence and predictive insight,Reduce database storage,Improve dashboard aesthetics,Eliminate uncertainty completely,A,Data Analytics,Advanced Analytics and Experimentation,51
DA_2601,Which indexing strategy is most effective for a fact table queried primarily by date ranges?,Hash Index,Clustered Index on Date,Unique Index,Bitmap Join Index,B,Data Analytics,SQL Performance Optimization,62
DA_2602,What is the primary advantage of column pruning during query execution?,Reduces the number of rows processed,Reads only required columns reducing I/O,Improves normalization,Eliminates joins,B,Data Analytics,SQL Performance Optimization,64
DA_2603,Which execution plan operator is commonly associated with sorting data for window functions?,Nested Loop,Sort,Hash Match,Filter,B,Data Analytics,SQL Performance Optimization,69
DA_2604,Why can correlated subqueries become performance bottlenecks?,They execute once per qualifying outer row,They disable indexes,They remove statistics,They require partitioning,A,Data Analytics,SQL Performance Optimization,72
DA_2605,What is the main purpose of query plan baselines?,Force full table scans,Maintain stable execution plans across optimizer changes,Reduce storage usage,Disable statistics,B,Data Analytics,SQL Performance Optimization,69
DA_2606,Which SQL feature is best suited for calculating cumulative sales totals?,ROW_NUMBER(),SUM() OVER(),RANK(),GROUP BY,B,Data Analytics,SQL Performance Optimization,59
DA_2607,What is a key benefit of adaptive query processing?,Automatically adjusts execution strategies based on runtime conditions,Eliminates indexes,Guarantees zero latency,Removes statistics,A,Data Analytics,SQL Performance Optimization,57
DA_2608,Which type of index is generally most effective for low-cardinality columns in analytical databases?,Clustered Index,Bitmap Index,Unique Index,XML Index,B,Data Analytics,SQL Performance Optimization,64
DA_2609,What is the purpose of query result caching?,Store execution plans only,Reuse previously computed query results,Replace indexing,Compress tables,B,Data Analytics,SQL Performance Optimization,55
DA_2610,Which factor most directly impacts the effectiveness of partition elimination?,Table size,Partition key alignment with query filters,Number of indexes,Column aliases,B,Data Analytics,SQL Performance Optimization,68
DA_2611,Why can skewed data distributions affect parallel query performance?,Workloads become unevenly distributed across threads,Indexes stop working,Statistics are removed,Joins are disabled,A,Data Analytics,SQL Performance Optimization,59
DA_2612,Which window function divides rows into equal-sized buckets?,RANK(),ROW_NUMBER(),NTILE(),LAG(),C,Data Analytics,SQL Performance Optimization,71
DA_2613,What is the primary role of database statistics histograms?,Track user activity,Model data distribution for cardinality estimation,Store query text,Compress indexes,B,Data Analytics,SQL Performance Optimization,57
DA_2614,Which optimization technique reduces repeated access to remote data sources?,Predicate Pushdown,Materialized Views,Adaptive Joins,NTILE,B,Data Analytics,SQL Performance Optimization,59
DA_2615,What is the benefit of late materialization in columnar databases?,Improves write performance only,Delays fetching full rows until necessary reducing I/O,Removes partitions,Eliminates joins,B,Data Analytics,SQL Performance Optimization,54
DA_2616,Which SQL design choice best supports star-schema analytics?,Highly normalized OLTP schema,Denormalized fact and dimension tables,Heap-only tables,Recursive CTEs,B,Data Analytics,SQL Performance Optimization,75
DA_2617,What is a common indicator that statistics need updating?,Stable query performance,Large mismatch between estimated and actual row counts,Low CPU usage,Small table size,B,Data Analytics,SQL Performance Optimization,67
DA_2618,Which query pattern benefits most from covering indexes?,Frequent point lookups returning multiple columns,Large bulk inserts,Schema migrations,Cross joins,A,Data Analytics,SQL Performance Optimization,62
DA_2619,What is the primary purpose of execution plan analysis?,Review SQL formatting,Identify performance bottlenecks and optimization opportunities,Validate data quality,Generate reports,B,Data Analytics,SQL Performance Optimization,56
DA_2620,Which technique improves performance of repeated analytical aggregations?,Materialized aggregation tables,Removing indexes,Using SELECT *,Disabling caching,A,Data Analytics,SQL Performance Optimization,68
DA_2621,What is the purpose of CUPED in experimentation?,Reduce variance using pre-experiment data,Increase significance levels,Create confidence intervals,Forecast demand,A,Data Analytics,Advanced Analytics and Experimentation,58
DA_2622,Which issue occurs when treatment assignment depends on user behavior?,Selection Bias,Seasonality,Forecast Drift,Sampling Frame Error,A,Data Analytics,Advanced Analytics and Experimentation,71
DA_2623,What is the main advantage of uplift modeling over response modeling?,Predicts causal impact rather than overall response,Uses fewer variables,Eliminates variance,Requires smaller samples,A,Data Analytics,Advanced Analytics and Experimentation,65
DA_2624,Why is randomization inference useful?,Provides exact significance testing under random assignment,Improves forecasting,Reduces storage,Creates confidence intervals,A,Data Analytics,Advanced Analytics and Experimentation,53
DA_2625,Which metric is most sensitive to large forecast errors?,MAE,MAPE,RMSE,Median Absolute Error,C,Data Analytics,Advanced Analytics and Experimentation,52
DA_2626,What is the primary purpose of a synthetic control method?,Estimate causal effects using weighted comparison groups,Forecast seasonality,Reduce variance,Create uplift models,A,Data Analytics,Advanced Analytics and Experimentation,74
DA_2627,What does calibration assess in predictive analytics?,Alignment between predicted probabilities and observed outcomes,Forecast speed,Sample size adequacy,Variance reduction,A,Data Analytics,Advanced Analytics and Experimentation,73
DA_2628,Which forecasting scenario is most vulnerable to concept drift?,Stable seasonal demand,Rapidly changing customer behavior,Historical census data,Static reporting datasets,B,Data Analytics,Advanced Analytics and Experimentation,59
DA_2629,What is the purpose of sequential testing methods?,Allow interim analysis while controlling error rates,Reduce sample size to zero,Improve indexing,Create confidence intervals,A,Data Analytics,Advanced Analytics and Experimentation,58
DA_2630,Which experiment outcome indicates practical significance but not statistical significance?,Large effect with insufficient sample size,Large sample with tiny effect,No effect observed,Perfect randomization,A,Data Analytics,Advanced Analytics and Experimentation,54
DA_2631,What is the main objective of causal forests?,Estimate heterogeneous treatment effects,Forecast revenue,Reduce dimensions,Perform clustering,A,Data Analytics,Advanced Analytics and Experimentation,52
DA_2632,Why is variance reduction valuable in experimentation?,Improves ability to detect treatment effects,Eliminates confounding,Guarantees significance,Removes bias,A,Data Analytics,Advanced Analytics and Experimentation,64
DA_2633,Which forecasting evaluation method repeatedly advances the prediction origin through time?,Rolling-origin evaluation,K-Fold Cross Validation,Random Split Validation,Bootstrap Sampling,A,Data Analytics,Advanced Analytics and Experimentation,52
DA_2634,What is the primary purpose of treatment effect heterogeneity analysis?,Identify how effects vary across subgroups,Reduce sample size,Improve forecasting speed,Create confidence intervals,A,Data Analytics,Advanced Analytics and Experimentation,52
DA_2635,Which forecasting issue arises when a model adapts too closely to historical noise?,Overfitting,Seasonality,Concept Drift,Selection Bias,A,Data Analytics,Advanced Analytics and Experimentation,72
DA_2636,What is the role of prior distributions in Bayesian analysis?,Represent beliefs before observing data,Eliminate uncertainty,Increase sample size,Improve SQL performance,A,Data Analytics,Advanced Analytics and Experimentation,57
DA_2637,Which experiment design reduces contamination by assigning groups rather than individuals?,Cluster Randomized Trial,Simple A/B Test,Crossover Design,Factorial Design,A,Data Analytics,Advanced Analytics and Experimentation,62
DA_2638,What does a prediction interval estimate?,Range of likely future observations,Population mean only,Variance alone,p-value only,A,Data Analytics,Advanced Analytics and Experimentation,56
DA_2639,Why are leading indicators valuable in forecasting?,They provide early signals of future outcomes,Reduce variance,Guarantee accuracy,Increase confidence levels,A,Data Analytics,Advanced Analytics and Experimentation,68
DA_2640,What is the primary goal of advanced experimentation programs?,Enable reliable evidence-based business decisions,Reduce storage costs,Improve database performance,Increase dashboard complexity,A,Data Analytics,Advanced Analytics and Experimentation,54
DA_2641,Which execution plan operator is most likely to indicate a many-to-many merge join requiring additional worktables?,Hash Match,Merge Join with Residual Predicate,Index Seek,Filter,B,Data Analytics,SQL Performance Optimization,69
DA_2642,What is the primary purpose of dynamic partition pruning in distributed query engines?,Create partitions automatically,Eliminate unnecessary partitions during runtime based on join results,Compress partitions,Increase replication,B,Data Analytics,SQL Performance Optimization,63
DA_2643,Which SQL optimization technique minimizes data shuffling in distributed processing?,Predicate Pushdown,Broadcast Joins when appropriate,Window Functions,Recursive CTEs,B,Data Analytics,SQL Performance Optimization,70
DA_2644,Why can over-indexing negatively affect ETL workloads?,Indexes increase maintenance overhead during inserts and updates,Indexes reduce compression,Indexes remove statistics,Indexes disable partitioning,A,Data Analytics,SQL Performance Optimization,71
DA_2645,Which execution plan characteristic often signals excessive memory grants?,Low CPU utilization,Large unused memory allocations,Missing indexes only,Small row counts,B,Data Analytics,SQL Performance Optimization,73
DA_2646,What is the benefit of using window frame clauses with analytical functions?,Control the subset of rows used in calculations,Reduce table size,Improve normalization,Replace indexes,A,Data Analytics,SQL Performance Optimization,75
DA_2647,Which indexing strategy is most effective for star-schema fact table filtering on multiple dimensions?,Random indexing,Bitmap indexing,Heap storage,XML indexing,B,Data Analytics,SQL Performance Optimization,52
DA_2648,What is the purpose of adaptive joins in modern query optimizers?,Switch join strategies at runtime based on row counts,Remove joins entirely,Improve data quality,Compress tables,A,Data Analytics,SQL Performance Optimization,58
DA_2649,Which SQL design pattern improves performance for frequently queried summary metrics?,Materialized Aggregates,Recursive Views,Cross Joins,Temporary Constraints,A,Data Analytics,SQL Performance Optimization,69
DA_2650,What is the main advantage of vectorized execution engines?,Process batches of rows more efficiently than row-at-a-time execution,Reduce storage size,Increase normalization,Eliminate indexing,A,Data Analytics,SQL Performance Optimization,59
DA_2651,Why is interference between experimental units problematic?,Treatment effects may spill over between groups,It increases sample size,It improves significance,It reduces variance,A,Data Analytics,Advanced Analytics and Experimentation,54
DA_2652,Which method estimates causal effects by comparing outcomes before and after treatment across groups?,Difference-in-Differences,Principal Components Analysis,K-Means Clustering,Exponential Smoothing,A,Data Analytics,Advanced Analytics and Experimentation,66
DA_2653,What is the primary objective of factorial experiments?,Evaluate multiple factors and interactions simultaneously,Reduce sample size,Increase variance,Create confidence intervals,A,Data Analytics,Advanced Analytics and Experimentation,69
DA_2654,Which forecasting challenge occurs when seasonal patterns change over time?,Concept Drift,Seasonal Drift,Selection Bias,Variance Inflation,B,Data Analytics,Advanced Analytics and Experimentation,60
DA_2655,Why is balance checking important after random assignment?,Verify treatment and control groups remain comparable,Increase statistical power,Reduce sample size,Improve forecasting,A,Data Analytics,Advanced Analytics and Experimentation,56
DA_2656,What does Bayesian posterior probability represent?,Updated belief after observing data,Forecast accuracy only,Sampling variance,Model complexity,A,Data Analytics,Advanced Analytics and Experimentation,66
DA_2657,Which forecasting method combines trend and seasonality using smoothing parameters?,Holt-Winters Method,Chi-Square Test,Random Forest,K-Means Clustering,A,Data Analytics,Advanced Analytics and Experimentation,60
DA_2658,What is the primary risk of p-hacking?,Artificially increasing false positive findings,Reducing sample size,Increasing confidence levels,Improving causal inference,A,Data Analytics,Advanced Analytics and Experimentation,63
DA_2659,Which experiment metric is most relevant when evaluating customer retention interventions?,Incremental Retention Rate,Page Views,Session Duration,Bounce Rate,A,Data Analytics,Advanced Analytics and Experimentation,59
DA_2660,Why is model recalibration sometimes necessary in forecasting?,Relationships between predictors and outcomes may change over time,To reduce storage costs,To improve indexing,To increase sample size,A,Data Analytics,Advanced Analytics and Experimentation,57
DA_2661,What is the purpose of instrumental variable analysis?,Estimate causal effects when confounding exists,Forecast future demand,Reduce dimensionality,Improve query performance,A,Data Analytics,Advanced Analytics and Experimentation,54
DA_2662,Which scenario most benefits from multivariate experimentation?,Testing multiple webpage elements simultaneously,Forecasting monthly sales,Optimizing SQL joins,Performing clustering,A,Data Analytics,Advanced Analytics and Experimentation,69
DA_2663,What is the main objective of uplift targeting?,Focus treatment on individuals most likely to benefit,Increase total sample size,Reduce treatment costs only,Eliminate confounding,A,Data Analytics,Advanced Analytics and Experimentation,54
DA_2664,Which metric measures systematic forecast overestimation or underestimation?,Forecast Bias,RMSE,MAPE,R-Squared,A,Data Analytics,Advanced Analytics and Experimentation,69
DA_2665,Why are sensitivity analyses critical for strategic decisions?,They reveal how robust conclusions are to assumption changes,They guarantee accuracy,They remove uncertainty,They reduce variance,A,Data Analytics,Advanced Analytics and Experimentation,69
DA_2666,Which forecasting problem occurs when external shocks invalidate historical relationships?,Structural Break,Autocorrelation,Sampling Error,Multicollinearity,A,Data Analytics,Advanced Analytics and Experimentation,62
DA_2667,What is the purpose of treatment effect confidence intervals?,Quantify uncertainty around causal effect estimates,Increase significance,Reduce sample size,Improve forecasts,A,Data Analytics,Advanced Analytics and Experimentation,63
DA_2668,Which experiment design is best when treatments may have interaction effects?,Factorial Design,Simple Random Sample,Cross-Sectional Study,Case-Control Study,A,Data Analytics,Advanced Analytics and Experimentation,75
DA_2669,Why is cross-validation less appropriate for standard time series forecasting?,It may violate temporal ordering assumptions,It increases variance,It requires large samples,It prevents forecasting,A,Data Analytics,Advanced Analytics and Experimentation,54
DA_2670,What is the primary purpose of scenario forecasting?,Evaluate multiple plausible future outcomes,Increase statistical power,Normalize variables,Improve query speed,A,Data Analytics,Advanced Analytics and Experimentation,75
DA_2671,What is the key advantage of Bayesian A/B testing?,Direct probability statements about treatment superiority,Guaranteed significance,Smaller datasets only,No assumptions required,A,Data Analytics,Advanced Analytics and Experimentation,60
DA_2672,Which metric is commonly used to compare nested forecasting models?,Likelihood Ratio Statistic,Page Views,Precision Score,Lift,A,Data Analytics,Advanced Analytics and Experimentation,71
DA_2673,Why is treatment randomization important for internal validity?,It reduces confounding and selection bias,It increases variance,It guarantees external validity,It improves forecasting,A,Data Analytics,Advanced Analytics and Experimentation,57
DA_2674,What is a major limitation of observational causal studies?,Unobserved confounding may remain,Sample sizes are always small,Forecasts become biased,Experiments cannot be compared,A,Data Analytics,Advanced Analytics and Experimentation,55
DA_2675,Which forecasting evaluation metric is least sensitive to extreme outliers?,Median Absolute Error,RMSE,Mean Squared Error,Variance,A,Data Analytics,Advanced Analytics and Experimentation,67
DA_2676,What is the primary objective of customer incrementality measurement?,Determine additional outcomes directly attributable to interventions,Measure total activity only,Reduce storage costs,Increase forecasting accuracy,A,Data Analytics,Advanced Analytics and Experimentation,68
DA_2677,Why is forecast explainability increasingly important in business analytics?,Stakeholders need to understand drivers of predictions,It improves SQL performance,It reduces variance,It eliminates uncertainty,A,Data Analytics,Advanced Analytics and Experimentation,61
DA_2678,Which concept measures whether experiment findings generalize to broader populations?,External Validity,Internal Consistency,Sampling Variance,Forecast Bias,A,Data Analytics,Advanced Analytics and Experimentation,65
DA_2679,What is the purpose of ensemble forecasting?,Combine multiple models to improve robustness and accuracy,Reduce storage requirements,Increase variance,Replace experimentation,A,Data Analytics,Advanced Analytics and Experimentation,71
DA_2680,What is the ultimate value of advanced experimentation frameworks?,Providing reliable evidence for strategic business decisions,Reducing query execution time,Improving normalization,Increasing dashboard complexity,A,Data Analytics,Advanced Analytics and Experimentation,72
DA_2681,Which execution plan operator is most likely to benefit from partition elimination in a large fact table?,Table Scan,Partitioned Index Scan,Sort,Compute Scalar,B,Data Analytics,SQL Performance Optimization,57
DA_2682,What is the primary advantage of a star schema over a highly normalized schema for analytics?,Reduced storage only,Faster analytical query performance through simplified joins,Improved transaction processing,Automatic indexing,B,Data Analytics,SQL Performance Optimization,68
DA_2683,Which factor most directly influences cardinality estimation accuracy?,Query formatting,Data distribution statistics,Table naming conventions,User permissions,B,Data Analytics,SQL Performance Optimization,75
DA_2684,Why can parameter sniffing cause inconsistent query performance?,Execution plans may be optimized for non-representative parameter values,Indexes become corrupted,Statistics are deleted,Joins are disabled,A,Data Analytics,SQL Performance Optimization,56
DA_2685,Which SQL optimization technique reduces data transfer in federated queries?,Recursive CTEs,Predicate Pushdown,Window Functions,NTILE(),B,Data Analytics,SQL Performance Optimization,68
DA_2686,What is the main purpose of database query hints?,Force specific optimizer behaviors when necessary,Create indexes automatically,Normalize tables,Reduce storage usage,A,Data Analytics,SQL Performance Optimization,66
DA_2687,Which ranking function assigns unique sequential numbers regardless of ties?,RANK(),DENSE_RANK(),ROW_NUMBER(),NTILE(),C,Data Analytics,SQL Performance Optimization,52
DA_2688,Why is index selectivity important?,Highly selective indexes generally improve lookup efficiency,It reduces storage automatically,It eliminates joins,It prevents locking,A,Data Analytics,SQL Performance Optimization,69
DA_2689,Which query pattern benefits most from partition pruning?,Filtering on partition key columns,Using CROSS JOIN,Selecting all rows,Updating every record,A,Data Analytics,SQL Performance Optimization,51
DA_2690,What is the purpose of LEAD() in SQL analytics?,Access subsequent row values without self-joins,Rank rows,Create partitions,Calculate aggregates,A,Data Analytics,SQL Performance Optimization,75
DA_2691,Which experiment design is most effective for testing multiple independent variables and their interactions?,A/B Testing,Factorial Design,Cohort Analysis,Time Series Analysis,B,Data Analytics,Advanced Analytics and Experimentation,61
DA_2692,What does a confidence interval that excludes zero suggest for a treatment effect?,Potential statistical significance at the chosen confidence level,Guaranteed business impact,No uncertainty,Perfect causality,A,Data Analytics,Advanced Analytics and Experimentation,70
DA_2693,Why is statistical power important in experimentation?,It determines the probability of detecting a true effect,It guarantees significance,It reduces variance,It improves forecasting,A,Data Analytics,Advanced Analytics and Experimentation,55
DA_2694,Which forecasting issue occurs when relationships between variables change over time?,Concept Drift,Autocorrelation,Seasonality,Sampling Error,A,Data Analytics,Advanced Analytics and Experimentation,66
DA_2695,What is the primary goal of incrementality testing?,Measure outcomes directly caused by an intervention,Forecast future demand,Reduce variance,Improve SQL performance,A,Data Analytics,Advanced Analytics and Experimentation,73
DA_2696,Which metric is most appropriate for comparing forecast accuracy across products with different sales scales?,MAPE,RMSE,MAE,Residual Sum of Squares,A,Data Analytics,Advanced Analytics and Experimentation,51
DA_2697,What is a key advantage of randomized controlled experiments?,Strong causal inference through random assignment,Guaranteed profitability,Reduced storage requirements,Automatic forecasting,A,Data Analytics,Advanced Analytics and Experimentation,69
DA_2698,Which forecasting technique combines multiple models to improve predictive robustness?,Ensemble Forecasting,One-Hot Encoding,Chi-Square Testing,Feature Scaling,A,Data Analytics,Advanced Analytics and Experimentation,64
DA_2699,What is the primary purpose of causal inference methods?,Estimate cause-and-effect relationships from data,Improve query execution speed,Reduce database size,Normalize datasets,A,Data Analytics,Advanced Analytics and Experimentation,53
DA_2700,Why are advanced experimentation frameworks valuable for organizations?,They enable evidence-based decisions with measurable impact,They eliminate uncertainty,They replace forecasting,They reduce storage costs,A,Data Analytics,Advanced Analytics and Experimentation,52
DA_2701,Which indexing approach is most effective for accelerating range queries on date columns in large analytical tables?,Hash Index,Clustered B-Tree Index,Bitmap Join Index,Full Table Scan,B,Data Analytics,SQL Performance Optimization,74
DA_2702,What is the primary purpose of cardinality estimation in a query optimizer?,Estimate storage requirements,Predict the number of rows returned by operators,Calculate CPU speed,Measure index size,B,Data Analytics,SQL Performance Optimization,55
DA_2703,Which SQL execution plan operator is typically used to combine large unsorted datasets efficiently?,Nested Loop,Hash Join,Key Lookup,Compute Scalar,B,Data Analytics,SQL Performance Optimization,67
DA_2704,Why can implicit data type conversions negatively impact query performance?,They increase network latency,They may prevent index usage and increase scans,They improve cardinality estimation,They reduce statistics accuracy,B,Data Analytics,SQL Performance Optimization,68
DA_2705,What is the main advantage of a covering index over a regular index?,Requires less storage,Contains all required columns for a query reducing lookups,Eliminates statistics,Improves normalization,B,Data Analytics,SQL Performance Optimization,51
DA_2706,Which SQL feature is commonly used to calculate moving averages without self-joins?,GROUP BY,Window Functions,UNION,Temporary Tables,B,Data Analytics,SQL Performance Optimization,65
DA_2707,What is the purpose of index intersection in query optimization?,Combine multiple indexes to satisfy query predicates,Merge tables automatically,Remove duplicate indexes,Optimize transactions,A,Data Analytics,SQL Performance Optimization,72
DA_2708,Which execution plan warning often indicates inaccurate cardinality estimates?,Missing Join,Spill to TempDB,Syntax Error,Constraint Violation,B,Data Analytics,SQL Performance Optimization,59
DA_2709,Why are materialized views useful in reporting environments?,They precompute expensive query results,They eliminate indexing needs,They replace ETL processes,They reduce data quality issues,A,Data Analytics,SQL Performance Optimization,73
DA_2710,Which optimization strategy is most effective when only a small subset of partitions is queried?,Horizontal Scaling,Partition Pruning,Data Replication,Denormalization,B,Data Analytics,SQL Performance Optimization,55
DA_2711,What is the primary objective of a crossover experiment design?,Compare multiple databases,Allow participants to receive multiple treatments sequentially,Reduce sample size,Improve forecasting accuracy,B,Data Analytics,Advanced Analytics and Experimentation,63
DA_2712,Which factor most directly increases the width of a confidence interval?,Larger sample size,Higher variability in data,Lower significance level,More observations,B,Data Analytics,Advanced Analytics and Experimentation,69
DA_2713,What is the main purpose of uplift modeling in customer analytics?,Predict customer demographics,Estimate incremental impact of interventions,Reduce variance,Forecast revenue only,B,Data Analytics,Advanced Analytics and Experimentation,74
DA_2714,Which phenomenon occurs when experiment participants alter behavior because they know they are being studied?,Selection Bias,Hawthorne Effect,Regression to Mean,Autocorrelation,B,Data Analytics,Advanced Analytics and Experimentation,60
DA_2715,What does a statistically insignificant result with a large effect size often indicate?,Data corruption,Insufficient sample size,Perfect randomization,No practical significance,B,Data Analytics,Advanced Analytics and Experimentation,70
DA_2716,Which forecasting metric is least affected by a few extreme outliers?,RMSE,Median Absolute Error,Mean Squared Error,Variance,B,Data Analytics,Advanced Analytics and Experimentation,75
DA_2717,Why is external validity important in experimentation?,Ensures results generalize beyond the study sample,Improves internal consistency,Reduces sample size,Increases significance,A,Data Analytics,Advanced Analytics and Experimentation,71
DA_2718,Which forecasting method is most suitable when both trend and seasonality are present?,Simple Average,Holt-Winters Smoothing,Linear Regression,Random Sampling,B,Data Analytics,Advanced Analytics and Experimentation,64
DA_2719,What is the primary purpose of treatment effect heterogeneity analysis?,Measure variance,Identify how effects differ across segments,Increase significance,Reduce sample size,B,Data Analytics,Advanced Analytics and Experimentation,72
DA_2720,Which experimental design is most effective for estimating interaction effects between variables?,Factorial Design,Simple A/B Test,Cohort Analysis,Case Study,A,Data Analytics,Advanced Analytics and Experimentation,71
DA_2721,What is the key advantage of Bayesian experimentation over traditional hypothesis testing?,Provides probability distributions of outcomes,Eliminates uncertainty,Requires smaller datasets always,Guarantees significance,A,Data Analytics,Advanced Analytics and Experimentation,62
DA_2722,Which SQL operation is most likely to benefit from parallel execution?,Single-row lookup,Large aggregation across millions of rows,Metadata query,Constraint validation,B,Data Analytics,SQL Performance Optimization,61
DA_2723,What is a major risk of repeatedly checking experiment results before completion?,Inflated Type I error rate,Reduced sample size,Improved statistical power,Lower variance,A,Data Analytics,Advanced Analytics and Experimentation,73
DA_2724,Which SQL window function returns the value from a previous row within a partition?,LEAD(),LAG(),RANK(),NTILE(),B,Data Analytics,SQL Performance Optimization,57
DA_2725,What is the primary goal of sensitivity analysis?,Evaluate how results change under different assumptions,Increase confidence intervals,Reduce forecasting errors automatically,Improve SQL execution,A,Data Analytics,Advanced Analytics and Experimentation,67
DA_2726,Which execution plan issue is commonly associated with parameter sniffing?,Overly generic execution plans,Plans optimized for atypical parameter values,Missing indexes,Corrupted statistics,B,Data Analytics,SQL Performance Optimization,68
DA_2727,What is the purpose of a holdout group in incrementality testing?,Increase sample size,Provide a baseline for causal comparison,Improve forecasting,Reduce variance,B,Data Analytics,Advanced Analytics and Experimentation,57
DA_2728,Which indexing technique is particularly effective for data warehouse filtering on low-cardinality attributes?,Hash Index,Bitmap Index,XML Index,Unique Index,B,Data Analytics,SQL Performance Optimization,74
DA_2729,What does forecast bias measure?,Prediction speed,Systematic overprediction or underprediction,Variance of forecasts,Seasonality strength,B,Data Analytics,Advanced Analytics and Experimentation,70
DA_2730,Which SQL optimization strategy reduces unnecessary row processing as early as possible?,Predicate Pushdown,Index Fragmentation,Recursive Queries,Cross Joins,A,Data Analytics,SQL Performance Optimization,56
DA_2731,Which technique is commonly used to estimate treatment effects when randomized experiments are not feasible?,Propensity Score Matching,Principal Component Analysis,K-Means Clustering,Exponential Smoothing,A,Data Analytics,Advanced Analytics and Experimentation,61
DA_2732,What is the primary purpose of query plan caching?,Store table data,Reuse execution plans to reduce compilation overhead,Create indexes automatically,Compress query results,B,Data Analytics,SQL Performance Optimization,62
DA_2733,Which forecasting challenge occurs when historical relationships between predictors and outcomes change over time?,Autocorrelation,Concept Drift,Seasonality,Multicollinearity,B,Data Analytics,Advanced Analytics and Experimentation,66
DA_2734,What is the key benefit of a composite index over multiple single-column indexes?,Supports efficient filtering on combined column conditions,Uses less storage in all cases,Eliminates statistics,Guarantees index-only scans,A,Data Analytics,SQL Performance Optimization,69
DA_2735,Which experimental design is most appropriate for measuring the impact of multiple website elements simultaneously?,A/B Testing,Factorial Design,Cohort Analysis,Interrupted Time Series,B,Data Analytics,Advanced Analytics and Experimentation,73
DA_2736,What is the purpose of NTILE() in SQL analytics?,Calculate moving averages,Divide rows into ranked buckets,Return previous row values,Generate unique row IDs,B,Data Analytics,SQL Performance Optimization,69
DA_2737,Which metric is most appropriate when forecast errors should be expressed as percentages?,RMSE,MAPE,MAE,R-Squared,B,Data Analytics,Advanced Analytics and Experimentation,61
DA_2738,Why are stale statistics problematic for query optimizers?,They may cause inaccurate row estimates and inefficient plans,They increase normalization,They prevent indexing,They remove partitions,A,Data Analytics,SQL Performance Optimization,66
DA_2739,What is the primary objective of causal inference?,Predict future outcomes,Estimate cause-and-effect relationships,Reduce variance,Increase sample size,B,Data Analytics,Advanced Analytics and Experimentation,73
DA_2740,Which SQL operator is commonly used for recursive hierarchy traversal?,GROUP BY,Recursive CTE,UNION ALL only,HAVING,B,Data Analytics,SQL Performance Optimization,62
DA_2741,What is a major advantage of ensemble forecasting methods?,Combine strengths of multiple models to improve robustness,Reduce sample size,Eliminate uncertainty,Remove seasonality,A,Data Analytics,Advanced Analytics and Experimentation,58
DA_2742,Which execution plan operator is typically preferred for joining very large unsorted datasets?,Nested Loop Join,Hash Join,Merge Join,Filter,B,Data Analytics,SQL Performance Optimization,53
DA_2743,What does a prediction interval estimate?,Range of likely future observations,Population mean only,Confidence level,p-value only,A,Data Analytics,Advanced Analytics and Experimentation,52
DA_2744,Which indexing strategy is often used for covering analytical queries without accessing the base table?,Filtered Index,Covering Index,Hash Index,XML Index,B,Data Analytics,SQL Performance Optimization,56
DA_2745,Why is randomization essential in controlled experiments?,Balances confounding factors across groups,Guarantees significance,Increases effect size,Reduces forecasting error,A,Data Analytics,Advanced Analytics and Experimentation,66
DA_2746,Which SQL optimization technique minimizes data movement in distributed systems?,Recursive Queries,Predicate Pushdown,Temporary Tables,CROSS JOIN,B,Data Analytics,SQL Performance Optimization,70
DA_2747,What is the purpose of uplift modeling?,Estimate incremental treatment impact,Forecast sales,Reduce variance,Improve clustering,A,Data Analytics,Advanced Analytics and Experimentation,74
DA_2748,Which query characteristic most benefits from partition pruning?,Filtering on partition keys,Using aggregate functions,Sorting large datasets,Creating temporary tables,A,Data Analytics,SQL Performance Optimization,65
DA_2749,What is a common indicator of overfitting in forecasting models?,Strong validation performance,Excellent training accuracy but poor future performance,Low variance,Stable residuals,B,Data Analytics,Advanced Analytics and Experimentation,64
DA_2750,Which SQL function is best suited for calculating running totals?,ROW_NUMBER(),SUM() OVER(),RANK(),COUNT(),B,Data Analytics,SQL Performance Optimization,52
DA_2751,What is the main purpose of sensitivity analysis in forecasting?,Evaluate robustness under different assumptions,Increase sample size,Reduce seasonality,Improve indexing,A,Data Analytics,Advanced Analytics and Experimentation,70
DA_2752,Which indexing structure is particularly effective for analytical workloads in columnar databases?,Columnstore Index,B-Tree Only,Hash Index,XML Index,A,Data Analytics,SQL Performance Optimization,68
DA_2753,What does statistical power represent?,Probability of detecting a true effect,Probability null hypothesis is true,Forecast accuracy,Variance explained,A,Data Analytics,Advanced Analytics and Experimentation,64
DA_2754,Which execution plan issue often indicates insufficient memory allocation?,Index Seek,Spill to Disk,Filter Pushdown,Parallel Scan,B,Data Analytics,SQL Performance Optimization,68
DA_2755,What is the purpose of holdout testing in experimentation?,Provide unbiased evaluation of treatment impact,Increase sample size,Reduce confidence intervals,Improve forecasting,A,Data Analytics,Advanced Analytics and Experimentation,52
DA_2756,Which SQL ranking function leaves gaps after ties?,DENSE_RANK(),RANK(),ROW_NUMBER(),NTILE(),B,Data Analytics,SQL Performance Optimization,51
DA_2757,What is the primary challenge of observational studies compared to randomized experiments?,Potential confounding bias,Too much data,Excessive significance,Lack of forecasting capability,A,Data Analytics,Advanced Analytics and Experimentation,70
DA_2758,Which SQL feature allows referencing subsequent rows without self-joins?,LEAD(),LAG(),RANK(),GROUP BY,A,Data Analytics,SQL Performance Optimization,52
DA_2759,Why is external validity important in business experimentation?,Ensures findings generalize beyond the test sample,Improves internal consistency,Reduces variance,Increases effect size,A,Data Analytics,Advanced Analytics and Experimentation,59
DA_2760,Which SQL performance metric measures the amount of logical page access during query execution?,Execution Time Only,Logical Reads,Row Count,Partition Count,B,Data Analytics,SQL Performance Optimization,59
DA_2761,What is the primary benefit of adaptive query optimization?,Automatically adjusts execution strategies based on runtime conditions,Eliminates indexing requirements,Reduces storage size,Guarantees optimal performance,A,Data Analytics,SQL Performance Optimization,66
DA_2762,Which experiment metric measures the additional conversions directly attributable to a treatment?,Total Conversion Rate,Incremental Conversion Rate,Bounce Rate,Click Through Rate,B,Data Analytics,Advanced Analytics and Experimentation,61
DA_2763,What is the main advantage of a materialized view over a standard view?,Stores precomputed query results for faster access,Uses less storage,Requires no maintenance,Automatically updates all tables,A,Data Analytics,SQL Performance Optimization,73
DA_2764,Which forecasting method is particularly useful when recent observations should carry more weight than older ones?,Simple Moving Average,Exponential Smoothing,Linear Regression,Random Sampling,B,Data Analytics,Advanced Analytics and Experimentation,56
DA_2765,Why can excessive index fragmentation degrade performance?,Increases I/O and reduces scan efficiency,Deletes statistics,Removes partitions,Disables caching,A,Data Analytics,SQL Performance Optimization,62
DA_2766,What does treatment effect heterogeneity indicate?,Different subgroups respond differently to the same treatment,The treatment failed,The experiment lacks power,The sample size is too large,A,Data Analytics,Advanced Analytics and Experimentation,53
DA_2767,Which SQL execution plan operator is generally most efficient for small lookups into indexed tables?,Hash Join,Nested Loop Join,Merge Join,Sort,B,Data Analytics,SQL Performance Optimization,62
DA_2768,What is the purpose of forecast backtesting?,Evaluate predictive performance using historical periods with known outcomes,Increase forecast accuracy automatically,Reduce seasonality,Create confidence intervals,A,Data Analytics,Advanced Analytics and Experimentation,73
DA_2769,Which SQL optimization approach reduces repeated calculations for expensive aggregations?,Materialized Aggregation Tables,Removing Indexes,Using SELECT *,Dropping Statistics,A,Data Analytics,SQL Performance Optimization,51
DA_2770,What is a common consequence of underpowered experiments?,Failure to detect real effects,Guaranteed significance,Smaller confidence intervals,Reduced bias,A,Data Analytics,Advanced Analytics and Experimentation,59
DA_2771,Which indexing strategy is best for queries frequently filtering on multiple columns together?,Separate single-column indexes only,Composite Index,Heap Storage,Temporary Table,B,Data Analytics,SQL Performance Optimization,70
DA_2772,Why is a placebo test useful in causal inference?,Checks whether effects appear even when no treatment exists,Improves sample size,Increases statistical power,Reduces variance,A,Data Analytics,Advanced Analytics and Experimentation,72
DA_2773,Which SQL feature helps identify the previous value within a partitioned dataset?,LEAD(),LAG(),NTILE(),DENSE_RANK(),B,Data Analytics,SQL Performance Optimization,56
DA_2774,What is forecast drift?,Gradual deterioration in forecast performance due to changing patterns,An increase in seasonality,A database error,A sampling issue,A,Data Analytics,Advanced Analytics and Experimentation,61
DA_2775,Why are execution plan actual row counts compared with estimated row counts?,To identify optimizer estimation inaccuracies,To improve normalization,To reduce storage,To enforce constraints,A,Data Analytics,SQL Performance Optimization,53
DA_2776,Which concept refers to the inability to observe both treatment and non-treatment outcomes for the same unit?,Counterfactual Problem,Selection Bias,Forecast Drift,Variance Inflation,A,Data Analytics,Advanced Analytics and Experimentation,54
DA_2777,What is the primary benefit of partitioning very large tables?,Improves manageability and query performance through partition elimination,Removes need for indexes,Guarantees faster joins,Eliminates storage costs,A,Data Analytics,SQL Performance Optimization,60
DA_2778,Which experiment design randomly assigns groups rather than individuals?,Cluster Randomized Trial,Crossover Trial,Factorial Design,Case-Control Study,A,Data Analytics,Advanced Analytics and Experimentation,69
DA_2779,Which SQL operator is most likely to appear when combining sorted datasets efficiently?,Merge Join,Nested Loop,Filter,Compute Scalar,A,Data Analytics,SQL Performance Optimization,56
DA_2780,Why is forecast explainability important?,Helps stakeholders understand and trust model outputs,Reduces storage requirements,Improves indexing,Eliminates uncertainty,A,Data Analytics,Advanced Analytics and Experimentation,51
DA_2781,What is the purpose of query parallelism?,Distribute workload across multiple processors,Reduce data quality issues,Create indexes automatically,Improve normalization,A,Data Analytics,SQL Performance Optimization,58
DA_2782,Which metric is most appropriate for evaluating absolute forecast error magnitude?,MAE,R-Squared,Confidence Interval Width,Lift,A,Data Analytics,Advanced Analytics and Experimentation,58
DA_2783,Why can SELECT * negatively impact performance in analytical systems?,Retrieves unnecessary columns and increases I/O,Deletes indexes,Reduces caching,Disables statistics,A,Data Analytics,SQL Performance Optimization,75
DA_2784,What is incrementality testing primarily designed to measure?,Outcomes directly caused by an intervention,Overall business growth only,Forecast variance,Sampling error,A,Data Analytics,Advanced Analytics and Experimentation,56
DA_2785,Which SQL optimization technique avoids accessing the base table by storing required columns in an index?,Covering Index,Hash Join,Recursive CTE,Partition Pruning,A,Data Analytics,SQL Performance Optimization,67
DA_2786,What is a structural break in forecasting?,A sudden change in the underlying data-generating process,A missing value problem,A confidence interval issue,A database outage,A,Data Analytics,Advanced Analytics and Experimentation,69
DA_2787,Which ranking function assigns consecutive ranks without gaps when ties occur?,DENSE_RANK(),RANK(),ROW_NUMBER(),NTILE(),A,Data Analytics,SQL Performance Optimization,51
DA_2788,Why is sample size estimation performed before launching experiments?,Ensure sufficient power to detect meaningful effects,Reduce confidence levels,Increase bias,Improve forecasting speed,A,Data Analytics,Advanced Analytics and Experimentation,65
DA_2789,Which SQL performance metric is commonly monitored to assess CPU-intensive queries?,CPU Time,Row Count Only,Partition Count,Index Count,A,Data Analytics,SQL Performance Optimization,63
DA_2790,What is the primary objective of advanced causal analytics?,Understand and quantify cause-and-effect relationships,Increase database speed,Reduce storage costs,Improve dashboard design,A,Data Analytics,Advanced Analytics and Experimentation,71
DA_2791,Which SQL optimization technique is most effective when a query repeatedly accesses a small lookup table?,Table Partitioning,Table Replication in Memory,Recursive CTE,Full Table Scan,B,Data Analytics,SQL Performance Optimization,53
DA_2792,What is the primary purpose of a synthetic control group in causal inference?,Create additional treatments,Estimate counterfactual outcomes when randomization is unavailable,Reduce sample size,Improve forecasting accuracy,B,Data Analytics,Advanced Analytics and Experimentation,52
DA_2793,Which execution plan operator is commonly used when joining a small indexed table to a larger table?,Hash Join,Nested Loop Join,Merge Join,Bitmap Filter,B,Data Analytics,SQL Performance Optimization,53
DA_2794,Why is treatment randomization critical for unbiased causal estimates?,It increases statistical power automatically,It balances observed and unobserved confounders across groups,It guarantees significance,It reduces forecast variance,B,Data Analytics,Advanced Analytics and Experimentation,59
DA_2795,Which SQL feature is best suited for calculating percentiles over large datasets?,GROUP BY,DENSE_RANK(),PERCENTILE_CONT(),UNION,C,Data Analytics,SQL Performance Optimization,66
DA_2796,What is the main objective of Bayesian updating?,Adjust beliefs after observing new evidence,Reduce sample size,Eliminate uncertainty,Increase variance,A,Data Analytics,Advanced Analytics and Experimentation,74
DA_2797,Which indexing issue occurs when index pages are no longer stored contiguously?,Index Fragmentation,Index Selectivity,Index Coverage,Index Compression,A,Data Analytics,SQL Performance Optimization,63
DA_2798,Which forecasting metric measures the average squared prediction error?,MAE,MAPE,MSE,Median Absolute Error,C,Data Analytics,Advanced Analytics and Experimentation,69
DA_2799,What is the purpose of bitmap filtering in query execution?,Reduce rows flowing between operators using bitmap checks,Compress indexes,Sort data faster,Create partitions,A,Data Analytics,SQL Performance Optimization,68
DA_2800,Which principle is central to advanced experimentation frameworks?,Making evidence-based decisions through reliable causal measurement,Eliminating uncertainty completely,Replacing forecasting models,Reducing storage costs,A,Data Analytics,Advanced Analytics and Experimentation,71
DA_2801,Which SQL optimization technique is most effective for reducing repeated calculations in dashboard queries?,Recursive CTEs,Materialized Views,CROSS JOINs,Temporary Tables,B,Data Analytics,SQL Performance Optimization,62
DA_2802,What is the primary purpose of inverse probability weighting in causal inference?,Reduce selection bias in observational data,Increase sample size,Improve forecasting accuracy,Reduce variance only,A,Data Analytics,Advanced Analytics and Experimentation,62
DA_2803,Which execution plan operator is typically used for equality joins on large unsorted datasets?,Nested Loop Join,Hash Join,Merge Join,Sort,B,Data Analytics,SQL Performance Optimization,51
DA_2804,Why is statistical power analysis important before running an experiment?,Estimate required sample size to detect meaningful effects,Reduce variance,Increase significance automatically,Create confidence intervals,A,Data Analytics,Advanced Analytics and Experimentation,70
DA_2805,Which SQL window function can be used to calculate the difference between current and previous values?,ROW_NUMBER(),NTILE(),LAG(),RANK(),C,Data Analytics,SQL Performance Optimization,58
DA_2806,What is a major benefit of Bayesian experimentation for decision makers?,Direct probability statements about treatment performance,Guaranteed significance,No need for data collection,Elimination of uncertainty,A,Data Analytics,Advanced Analytics and Experimentation,67
DA_2807,Which indexing strategy is best suited for analytical workloads with frequent aggregations?,Columnstore Index,Heap Storage,XML Index,Unique Index,A,Data Analytics,SQL Performance Optimization,71
DA_2808,What does treatment effect heterogeneity analysis seek to identify?,Variability in outcomes across subgroups,Forecast bias,Database performance,Sample size adequacy,A,Data Analytics,Advanced Analytics and Experimentation,70
DA_2809,Which SQL optimization method minimizes data transfer from external systems?,Predicate Pushdown,Recursive Queries,Temporary Tables,UNION ALL,A,Data Analytics,SQL Performance Optimization,72
DA_2810,What is the primary objective of uplift modeling?,Estimate incremental impact of interventions,Forecast demand,Reduce dimensionality,Improve clustering,A,Data Analytics,Advanced Analytics and Experimentation,57
DA_2811,Which execution plan metric helps identify excessive disk activity?,Logical Reads,Physical Reads Only,Page Splits,Row Count,A,Data Analytics,SQL Performance Optimization,59
DA_2812,Why are placebo tests useful in causal studies?,Detect spurious treatment effects when no intervention exists,Increase sample size,Improve power,Reduce variance,A,Data Analytics,Advanced Analytics and Experimentation,67
DA_2813,Which SQL ranking function assigns unique row numbers regardless of ties?,RANK(),ROW_NUMBER(),DENSE_RANK(),NTILE(),B,Data Analytics,SQL Performance Optimization,60
DA_2814,What is concept drift in forecasting?,Change in underlying data patterns over time,Seasonal variation,Sampling bias,Confidence interval widening,A,Data Analytics,Advanced Analytics and Experimentation,54
DA_2815,Which partitioning strategy is most effective for time-series data warehouses?,Hash Partitioning,Range Partitioning by Date,List Partitioning,Round-Robin Partitioning,B,Data Analytics,SQL Performance Optimization,72
DA_2816,What is the main goal of interrupted time series analysis?,Estimate causal effects of interventions occurring at specific times,Reduce variance,Forecast demand,Improve clustering,A,Data Analytics,Advanced Analytics and Experimentation,57
DA_2817,Which SQL object can store pre-aggregated analytical results for faster reporting?,Materialized View,Trigger,Constraint,Sequence,A,Data Analytics,SQL Performance Optimization,57
DA_2818,What is the advantage of rolling-origin validation in forecasting?,Preserves temporal ordering while evaluating models,Increases sample size,Eliminates seasonality,Reduces bias,A,Data Analytics,Advanced Analytics and Experimentation,58
DA_2819,Which SQL execution plan warning commonly indicates insufficient memory allocation?,Missing Index,Spill to TempDB,Unused Index,Syntax Warning,B,Data Analytics,SQL Performance Optimization,74
DA_2820,Why is external validity important in experimentation?,Determines whether findings generalize beyond the study sample,Improves internal consistency,Reduces variance,Increases effect size,A,Data Analytics,Advanced Analytics and Experimentation,74
DA_2821,Which indexing characteristic measures how uniquely values identify rows?,Fragmentation,Coverage,Selectivity,Compression,C,Data Analytics,SQL Performance Optimization,58
DA_2822,What is the purpose of forecast scenario analysis?,Evaluate outcomes under different future assumptions,Increase statistical power,Reduce uncertainty completely,Create confidence intervals,A,Data Analytics,Advanced Analytics and Experimentation,66
DA_2823,Which SQL operator is most effective for combining sorted datasets?,Hash Join,Merge Join,Nested Loop Join,Filter,B,Data Analytics,SQL Performance Optimization,62
DA_2824,What does a prediction interval estimate?,Range of future observations,Population mean only,p-value only,Effect size only,A,Data Analytics,Advanced Analytics and Experimentation,65
DA_2825,Which SQL optimization technique improves performance by storing frequently accessed data in memory?,Buffer Cache,CROSS JOIN,Recursive CTE,UNION,A,Data Analytics,SQL Performance Optimization,58
DA_2826,Why is randomization considered the gold standard in experimentation?,Balances confounders and supports causal inference,Guarantees significance,Reduces variance to zero,Improves forecasting accuracy,A,Data Analytics,Advanced Analytics and Experimentation,72
DA_2827,Which SQL function is commonly used to compute cumulative totals?,COUNT(),SUM() OVER(),MAX(),AVG(),B,Data Analytics,SQL Performance Optimization,59
DA_2828,What is the primary objective of sensitivity analysis?,Assess robustness of conclusions to changing assumptions,Reduce sample size,Increase significance,Improve indexing,A,Data Analytics,Advanced Analytics and Experimentation,53
DA_2829,Which execution plan issue often results from parameter sniffing?,Plans optimized for atypical parameter values,Index corruption,Missing statistics,Partition failures,A,Data Analytics,SQL Performance Optimization,72
DA_2830,What is forecast bias?,Systematic tendency to overpredict or underpredict,Random forecasting error,Confidence interval width,Seasonality strength,A,Data Analytics,Advanced Analytics and Experimentation,71
DA_2831,Which SQL optimization strategy is most effective when queries frequently access a subset of rows based on a fixed condition?,Clustered Index,Filtered Index,Heap Table,Cross Join,B,Data Analytics,SQL Performance Optimization,66
DA_2832,What is the primary benefit of causal impact analysis?,Estimate the effect of an intervention using observational time-series data,Improve query performance,Reduce variance,Increase sample size,A,Data Analytics,Advanced Analytics and Experimentation,65
DA_2833,Which execution plan operator is typically used when sorted inputs are available for joining?,Hash Join,Merge Join,Nested Loop Join,Key Lookup,B,Data Analytics,SQL Performance Optimization,74
DA_2834,Why is statistical power reduced when effect size decreases?,Smaller effects are harder to distinguish from random variation,Confidence intervals shrink,p-values become larger automatically,Variance disappears,A,Data Analytics,Advanced Analytics and Experimentation,54
DA_2835,Which SQL feature allows referencing a future row value within a partition?,LAG(),ROW_NUMBER(),LEAD(),RANK(),C,Data Analytics,SQL Performance Optimization,70
DA_2836,What is the purpose of mediation analysis?,Understand the mechanism through which a treatment influences an outcome,Forecast future values,Reduce variance,Improve clustering,A,Data Analytics,Advanced Analytics and Experimentation,66
DA_2837,Which indexing technique improves performance by storing all required query columns in the index?,Bitmap Index,Covering Index,Hash Index,XML Index,B,Data Analytics,SQL Performance Optimization,60
DA_2838,What does a Type II error represent?,Rejecting a true null hypothesis,Failing to reject a false null hypothesis,Forecast bias,Sampling error,B,Data Analytics,Advanced Analytics and Experimentation,61
DA_2839,Which SQL optimization technique reduces repeated evaluation of complex expressions?,Computed Columns,Recursive CTEs,Cross Joins,Triggers,A,Data Analytics,SQL Performance Optimization,55
DA_2840,What is the main purpose of Bayesian posterior distributions?,Represent updated uncertainty after observing data,Increase statistical power,Reduce sample size,Improve forecasting speed,A,Data Analytics,Advanced Analytics and Experimentation,61
DA_2841,Which partitioning approach distributes rows evenly across partitions using a hash function?,Range Partitioning,List Partitioning,Hash Partitioning,Composite Partitioning,C,Data Analytics,SQL Performance Optimization,63
DA_2842,What is the key objective of treatment uplift segmentation?,Identify subgroups with different incremental responses,Forecast sales,Reduce variance,Increase confidence intervals,A,Data Analytics,Advanced Analytics and Experimentation,65
DA_2843,Which SQL performance issue occurs when the optimizer underestimates row counts significantly?,Plan Regression,Cardinality Estimation Error,Index Compression,Schema Drift,B,Data Analytics,SQL Performance Optimization,56
DA_2844,Why is forecast calibration important?,Ensures predicted probabilities align with observed outcomes,Reduces sample size,Improves SQL performance,Eliminates uncertainty,A,Data Analytics,Advanced Analytics and Experimentation,66
DA_2845,Which execution plan operator commonly appears when aggregating large datasets?,Hash Aggregate,Key Lookup,Filter,Nested Loop,A,Data Analytics,SQL Performance Optimization,65
DA_2846,What is a major limitation of observational causal inference studies?,Potential unmeasured confounding,Excessive power,Too many samples,Perfect randomization,A,Data Analytics,Advanced Analytics and Experimentation,61
DA_2847,Which SQL function is most useful for assigning percentile rankings?,ROW_NUMBER(),PERCENT_RANK(),COUNT(),AVG(),B,Data Analytics,SQL Performance Optimization,70
DA_2848,What is the purpose of sequential testing methods?,Allow interim analyses while controlling error rates,Reduce sample size to zero,Increase variance,Improve forecasting accuracy,A,Data Analytics,Advanced Analytics and Experimentation,52
DA_2849,Which SQL optimization technique helps avoid unnecessary table access in analytical queries?,Index-Only Scan,Cross Join,Trigger Execution,Schema Replication,A,Data Analytics,SQL Performance Optimization,52
DA_2850,What is the primary benefit of scenario-based forecasting?,Evaluates multiple plausible future outcomes,Guarantees accuracy,Reduces uncertainty completely,Improves indexing,A,Data Analytics,Advanced Analytics and Experimentation,62
DA_2851,Which SQL metric measures elapsed execution duration from start to finish?,Execution Time,Logical Reads,Buffer Hits,Page Density,A,Data Analytics,SQL Performance Optimization,66
DA_2852,What is the purpose of a synthetic control method?,Create a weighted comparison group for causal inference,Reduce variance,Forecast seasonality,Improve SQL performance,A,Data Analytics,Advanced Analytics and Experimentation,69
DA_2853,Which indexing structure is particularly effective for star-schema analytics in data warehouses?,Bitmap Index,B-Tree Only,Heap Table,XML Index,A,Data Analytics,SQL Performance Optimization,52
DA_2854,What is the primary objective of incrementality measurement?,Quantify outcomes directly caused by an intervention,Measure total traffic only,Reduce forecasting error,Increase statistical power,A,Data Analytics,Advanced Analytics and Experimentation,67
DA_2855,Which SQL execution plan feature indicates workload distribution across multiple processors?,Parallelism Operator,Filter Operator,Sort Operator,Compute Scalar,A,Data Analytics,SQL Performance Optimization,64
DA_2856,Why are confidence intervals preferred over point estimates alone?,They communicate uncertainty around estimates,They eliminate variance,They guarantee significance,They reduce bias,A,Data Analytics,Advanced Analytics and Experimentation,74
DA_2857,Which SQL window function is commonly used for calculating rolling averages?,AVG() OVER(),COUNT(),MIN(),MAX(),A,Data Analytics,SQL Performance Optimization,66
DA_2858,What is regression to the mean?,Extreme observations tend to move closer to the average over time,A forecasting model,A query optimization method,A clustering technique,A,Data Analytics,Advanced Analytics and Experimentation,55
DA_2859,Which SQL optimization issue can occur when statistics become outdated after major data changes?,Cardinality Misestimation,Index Compression,Query Parallelism,Partition Alignment,A,Data Analytics,SQL Performance Optimization,60
DA_2860,What is the ultimate goal of advanced experimentation programs?,Enable reliable evidence-based business decision making,Eliminate uncertainty completely,Replace forecasting models,Reduce storage costs,A,Data Analytics,Advanced Analytics and Experimentation,67
DA_2861,Which SQL optimization technique is most effective for improving performance of queries that repeatedly access aggregated data?,Recursive CTEs,Materialized Views,CROSS JOINs,Triggers,B,Data Analytics,SQL Performance Optimization,63
DA_2862,What is the primary purpose of a falsification test in causal analysis?,Verify whether estimated effects appear where no effect should exist,Increase sample size,Reduce variance,Improve forecasting accuracy,A,Data Analytics,Advanced Analytics and Experimentation,66
DA_2863,Which execution plan operator is typically used when joining a very small table to a large indexed table?,Hash Join,Nested Loop Join,Merge Join,Sort,B,Data Analytics,SQL Performance Optimization,59
DA_2864,Why is effect size important in experimentation?,Measures practical importance beyond statistical significance,Reduces sample size,Guarantees significance,Improves forecasting,A,Data Analytics,Advanced Analytics and Experimentation,74
DA_2865,Which SQL function can divide rows into quartiles for segmentation analysis?,ROW_NUMBER(),NTILE(4),RANK(),LEAD(),B,Data Analytics,SQL Performance Optimization,54
DA_2866,What is the key objective of propensity score matching?,Reduce selection bias in observational studies,Increase significance levels,Reduce variance only,Improve clustering,A,Data Analytics,Advanced Analytics and Experimentation,74
DA_2867,Which indexing issue often results in increased page reads and slower scans?,Index Fragmentation,Index Coverage,Index Selectivity,Index Compression,A,Data Analytics,SQL Performance Optimization,66
DA_2868,What is the purpose of forecast uncertainty estimation?,Quantify the range of possible future outcomes,Increase accuracy,Reduce variance,Improve indexing,A,Data Analytics,Advanced Analytics and Experimentation,73
DA_2869,Which SQL optimization method minimizes unnecessary column retrieval in columnar databases?,Column Pruning,Partition Switching,CROSS APPLY,Recursive CTE,A,Data Analytics,SQL Performance Optimization,61
DA_2870,Why is random assignment essential for internal validity?,Balances confounding influences between groups,Increases external validity,Guarantees significance,Reduces seasonality,A,Data Analytics,Advanced Analytics and Experimentation,57
DA_2871,Which SQL execution plan metric reflects memory allocated to a query operation?,Memory Grant,Logical Reads,CPU Time,Row Count,A,Data Analytics,SQL Performance Optimization,67
DA_2872,What is the primary goal of treatment effect estimation?,Measure the causal impact of an intervention,Forecast demand,Reduce variance,Improve SQL performance,A,Data Analytics,Advanced Analytics and Experimentation,72
DA_2873,Which SQL feature is most useful for hierarchical organizational reporting structures?,Recursive CTE,Window Aggregate,Hash Join,Temporary Table,A,Data Analytics,SQL Performance Optimization,63
DA_2874,What does forecast robustness refer to?,Stability of forecasts under changing assumptions,Forecast speed,Data volume,Seasonality strength,A,Data Analytics,Advanced Analytics and Experimentation,54
DA_2875,Which SQL optimization strategy helps reduce repeated scans of large fact tables?,Aggregate Tables,Removing Indexes,Heap Storage,Cross Joins,A,Data Analytics,SQL Performance Optimization,64
DA_2876,What is the main purpose of heterogeneity analysis?,Identify variation in treatment effects across segments,Increase sample size,Reduce variance,Improve forecasting accuracy,A,Data Analytics,Advanced Analytics and Experimentation,60
DA_2877,Which SQL ranking function assigns equal ranks but leaves gaps after ties?,DENSE_RANK(),ROW_NUMBER(),RANK(),NTILE(),C,Data Analytics,SQL Performance Optimization,60
DA_2878,What is a common consequence of omitted variable bias?,Distorted causal effect estimates,Improved accuracy,Reduced variance,Better forecasting,A,Data Analytics,Advanced Analytics and Experimentation,60
DA_2879,Which SQL optimization concept involves moving filters closer to the data source?,Predicate Pushdown,Partition Switching,Window Framing,Recursive Expansion,A,Data Analytics,SQL Performance Optimization,62
DA_2880,Why is external validity critical for business experimentation?,Determines whether results generalize to real-world populations,Improves significance,Reduces bias,Increases sample size,A,Data Analytics,Advanced Analytics and Experimentation,52
DA_2881,Which SQL index type is most commonly used for high-cardinality lookup columns?,B-Tree Index,Bitmap Index,Heap Table,XML Index,A,Data Analytics,SQL Performance Optimization,73
DA_2882,What is the purpose of backtesting in forecasting?,Evaluate model performance on historical unseen periods,Increase sample size,Reduce seasonality,Improve clustering,A,Data Analytics,Advanced Analytics and Experimentation,59
DA_2883,Which SQL execution plan warning often signals inaccurate optimizer estimates?,Estimated vs Actual Row Count Mismatch,Unused Alias Warning,Duplicate Key Warning,Missing Constraint Warning,A,Data Analytics,SQL Performance Optimization,55
DA_2884,What is the primary objective of incrementality testing?,Measure outcomes directly attributable to an intervention,Forecast future sales,Reduce variance,Improve indexing,A,Data Analytics,Advanced Analytics and Experimentation,58
DA_2885,Which SQL feature supports calculations across rows without collapsing result sets?,Window Functions,GROUP BY,UNION,HAVING,A,Data Analytics,SQL Performance Optimization,71
DA_2886,Why is statistical power analysis performed before experiments?,Determine required sample size for detecting meaningful effects,Increase significance automatically,Reduce variance,Improve forecasts,A,Data Analytics,Advanced Analytics and Experimentation,64
DA_2887,Which SQL optimization approach can reduce storage and improve scan performance simultaneously?,Columnstore Compression,Heap Storage,Temporary Tables,Recursive Views,A,Data Analytics,SQL Performance Optimization,57
DA_2888,What is a structural break in time series forecasting?,A sudden change in underlying relationships or patterns,Seasonal fluctuation,Missing value issue,Forecast interval widening,A,Data Analytics,Advanced Analytics and Experimentation,57
DA_2889,Which SQL metric measures processor resources consumed by a query?,CPU Time,Page Count,Partition Count,Constraint Count,A,Data Analytics,SQL Performance Optimization,59
DA_2890,What is the primary benefit of Bayesian decision frameworks?,Support decision-making under uncertainty using probability distributions,Eliminate uncertainty,Reduce sample size,Improve indexing,A,Data Analytics,Advanced Analytics and Experimentation,53
DA_2891,Which SQL optimization technique is most effective for reducing I/O when only a few columns are required from a large table?,SELECT *,Column Pruning,Full Table Scan,CROSS JOIN,B,Data Analytics,SQL Performance Optimization,64
DA_2892,What is the primary purpose of confidence intervals in causal effect estimation?,Guarantee significance,Provide a range of plausible treatment effects,Increase sample size,Reduce variance,B,Data Analytics,Advanced Analytics and Experimentation,67
DA_2893,Which execution plan operator is generally preferred when both joined datasets are already sorted?,Hash Join,Merge Join,Nested Loop Join,Key Lookup,B,Data Analytics,SQL Performance Optimization,68
DA_2894,Why is sensitivity analysis valuable in forecasting?,It evaluates how results change under different assumptions,It eliminates uncertainty,It guarantees accuracy,It reduces sample size,A,Data Analytics,Advanced Analytics and Experimentation,62
DA_2895,Which SQL feature is commonly used to calculate cumulative percentages across ordered rows?,GROUP BY,Window Functions,UNION,HAVING,B,Data Analytics,SQL Performance Optimization,72
DA_2896,What is the primary objective of a holdout group in incrementality testing?,Increase treatment size,Provide a baseline for causal comparison,Improve forecast accuracy,Reduce variance,B,Data Analytics,Advanced Analytics and Experimentation,64
DA_2897,Which SQL indexing characteristic indicates how effectively an index narrows search results?,Compression Ratio,Selectivity,Fragmentation Level,Fill Factor,B,Data Analytics,SQL Performance Optimization,63
DA_2898,What does forecast bias indicate?,Systematic overprediction or underprediction,Random forecasting error,Seasonality strength,Confidence interval width,A,Data Analytics,Advanced Analytics and Experimentation,64
DA_2899,Which SQL optimization strategy is particularly useful for large reporting workloads with repeated aggregations?,Materialized Views,Recursive Queries,Temporary Constraints,Cross Joins,A,Data Analytics,SQL Performance Optimization,59
DA_2900,What is the ultimate goal of advanced analytics experimentation frameworks?,Enable reliable evidence-based business decision making,Eliminate all uncertainty,Replace forecasting models,Reduce database storage costs,A,Data Analytics,Advanced Analytics and Experimentation,69
DA_2901,Which SQL optimization technique is most effective when a query repeatedly accesses a small subset of rows based on a fixed condition?,Heap Tables,Filtered Indexes,Cross Joins,Recursive CTEs,B,Data Analytics,SQL Performance Optimization,52
DA_2902,What is the primary objective of Bayesian A/B testing?,Estimate probability that one variant outperforms another,Guarantee significance,Reduce sample size,Increase effect size,A,Data Analytics,Advanced Analytics and Experimentation,61
DA_2903,Which execution plan operator is most efficient when joining a small indexed table with a large table using selective predicates?,Merge Join,Hash Join,Nested Loop Join,Sort,C,Data Analytics,SQL Performance Optimization,67
DA_2904,Why is treatment assignment concealment important in experimentation?,Prevents allocation bias before assignment,Improves forecast accuracy,Increases power automatically,Reduces variance,A,Data Analytics,Advanced Analytics and Experimentation,52
DA_2905,Which SQL feature enables ranking records while preserving all rows in the result set?,Window Functions,Aggregate Functions,UNION,HAVING,A,Data Analytics,SQL Performance Optimization,69
DA_2906,What is the primary benefit of forecast ensembles?,Combine strengths of multiple models to improve robustness,Eliminate uncertainty,Reduce storage requirements,Remove seasonality,A,Data Analytics,Advanced Analytics and Experimentation,57
DA_2907,Which indexing strategy is most suitable for analytical queries scanning billions of rows with aggregations?,Columnstore Index,XML Index,Hash Index,Heap Storage,A,Data Analytics,SQL Performance Optimization,68
DA_2908,What does treatment effect heterogeneity analysis reveal?,Differences in treatment effects across segments,Forecast accuracy,Sampling bias,Database performance,A,Data Analytics,Advanced Analytics and Experimentation,63
DA_2909,Which SQL optimization technique minimizes unnecessary row movement in distributed systems?,Predicate Pushdown,CROSS JOIN,Recursive Query Expansion,Temp Table Replication,A,Data Analytics,SQL Performance Optimization,55
DA_2910,What is the purpose of a placebo analysis?,Detect whether observed effects may be spurious,Increase power,Reduce confidence interval width,Improve forecasting accuracy,A,Data Analytics,Advanced Analytics and Experimentation,68
DA_2911,Which SQL execution plan metric measures the number of data pages accessed logically?,CPU Time,Logical Reads,Elapsed Time,Memory Grant,B,Data Analytics,SQL Performance Optimization,73
DA_2912,Why is external validity important for experimentation programs?,Ensures findings can generalize beyond the study sample,Improves randomization,Reduces variance,Increases sample size,A,Data Analytics,Advanced Analytics and Experimentation,74
DA_2913,Which SQL ranking function assigns the same rank to ties and skips subsequent ranks?,ROW_NUMBER(),DENSE_RANK(),RANK(),NTILE(),C,Data Analytics,SQL Performance Optimization,74
DA_2914,What is the primary objective of incrementality testing?,Measure outcomes directly caused by an intervention,Forecast future sales,Reduce forecasting variance,Improve clustering,A,Data Analytics,Advanced Analytics and Experimentation,66
DA_2915,Which SQL optimization approach reduces repeated execution of expensive calculations?,Computed Columns,Recursive Views,Temporary Constraints,Cross Joins,A,Data Analytics,SQL Performance Optimization,65
DA_2916,What is forecast drift?,Gradual degradation of forecast performance due to changing patterns,Seasonality,Sampling bias,Confidence interval expansion,A,Data Analytics,Advanced Analytics and Experimentation,58
DA_2917,Which partitioning strategy is generally preferred for large time-series fact tables?,List Partitioning,Hash Partitioning,Range Partitioning by Date,Round Robin,C,Data Analytics,SQL Performance Optimization,65
DA_2918,Why is sample size estimation performed before experimentation?,Ensure sufficient power to detect meaningful effects,Reduce bias,Increase confidence levels,Improve forecasting speed,A,Data Analytics,Advanced Analytics and Experimentation,75
DA_2919,Which SQL feature supports calculations such as running totals without collapsing detail rows?,GROUP BY,HAVING,Window Functions,UNION,C,Data Analytics,SQL Performance Optimization,51
DA_2920,What is a structural break in forecasting?,A sudden change in underlying relationships affecting predictions,Seasonality,Random error,Sampling bias,A,Data Analytics,Advanced Analytics and Experimentation,67
DA_2921,Which SQL optimization issue occurs when statistics no longer reflect current data distributions?,Cardinality Estimation Error,Index Compression,Parallelism,Partition Elimination,A,Data Analytics,SQL Performance Optimization,65
DA_2922,What is the main advantage of Bayesian decision-making frameworks?,Support decisions using probability distributions and uncertainty estimates,Guarantee accuracy,Reduce sample size,Improve SQL execution,A,Data Analytics,Advanced Analytics and Experimentation,64
DA_2923,Which execution plan operator commonly appears when aggregating large unsorted datasets?,Hash Aggregate,Nested Loop,Key Lookup,Filter,A,Data Analytics,SQL Performance Optimization,64
DA_2924,Why are confidence intervals useful in experimentation?,They quantify uncertainty around estimated effects,Guarantee significance,Reduce bias,Increase sample size,A,Data Analytics,Advanced Analytics and Experimentation,60
DA_2925,Which SQL index characteristic indicates how uniquely values identify rows?,Fragmentation,Coverage,Selectivity,Compression,C,Data Analytics,SQL Performance Optimization,52
DA_2926,What is the purpose of interrupted time series analysis?,Estimate intervention effects using time-based observations,Reduce variance,Forecast seasonality,Improve clustering,A,Data Analytics,Advanced Analytics and Experimentation,56
DA_2927,Which SQL optimization strategy is particularly useful for dashboards with repeated summary queries?,Materialized Views,Recursive CTEs,Cross Joins,Temporary Constraints,A,Data Analytics,SQL Performance Optimization,67
DA_2928,What is the primary objective of causal inference?,Estimate cause-and-effect relationships from data,Forecast future demand,Reduce variance,Improve indexing,A,Data Analytics,Advanced Analytics and Experimentation,55
DA_2929,Which SQL function can be used to access the next row value within a partition?,LAG(),LEAD(),RANK(),NTILE(),B,Data Analytics,SQL Performance Optimization,55
DA_2930,Why is sensitivity analysis important in forecasting?,Assesses robustness of conclusions under different assumptions,Eliminates uncertainty,Improves randomization,Reduces variance,A,Data Analytics,Advanced Analytics and Experimentation,65
DA_2931,Which SQL optimization technique is most effective for eliminating unnecessary table lookups when all required columns are stored in an index?,Heap Storage,Covering Index,Partition Switching,Recursive CTE,B,Data Analytics,SQL Performance Optimization,65
DA_2932,What is the primary purpose of a synthetic control method in causal analysis?,Create additional treatments,Construct a weighted comparison group,Increase sample size,Reduce variance,B,Data Analytics,Advanced Analytics and Experimentation,70
DA_2933,Which execution plan operator is most likely to benefit from parallel query execution on large datasets?,Nested Loop Join,Hash Aggregate,Key Lookup,Compute Scalar,B,Data Analytics,SQL Performance Optimization,61
DA_2934,Why is treatment effect heterogeneity important in business analytics?,It identifies segments with different responses to interventions,It guarantees significance,It eliminates bias,It reduces variance,A,Data Analytics,Advanced Analytics and Experimentation,55
DA_2935,Which SQL ranking function assigns consecutive ranks without gaps after ties?,RANK(),ROW_NUMBER(),DENSE_RANK(),NTILE(),C,Data Analytics,SQL Performance Optimization,51
DA_2936,What is the primary objective of multivariate experimentation?,Test multiple variables and their interactions simultaneously,Reduce sample size,Increase significance,Improve forecasting accuracy,A,Data Analytics,Advanced Analytics and Experimentation,61
DA_2937,Which SQL performance issue commonly results from parameter sniffing?,Index corruption,Suboptimal plans for atypical parameter values,Missing partitions,Duplicate indexes,B,Data Analytics,SQL Performance Optimization,61
DA_2938,What does forecast calibration evaluate?,Alignment between predicted probabilities and observed outcomes,Forecast speed,Data quality,Seasonality strength,A,Data Analytics,Advanced Analytics and Experimentation,56
DA_2939,Which SQL optimization strategy is particularly effective for reducing storage and improving scan speed in analytics databases?,Columnstore Compression,Heap Tables,Cross Joins,Temporary Constraints,A,Data Analytics,SQL Performance Optimization,73
DA_2940,What is a common benefit of Bayesian experimentation frameworks?,Probability-based decision support under uncertainty,Guaranteed significance,Reduced sample size,Elimination of variance,A,Data Analytics,Advanced Analytics and Experimentation,58
DA_2941,Which SQL metric measures processor resources consumed during query execution?,Logical Reads,CPU Time,Page Density,Index Count,B,Data Analytics,SQL Performance Optimization,52
DA_2942,Why is external validity critical when scaling experimental findings?,Ensures conclusions generalize to broader populations,Improves statistical power,Reduces variance,Guarantees significance,A,Data Analytics,Advanced Analytics and Experimentation,65
DA_2943,Which SQL function is most useful for dividing records into deciles?,ROW_NUMBER(),RANK(),NTILE(10),DENSE_RANK(),C,Data Analytics,SQL Performance Optimization,73
DA_2944,What is the primary purpose of uplift modeling in marketing analytics?,Measure incremental impact of campaigns,Forecast demand,Reduce variance,Improve segmentation accuracy,A,Data Analytics,Advanced Analytics and Experimentation,72
DA_2945,Which SQL optimization approach reduces data transfer by applying filters at the source?,Predicate Pushdown,Window Framing,Recursive Expansion,Partition Switching,A,Data Analytics,SQL Performance Optimization,59
DA_2946,What is forecast uncertainty primarily intended to communicate?,Range of plausible future outcomes,Guaranteed future values,Forecast speed,Data completeness,A,Data Analytics,Advanced Analytics and Experimentation,65
DA_2947,Which execution plan operator is commonly used for equality joins between very large unsorted tables?,Merge Join,Nested Loop Join,Hash Join,Key Lookup,C,Data Analytics,SQL Performance Optimization,58
DA_2948,Why are placebo tests included in advanced experimentation workflows?,Detect potential false-positive treatment effects,Increase sample size,Improve forecasting,Reduce confidence intervals,A,Data Analytics,Advanced Analytics and Experimentation,66
DA_2949,Which SQL feature allows calculation of moving averages without collapsing result sets?,Aggregate Functions,Window Functions,UNION,HAVING,B,Data Analytics,SQL Performance Optimization,64
DA_2950,What is the purpose of backtesting in forecasting?,Evaluate predictive accuracy on historical unseen periods,Reduce variance,Increase significance,Improve indexing,A,Data Analytics,Advanced Analytics and Experimentation,65
DA_2951,Which SQL indexing characteristic is most important for highly selective lookup queries?,Fragmentation,Coverage,Selectivity,Compression,C,Data Analytics,SQL Performance Optimization,70
DA_2952,What is the primary objective of sensitivity analysis?,Assess how outcomes change under different assumptions,Reduce variance,Increase sample size,Improve clustering,A,Data Analytics,Advanced Analytics and Experimentation,63
DA_2953,Which SQL optimization technique helps avoid repeated aggregation of large fact tables?,Materialized Views,Heap Tables,Temporary Constraints,Cross Joins,A,Data Analytics,SQL Performance Optimization,59
DA_2954,Why is sample size estimation performed before running an experiment?,Ensure adequate power to detect meaningful effects,Guarantee significance,Reduce bias,Improve forecasting speed,A,Data Analytics,Advanced Analytics and Experimentation,51
DA_2955,Which SQL window function returns a value from a previous row within the same partition?,LEAD(),LAG(),NTILE(),ROW_NUMBER(),B,Data Analytics,SQL Performance Optimization,56
DA_2956,What is a major challenge of observational studies compared to randomized experiments?,Potential confounding bias,Excessive sample size,Too much power,Lack of data,A,Data Analytics,Advanced Analytics and Experimentation,58
DA_2957,Which SQL partitioning method is most suitable for time-based archival strategies?,Hash Partitioning,List Partitioning,Range Partitioning,Round Robin,C,Data Analytics,SQL Performance Optimization,70
DA_2958,What is the purpose of scenario analysis in forecasting?,Evaluate outcomes under multiple future assumptions,Guarantee forecast accuracy,Reduce seasonality,Increase significance,A,Data Analytics,Advanced Analytics and Experimentation,68
DA_2959,Which SQL execution plan warning often indicates memory pressure during query execution?,Missing Index,Spill to TempDB,Unused Statistics,Duplicate Key,B,Data Analytics,SQL Performance Optimization,68
DA_2960,What is the ultimate goal of advanced causal analytics?,Provide reliable evidence for decision-making by estimating causal effects,Improve database indexing,Reduce storage requirements,Eliminate uncertainty completely,A,Data Analytics,Advanced Analytics and Experimentation,67
DA_2961,Which SQL optimization technique is most effective for queries that frequently filter on a small subset of rows?,Heap Storage,Filtered Index,Cross Join,Recursive CTE,B,Data Analytics,SQL Performance Optimization,71
DA_2962,What is the primary purpose of a falsification test in causal inference?,Verify whether effects appear where none should exist,Increase sample size,Improve forecasting accuracy,Reduce variance,A,Data Analytics,Advanced Analytics and Experimentation,66
DA_2963,Which SQL execution plan operator is typically used when one input is small and indexed while the other is large?,Hash Join,Nested Loop Join,Merge Join,Sort,B,Data Analytics,SQL Performance Optimization,63
DA_2964,Why is effect size important in experimentation beyond p-values?,Measures practical significance of findings,Guarantees significance,Reduces sample size,Improves forecasting,A,Data Analytics,Advanced Analytics and Experimentation,72
DA_2965,Which SQL function is most appropriate for assigning rows into quartiles?,ROW_NUMBER(),RANK(),NTILE(4),DENSE_RANK(),C,Data Analytics,SQL Performance Optimization,54
DA_2966,What is the key benefit of propensity score matching?,Reduces selection bias in observational studies,Increases statistical power,Eliminates variance,Improves clustering,A,Data Analytics,Advanced Analytics and Experimentation,54
DA_2967,Which indexing issue can significantly increase random I/O operations?,Index Fragmentation,Index Selectivity,Index Compression,Covering Index,A,Data Analytics,SQL Performance Optimization,71
DA_2968,What is forecast uncertainty designed to quantify?,Range of plausible future outcomes,Exact future values,Forecast speed,Data completeness,A,Data Analytics,Advanced Analytics and Experimentation,64
DA_2969,Which SQL optimization method reduces unnecessary column retrieval in columnar systems?,Column Pruning,Recursive Views,Cross Joins,Triggers,A,Data Analytics,SQL Performance Optimization,55
DA_2970,Why is random assignment considered essential for internal validity?,Balances confounding variables across groups,Improves forecasting,Increases external validity,Reduces seasonality,A,Data Analytics,Advanced Analytics and Experimentation,66
DA_2971,Which SQL metric indicates memory reserved for query execution operations?,Memory Grant,Logical Reads,CPU Time,Page Density,A,Data Analytics,SQL Performance Optimization,64
DA_2972,What is the main objective of treatment effect estimation?,Measure causal impact of an intervention,Forecast demand,Reduce variance,Improve indexing,A,Data Analytics,Advanced Analytics and Experimentation,64
DA_2973,Which SQL feature is particularly useful for traversing hierarchical structures?,Recursive CTE,Hash Join,Window Frame,Temporary Table,A,Data Analytics,SQL Performance Optimization,64
DA_2974,What does forecast robustness refer to?,Stability of forecasts under varying assumptions,Forecast speed,Sample size adequacy,Seasonality strength,A,Data Analytics,Advanced Analytics and Experimentation,75
DA_2975,Which SQL optimization strategy helps reduce repeated scanning of large fact tables?,Aggregate Tables,Heap Storage,Recursive Queries,Cross Joins,A,Data Analytics,SQL Performance Optimization,74
DA_2976,What is heterogeneity analysis primarily used for?,Identify varying treatment effects across subgroups,Reduce variance,Increase significance,Improve forecasting accuracy,A,Data Analytics,Advanced Analytics and Experimentation,75
DA_2977,Which SQL ranking function leaves gaps in ranking when ties occur?,ROW_NUMBER(),DENSE_RANK(),RANK(),NTILE(),C,Data Analytics,SQL Performance Optimization,64
DA_2978,What is a common consequence of omitted variable bias?,Distorted causal estimates,Improved accuracy,Reduced variance,Better forecasting,A,Data Analytics,Advanced Analytics and Experimentation,69
DA_2979,Which SQL optimization concept applies filters as close as possible to the data source?,Predicate Pushdown,Partition Switching,Recursive Expansion,Window Framing,A,Data Analytics,SQL Performance Optimization,53
DA_2980,Why is external validity important in business experimentation?,Ensures findings generalize to target populations,Improves statistical power,Reduces bias,Increases effect size,A,Data Analytics,Advanced Analytics and Experimentation,67
DA_2981,Which SQL index type is most commonly used for highly selective equality searches?,B-Tree Index,Bitmap Index,Heap Table,XML Index,A,Data Analytics,SQL Performance Optimization,64
DA_2982,What is the purpose of backtesting in forecasting models?,Evaluate predictive performance using historical unseen data,Increase sample size,Reduce seasonality,Improve clustering,A,Data Analytics,Advanced Analytics and Experimentation,60
DA_2983,Which SQL execution plan discrepancy often signals optimizer estimation problems?,Estimated and Actual Row Count Mismatch,Unused Alias Warning,Duplicate Key Warning,Constraint Violation,A,Data Analytics,SQL Performance Optimization,63
DA_2984,What is the primary objective of incrementality measurement?,Quantify outcomes directly caused by an intervention,Forecast sales,Reduce forecasting variance,Improve indexing,A,Data Analytics,Advanced Analytics and Experimentation,72
DA_2985,Which SQL feature enables calculations across rows while retaining detail-level records?,Window Functions,GROUP BY,HAVING,UNION,A,Data Analytics,SQL Performance Optimization,54
DA_2986,Why is power analysis performed before experimentation?,Determine sample size needed to detect meaningful effects,Guarantee significance,Reduce bias,Improve forecasts,A,Data Analytics,Advanced Analytics and Experimentation,61
DA_2987,Which SQL optimization approach improves scan performance through compressed columnar storage?,Columnstore Indexes,Heap Tables,Temporary Constraints,Recursive Views,A,Data Analytics,SQL Performance Optimization,65
DA_2988,What is a structural break in forecasting?,A sudden change in underlying data relationships,Seasonal fluctuation,Missing value pattern,Confidence interval shift,A,Data Analytics,Advanced Analytics and Experimentation,65
DA_2989,Which SQL metric measures processor resources consumed by a query?,CPU Time,Page Count,Partition Count,Constraint Count,A,Data Analytics,SQL Performance Optimization,74
DA_2990,What is the primary benefit of Bayesian decision analysis?,Supports decisions under uncertainty using probability distributions,Eliminates uncertainty,Reduces sample size,Improves indexing,A,Data Analytics,Advanced Analytics and Experimentation,52
DA_2991,Which SQL optimization technique is most beneficial when a reporting query repeatedly computes the same expensive aggregation?,Recursive CTEs,Materialized Views,CROSS JOINs,Triggers,B,Data Analytics,SQL Performance Optimization,61
DA_2992,What is the primary purpose of confidence intervals in advanced experimentation?,Provide a plausible range for the true effect size,Guarantee statistical significance,Reduce variance,Increase sample size,A,Data Analytics,Advanced Analytics and Experimentation,52
DA_2993,Which execution plan operator is generally preferred when joining two large pre-sorted datasets?,Hash Join,Nested Loop Join,Merge Join,Key Lookup,C,Data Analytics,SQL Performance Optimization,73
DA_2994,Why is sensitivity analysis important for business forecasting?,It evaluates how outcomes change under alternative assumptions,It guarantees forecast accuracy,It reduces sample size,It eliminates uncertainty,A,Data Analytics,Advanced Analytics and Experimentation,55
DA_2995,Which SQL feature is most useful for computing cumulative percentages while preserving row-level detail?,GROUP BY,HAVING,Window Functions,UNION,C,Data Analytics,SQL Performance Optimization,63
DA_2996,What is the primary role of a holdout group in incrementality testing?,Increase experiment size,Provide a baseline for causal comparison,Improve forecast accuracy,Reduce variance,B,Data Analytics,Advanced Analytics and Experimentation,51
DA_2997,Which indexing characteristic determines how effectively an index filters rows?,Fragmentation,Coverage,Compression,Selectivity,D,Data Analytics,SQL Performance Optimization,57
DA_2998,What does forecast bias indicate in predictive analytics?,Systematic overprediction or underprediction,Random variation in forecasts,Seasonal fluctuations only,Data quality issues,A,Data Analytics,Advanced Analytics and Experimentation,57
DA_2999,Which SQL optimization strategy is especially useful for large dashboards with recurring summary queries?,Materialized Views,Recursive Queries,Temporary Constraints,Cross Joins,A,Data Analytics,SQL Performance Optimization,60
DA_3000,What is the ultimate objective of advanced experimentation frameworks in organizations?,Eliminate uncertainty completely,Replace forecasting models,Enable evidence-based decision making through causal measurement,Reduce database storage costs,C,Data Analytics,Advanced Analytics and Experimentation,56
DA_3001,Which SQL optimization technique is most effective when queries repeatedly access pre-aggregated business metrics?,Heap Tables,Materialized Views,Cross Joins,Triggers,B,Data Analytics,SQL Performance Optimization,70
DA_3002,What is the primary purpose of causal impact analysis in business analytics?,Estimate the effect of an intervention using observational data,Improve query speed,Reduce storage costs,Increase sample size,A,Data Analytics,Advanced Analytics and Experimentation,62
DA_3003,Which execution plan operator is typically most efficient when both join inputs are sorted?,Hash Join,Nested Loop Join,Merge Join,Key Lookup,C,Data Analytics,SQL Performance Optimization,63
DA_3004,What does statistical power primarily measure?,Probability of detecting a true effect,Probability null hypothesis is true,Confidence level,Forecast accuracy,A,Data Analytics,Advanced Analytics and Experimentation,74
DA_3005,Which SQL window function is used to access a subsequent row value?,LAG(),LEAD(),RANK(),NTILE(),B,Data Analytics,SQL Performance Optimization,61
DA_3006,Why are confidence intervals preferred over point estimates alone?,They quantify uncertainty around estimates,They guarantee accuracy,They eliminate bias,They increase significance,A,Data Analytics,Advanced Analytics and Experimentation,68
DA_3007,Which indexing approach is most suitable for analytical workloads with large scans and aggregations?,Hash Index,Columnstore Index,XML Index,Unique Index,B,Data Analytics,SQL Performance Optimization,52
DA_3008,What is the objective of uplift modeling?,Estimate incremental treatment effects,Forecast revenue,Reduce variance,Perform clustering,A,Data Analytics,Advanced Analytics and Experimentation,66
DA_3009,Which SQL optimization issue often occurs when statistics become outdated?,Cardinality estimation errors,Index compression,Parallel execution,Partition elimination,A,Data Analytics,SQL Performance Optimization,52
DA_3010,What is forecast drift?,Declining forecast performance due to changing patterns,Seasonality increase,Data corruption,Sampling bias,A,Data Analytics,Advanced Analytics and Experimentation,69
DA_3011,Which SQL operator commonly appears in execution plans for large equality joins?,Hash Join,Filter,Compute Scalar,Sort,A,Data Analytics,SQL Performance Optimization,56
DA_3012,What is the primary goal of incrementality testing?,Measure outcomes directly caused by an intervention,Increase conversion rates,Reduce forecasting errors,Improve segmentation,A,Data Analytics,Advanced Analytics and Experimentation,51
DA_3013,Which SQL optimization strategy reduces unnecessary row processing at the source?,Predicate Pushdown,Recursive CTEs,CROSS JOIN,Table Replication,A,Data Analytics,SQL Performance Optimization,61
DA_3014,What is a Type II error?,Failing to reject a false null hypothesis,Rejecting a true null hypothesis,Sampling bias,Forecast error,A,Data Analytics,Advanced Analytics and Experimentation,68
DA_3015,Which ranking function assigns unique sequential numbers regardless of ties?,RANK(),DENSE_RANK(),ROW_NUMBER(),NTILE(),C,Data Analytics,SQL Performance Optimization,60
DA_3016,Why is randomization important in experimentation?,Balances confounding variables across groups,Guarantees significance,Reduces sample size,Improves forecasting,A,Data Analytics,Advanced Analytics and Experimentation,68
DA_3017,Which SQL optimization technique helps avoid repeated computation of expensive expressions?,Computed Columns,Triggers,Cursors,Cross Joins,A,Data Analytics,SQL Performance Optimization,51
DA_3018,What is treatment effect heterogeneity?,Variation in treatment impact across subgroups,Variance within a dataset,Forecast uncertainty,Sampling error,A,Data Analytics,Advanced Analytics and Experimentation,69
DA_3019,Which SQL metric measures processor resources consumed by a query?,CPU Time,Page Count,Partition Count,Index Count,A,Data Analytics,SQL Performance Optimization,66
DA_3020,What is the purpose of backtesting in forecasting?,Evaluate predictive performance on historical unseen periods,Increase sample size,Reduce variance,Improve significance,A,Data Analytics,Advanced Analytics and Experimentation,57
DA_3021,Which SQL feature enables running totals without collapsing rows?,Window Functions,GROUP BY,HAVING,UNION,A,Data Analytics,SQL Performance Optimization,65
DA_3022,What is a structural break in time series forecasting?,A sudden change in underlying relationships,Seasonality,Random noise,Missing values,A,Data Analytics,Advanced Analytics and Experimentation,51
DA_3023,Which SQL indexing characteristic reflects uniqueness of indexed values?,Fragmentation,Compression,Coverage,Selectivity,D,Data Analytics,SQL Performance Optimization,73
DA_3024,What is the purpose of scenario analysis?,Evaluate outcomes under multiple future assumptions,Reduce uncertainty completely,Increase significance,Improve indexing,A,Data Analytics,Advanced Analytics and Experimentation,71
DA_3025,Which SQL optimization strategy is particularly useful for dashboard workloads?,Materialized Views,Recursive Queries,Heap Tables,Cross Joins,A,Data Analytics,SQL Performance Optimization,59
DA_3026,Why is external validity important?,Ensures findings generalize to broader populations,Improves power,Reduces bias,Increases sample size,A,Data Analytics,Advanced Analytics and Experimentation,52
DA_3027,Which SQL function returns a previous row value within a partition?,LEAD(),LAG(),RANK(),NTILE(),B,Data Analytics,SQL Performance Optimization,67
DA_3028,What is omitted variable bias?,Bias caused by excluding relevant variables from analysis,Sampling bias,Measurement error,Forecast error,A,Data Analytics,Advanced Analytics and Experimentation,75
DA_3029,Which SQL execution plan warning often indicates insufficient memory?,Missing Index,Spill to TempDB,Duplicate Key,Unused Alias,B,Data Analytics,SQL Performance Optimization,74
DA_3030,What is the ultimate objective of causal inference?,Estimate cause-and-effect relationships,Improve storage efficiency,Reduce variance,Optimize SQL queries,A,Data Analytics,Advanced Analytics and Experimentation,60
DA_3031,Which SQL optimization technique is most effective when a query frequently filters on a highly selective predicate?,Heap Scan,Filtered Index,Cross Join,Table Variable,B,Data Analytics,SQL Performance Optimization,56
DA_3032,What is the primary purpose of a synthetic control group in causal analysis?,Increase sample size,Construct a comparison group when randomization is unavailable,Reduce variance,Improve forecasting accuracy,B,Data Analytics,Advanced Analytics and Experimentation,55
DA_3033,Which execution plan operator is generally preferred for joining large unsorted datasets?,Nested Loop Join,Hash Join,Key Lookup,Sort,B,Data Analytics,SQL Performance Optimization,58
DA_3034,What does forecast calibration measure?,Alignment between predicted probabilities and actual outcomes,Forecast speed,Seasonality strength,Sampling variance,A,Data Analytics,Advanced Analytics and Experimentation,58
DA_3035,Which SQL ranking function assigns the same rank to ties but skips subsequent ranks?,ROW_NUMBER(),DENSE_RANK(),RANK(),NTILE(),C,Data Analytics,SQL Performance Optimization,55
DA_3036,Why is a holdout group important in experimentation?,Provides a baseline for measuring causal impact,Improves significance,Reduces sample size,Eliminates variance,A,Data Analytics,Advanced Analytics and Experimentation,62
DA_3037,Which SQL optimization strategy minimizes repeated aggregation of large datasets?,Materialized Views,CROSS JOINS,Triggers,Recursive Queries,A,Data Analytics,SQL Performance Optimization,57
DA_3038,What is the key benefit of Bayesian experimentation?,Provides probabilistic interpretation of outcomes,Eliminates uncertainty,Guarantees significance,Reduces sample size,A,Data Analytics,Advanced Analytics and Experimentation,63
DA_3039,Which SQL metric measures the number of logical page accesses performed by a query?,CPU Time,Logical Reads,Elapsed Time,Memory Grant,B,Data Analytics,SQL Performance Optimization,63
DA_3040,What is treatment uplift?,Incremental change caused by an intervention,Forecast error reduction,Sampling improvement,Variance reduction,A,Data Analytics,Advanced Analytics and Experimentation,67
DA_3041,Which SQL feature allows access to both previous and future rows without self-joins?,Window Functions,Aggregate Functions,Temporary Tables,Views,A,Data Analytics,SQL Performance Optimization,54
DA_3042,What is the primary objective of sensitivity analysis?,Assess how results change under different assumptions,Increase significance,Reduce variance,Improve indexing,A,Data Analytics,Advanced Analytics and Experimentation,68
DA_3043,Which indexing characteristic is most important for equality searches on unique values?,Selectivity,Fragmentation,Compression,Coverage,A,Data Analytics,SQL Performance Optimization,60
DA_3044,Why is statistical power analysis conducted before an experiment?,Determine the required sample size to detect meaningful effects,Guarantee significance,Improve forecasting,Reduce bias,A,Data Analytics,Advanced Analytics and Experimentation,53
DA_3045,Which SQL optimization issue occurs when execution plans are generated for atypical parameter values?,Index Corruption,Parameter Sniffing,Schema Drift,Page Splitting,B,Data Analytics,SQL Performance Optimization,62
DA_3046,What is the purpose of interrupted time series analysis?,Estimate the impact of interventions occurring at known times,Reduce seasonality,Improve clustering,Forecast demand,A,Data Analytics,Advanced Analytics and Experimentation,51
DA_3047,Which SQL execution plan operator commonly appears for large aggregations?,Hash Aggregate,Key Lookup,Compute Scalar,Nested Loop,A,Data Analytics,SQL Performance Optimization,61
DA_3048,What is forecast robustness?,Stability of forecasts under changing assumptions,Forecast speed,Prediction interval width,Seasonality strength,A,Data Analytics,Advanced Analytics and Experimentation,68
DA_3049,Which SQL partitioning strategy is most suitable for large time-series datasets?,Hash Partitioning,List Partitioning,Range Partitioning,Round Robin,C,Data Analytics,SQL Performance Optimization,63
DA_3050,Why are confidence intervals useful in experimentation?,They quantify uncertainty around estimated effects,They guarantee significance,They reduce bias,They eliminate variance,A,Data Analytics,Advanced Analytics and Experimentation,67
DA_3051,Which SQL optimization technique reduces data movement in distributed query engines?,Predicate Pushdown,Recursive Queries,CROSS JOINS,Temporary Tables,A,Data Analytics,SQL Performance Optimization,58
DA_3052,What is the main purpose of placebo testing?,Detect false-positive treatment effects,Increase sample size,Improve forecasts,Reduce variance,A,Data Analytics,Advanced Analytics and Experimentation,70
DA_3053,Which SQL index type is especially beneficial for analytical scans and aggregations?,Columnstore Index,XML Index,Hash Index,Heap Table,A,Data Analytics,SQL Performance Optimization,69
DA_3054,What is the primary objective of causal impact modeling?,Estimate the effect of interventions using observational data,Reduce variance,Forecast demand,Improve clustering,A,Data Analytics,Advanced Analytics and Experimentation,67
DA_3055,Which SQL function is commonly used to assign records into deciles?,ROW_NUMBER(),NTILE(10),RANK(),LEAD(),B,Data Analytics,SQL Performance Optimization,52
DA_3056,What is a structural break in forecasting?,A sudden shift in underlying data-generating relationships,Seasonality,Random error,Missing values,A,Data Analytics,Advanced Analytics and Experimentation,53
DA_3057,Which SQL execution plan warning often signals inaccurate cardinality estimates?,Estimated vs Actual Row Count Mismatch,Unused Alias Warning,Duplicate Key Warning,Missing Constraint Warning,A,Data Analytics,SQL Performance Optimization,53
DA_3058,Why is external validity critical in business experimentation?,Ensures findings generalize beyond the test population,Improves power,Reduces variance,Increases significance,A,Data Analytics,Advanced Analytics and Experimentation,56
DA_3059,Which SQL window function is most useful for cumulative totals?,SUM() OVER(),COUNT(),AVG(),MIN(),A,Data Analytics,SQL Performance Optimization,60
DA_3060,What is the ultimate goal of advanced experimentation programs?,Enable evidence-based decision making through reliable causal measurement,Eliminate uncertainty,Replace forecasting models,Reduce storage costs,A,Data Analytics,Advanced Analytics and Experimentation,74
DA_3061,Which SQL optimization technique is most useful when only a subset of columns is required from a very wide table?,SELECT *,Column Pruning,Heap Scan,Cross Join,B,Data Analytics,SQL Performance Optimization,72
DA_3062,What is the primary purpose of treatment effect estimation in experimentation?,Measure causal impact of an intervention,Forecast future revenue,Reduce variance,Improve clustering,A,Data Analytics,Advanced Analytics and Experimentation,68
DA_3063,Which execution plan operator is generally preferred for highly selective lookups on indexed data?,Hash Join,Nested Loop Join,Merge Join,Hash Aggregate,B,Data Analytics,SQL Performance Optimization,68
DA_3064,What is the key advantage of multivariate testing compared to A/B testing?,Tests multiple variables and interactions simultaneously,Requires smaller samples,Guarantees significance,Eliminates bias,A,Data Analytics,Advanced Analytics and Experimentation,64
DA_3065,Which SQL ranking function assigns consecutive ranks without gaps after ties?,RANK(),DENSE_RANK(),ROW_NUMBER(),NTILE(),B,Data Analytics,SQL Performance Optimization,66
DA_3066,Why is forecast uncertainty important for decision makers?,It quantifies the range of possible outcomes,Guarantees forecast accuracy,Eliminates risk,Reduces sample size,A,Data Analytics,Advanced Analytics and Experimentation,57
DA_3067,Which indexing strategy is most suitable for frequently queried low-cardinality columns in analytics systems?,Bitmap Index,B-Tree Index,Heap Storage,XML Index,A,Data Analytics,SQL Performance Optimization,51
DA_3068,What is the purpose of incrementality testing?,Measure outcomes directly attributable to an intervention,Forecast demand,Reduce forecasting error,Improve segmentation,A,Data Analytics,Advanced Analytics and Experimentation,67
DA_3069,Which SQL optimization issue can occur when query plans are reused for very different parameter values?,Index Fragmentation,Parameter Sniffing,Page Compression,Partition Elimination,B,Data Analytics,SQL Performance Optimization,73
DA_3070,What does statistical power represent?,Probability of detecting a true effect,Probability null hypothesis is true,Forecast accuracy,Confidence interval width,A,Data Analytics,Advanced Analytics and Experimentation,75
DA_3071,Which SQL feature allows calculations across rows while preserving row-level granularity?,Window Functions,GROUP BY,HAVING,UNION,A,Data Analytics,SQL Performance Optimization,55
DA_3072,What is the primary objective of scenario planning in forecasting?,Evaluate outcomes under alternative future assumptions,Reduce uncertainty completely,Increase significance,Improve indexing,A,Data Analytics,Advanced Analytics and Experimentation,51
DA_3073,Which SQL optimization strategy is particularly beneficial for recurring dashboard queries?,Materialized Views,Cursors,Recursive Queries,Cross Joins,A,Data Analytics,SQL Performance Optimization,71
DA_3074,Why is external validity important in experimentation?,Ensures results generalize to broader populations,Improves power,Reduces variance,Increases sample size,A,Data Analytics,Advanced Analytics and Experimentation,67
DA_3075,Which SQL function is used to retrieve the next row value within a partition?,LAG(),LEAD(),RANK(),NTILE(),B,Data Analytics,SQL Performance Optimization,60
DA_3076,What is a major risk of observational studies compared to randomized experiments?,Unmeasured confounding,Excessive power,Large sample sizes,Forecast drift,A,Data Analytics,Advanced Analytics and Experimentation,62
DA_3077,Which SQL execution plan metric measures elapsed duration from query start to completion?,Logical Reads,CPU Time,Elapsed Time,Memory Grant,C,Data Analytics,SQL Performance Optimization,75
DA_3078,What is forecast calibration concerned with?,Alignment between predicted probabilities and actual outcomes,Forecast speed,Prediction interval width,Seasonality strength,A,Data Analytics,Advanced Analytics and Experimentation,70
DA_3079,Which SQL partitioning approach is generally preferred for time-series fact tables?,Hash Partitioning,Range Partitioning,List Partitioning,Round Robin,B,Data Analytics,SQL Performance Optimization,75
DA_3080,What is the purpose of placebo tests in experimentation?,Detect false-positive causal findings,Increase sample size,Improve forecasting,Reduce variance,A,Data Analytics,Advanced Analytics and Experimentation,52
DA_3081,Which SQL optimization technique pushes filters closer to the data source to reduce processing?,Predicate Pushdown,Recursive Expansion,Cross Join Elimination,Index Rebuild,A,Data Analytics,SQL Performance Optimization,73
DA_3082,What is treatment effect heterogeneity?,Variation in intervention effects across subgroups,Forecast uncertainty,Sampling bias,Data quality issues,A,Data Analytics,Advanced Analytics and Experimentation,66
DA_3083,Which SQL index type is optimized for analytical aggregations over large datasets?,Columnstore Index,Hash Index,XML Index,Unique Index,A,Data Analytics,SQL Performance Optimization,65
DA_3084,Why are confidence intervals useful in experimentation?,They communicate uncertainty around estimates,Guarantee significance,Eliminate variance,Reduce bias,A,Data Analytics,Advanced Analytics and Experimentation,63
DA_3085,Which SQL execution plan warning commonly indicates insufficient memory allocation?,Missing Index,Spill to TempDB,Unused Statistics,Duplicate Key,B,Data Analytics,SQL Performance Optimization,68
DA_3086,What is the primary goal of causal inference?,Estimate cause-and-effect relationships,Forecast sales,Reduce variance,Optimize SQL performance,A,Data Analytics,Advanced Analytics and Experimentation,70
DA_3087,Which SQL function is commonly used for running totals?,SUM() OVER(),COUNT(),AVG(),MIN(),A,Data Analytics,SQL Performance Optimization,72
DA_3088,What is a structural break in forecasting?,A sudden change in underlying relationships affecting predictions,Seasonality,Random error,Missing values,A,Data Analytics,Advanced Analytics and Experimentation,64
DA_3089,Which SQL indexing characteristic reflects how uniquely values identify rows?,Coverage,Compression,Selectivity,Fragmentation,C,Data Analytics,SQL Performance Optimization,68
DA_3090,What is the purpose of sensitivity analysis?,Assess robustness of conclusions under changing assumptions,Increase significance,Reduce variance,Improve indexing,A,Data Analytics,Advanced Analytics and Experimentation,52
DA_3091,Which SQL optimization strategy is most effective for avoiding repeated aggregation of massive fact tables in BI reporting?,Recursive CTEs,Materialized Views,Cross Joins,Temporary Tables,B,Data Analytics,SQL Performance Optimization,52
DA_3092,What is the primary purpose of Bayesian posterior analysis in experimentation?,Estimate updated probabilities after observing data,Guarantee significance,Reduce sample size,Eliminate uncertainty,A,Data Analytics,Advanced Analytics and Experimentation,53
DA_3093,Which execution plan operator is generally most efficient for joining large sorted datasets?,Nested Loop Join,Hash Join,Merge Join,Key Lookup,C,Data Analytics,SQL Performance Optimization,55
DA_3094,Why is sample size estimation critical before launching an experiment?,Ensures adequate power to detect meaningful effects,Guarantees positive results,Reduces variance to zero,Improves forecasting speed,A,Data Analytics,Advanced Analytics and Experimentation,75
DA_3095,Which SQL window function returns a value from a previous row within the same partition?,LEAD(),LAG(),RANK(),NTILE(),B,Data Analytics,SQL Performance Optimization,66
DA_3096,What is the primary objective of uplift modeling in experimentation?,Estimate incremental impact of a treatment,Forecast demand,Reduce sampling bias,Improve clustering,A,Data Analytics,Advanced Analytics and Experimentation,72
DA_3097,Which SQL optimization issue is commonly caused by outdated table statistics?,Cardinality Estimation Error,Index Compression,Page Splitting,Partition Elimination,A,Data Analytics,SQL Performance Optimization,65
DA_3098,What does external validity assess in an experiment?,Whether results generalize beyond the study sample,The accuracy of SQL queries,The size of the confidence interval,The statistical power of the test,A,Data Analytics,Advanced Analytics and Experimentation,62
DA_3099,Which SQL metric measures the number of logical data page accesses during query execution?,CPU Time,Elapsed Time,Logical Reads,Memory Grant,C,Data Analytics,SQL Performance Optimization,59
DA_3100,What is the ultimate goal of advanced analytics experimentation frameworks?,Enable reliable evidence-based business decision making,Eliminate all uncertainty,Replace forecasting methods,Reduce database storage requirements,A,Data Analytics,Advanced Analytics and Experimentation,64
DA_3101,Which SQL optimization technique is most effective for improving performance of queries that frequently filter on a subset of rows?,Heap Storage,Filtered Index,Cross Join,Recursive CTE,B,Data Analytics,SQL Performance Optimization,71
DA_3102,What is the primary purpose of a synthetic control method in causal inference?,Increase sample size,Create a weighted comparison group,Reduce variance,Improve forecasting,B,Data Analytics,Advanced Analytics and Experimentation,66
DA_3103,Which execution plan operator is most efficient for joining a small indexed table to a large table?,Hash Join,Nested Loop Join,Merge Join,Sort,B,Data Analytics,SQL Performance Optimization,61
DA_3104,What is the key advantage of Bayesian experimentation?,Provides probabilistic interpretation of treatment outcomes,Guarantees significance,Reduces sample size,Eliminates uncertainty,A,Data Analytics,Advanced Analytics and Experimentation,56
DA_3105,Which SQL feature is most useful for calculating cumulative distributions?,GROUP BY,Window Functions,UNION,HAVING,B,Data Analytics,SQL Performance Optimization,60
DA_3106,What does treatment effect heterogeneity analysis evaluate?,Differences in treatment effects across segments,Forecast uncertainty,Sampling bias,Data quality,A,Data Analytics,Advanced Analytics and Experimentation,58
DA_3107,Which SQL optimization issue often results from parameter-sensitive workloads?,Index Corruption,Parameter Sniffing,Compression Failure,Partition Drift,B,Data Analytics,SQL Performance Optimization,66
DA_3108,Why is forecast uncertainty important in decision making?,It quantifies the range of plausible outcomes,Guarantees accuracy,Reduces risk to zero,Improves indexing,A,Data Analytics,Advanced Analytics and Experimentation,53
DA_3109,Which SQL index type is optimized for analytical scanning workloads?,Columnstore Index,XML Index,Hash Index,Unique Index,A,Data Analytics,SQL Performance Optimization,52
DA_3110,What is the purpose of incrementality testing?,Measure causal impact attributable to an intervention,Forecast demand,Reduce variance,Improve clustering,A,Data Analytics,Advanced Analytics and Experimentation,66
DA_3111,Which SQL metric measures processor usage during query execution?,CPU Time,Logical Reads,Memory Grant,Elapsed Time,A,Data Analytics,SQL Performance Optimization,69
DA_3112,What is external validity concerned with?,Generalizability of findings beyond the sample,Statistical power,Variance reduction,Forecast accuracy,A,Data Analytics,Advanced Analytics and Experimentation,59
DA_3113,Which SQL function assigns rows into equal-sized buckets?,ROW_NUMBER(),RANK(),NTILE(),DENSE_RANK(),C,Data Analytics,SQL Performance Optimization,66
DA_3114,What is the purpose of backtesting in forecasting?,Evaluate model performance on historical unseen data,Reduce variance,Increase significance,Improve indexing,A,Data Analytics,Advanced Analytics and Experimentation,72
DA_3115,Which SQL optimization strategy minimizes repeated aggregation work?,Materialized Views,Recursive Queries,Cross Joins,Triggers,A,Data Analytics,SQL Performance Optimization,54
DA_3116,What is a structural break in forecasting?,A sudden change in underlying data relationships,Seasonality,Random noise,Missing values,A,Data Analytics,Advanced Analytics and Experimentation,60
DA_3117,Which execution plan operator commonly appears for large equality joins on unsorted data?,Hash Join,Nested Loop Join,Merge Join,Filter,A,Data Analytics,SQL Performance Optimization,69
DA_3118,Why is sensitivity analysis performed?,Assess robustness of conclusions under varying assumptions,Guarantee significance,Reduce bias completely,Increase sample size,A,Data Analytics,Advanced Analytics and Experimentation,63
DA_3119,Which SQL optimization approach applies filters as early as possible?,Predicate Pushdown,Recursive Expansion,Partition Merge,Cross Join Elimination,A,Data Analytics,SQL Performance Optimization,68
DA_3120,What is the primary goal of causal inference?,Estimate cause-and-effect relationships,Forecast demand,Improve indexing,Reduce storage,A,Data Analytics,Advanced Analytics and Experimentation,65
DA_3121,Which SQL window function accesses the next row value within a partition?,LAG(),LEAD(),RANK(),NTILE(),B,Data Analytics,SQL Performance Optimization,54
DA_3122,What is a common risk in observational studies?,Unmeasured confounding,Excessive power,Large samples,Low variance,A,Data Analytics,Advanced Analytics and Experimentation,59
DA_3123,Which SQL partitioning method is typically used for time-series data?,Hash Partitioning,Range Partitioning,List Partitioning,Round Robin,B,Data Analytics,SQL Performance Optimization,54
DA_3124,Why are confidence intervals useful?,They quantify uncertainty around estimates,Guarantee significance,Eliminate bias,Reduce variance,A,Data Analytics,Advanced Analytics and Experimentation,66
DA_3125,Which SQL execution plan warning commonly indicates insufficient memory?,Missing Index,Spill to TempDB,Unused Statistics,Duplicate Key,B,Data Analytics,SQL Performance Optimization,71
DA_3126,What is uplift modeling primarily used for?,Estimate incremental treatment impact,Forecast sales,Reduce variance,Perform clustering,A,Data Analytics,Advanced Analytics and Experimentation,65
DA_3127,Which SQL indexing characteristic measures uniqueness of values?,Fragmentation,Compression,Selectivity,Coverage,C,Data Analytics,SQL Performance Optimization,74
DA_3128,What is forecast calibration concerned with?,Alignment of predictions with actual outcomes,Forecast speed,Seasonality strength,Sample size,A,Data Analytics,Advanced Analytics and Experimentation,52
DA_3129,Which SQL optimization technique reduces unnecessary column retrieval?,Column Pruning,Recursive Views,Cross Joins,Triggers,A,Data Analytics,SQL Performance Optimization,64
DA_3130,What is the objective of advanced experimentation programs?,Enable evidence-based decision making,Eliminate uncertainty,Replace forecasting,Reduce storage,A,Data Analytics,Advanced Analytics and Experimentation,53
DA_3131,Which characteristic best defines a world-class enterprise analytics ecosystem?,"Governed, scalable , observable,resilient , interoperable and business-value driven",Unlimited dashboards,Single-team ownership,Missing from the pasted row,A,Data Analytics,Advanced Analytics and Experimentation,72
DA_3132,What is the primary purpose of mediation analysis in experimentation?,Understand the mechanism through which a treatment affects an outcome,Increase sample size,Reduce variance,Improve forecasting,A,Data Analytics,Advanced Analytics and Experimentation,73
DA_3133,Which execution plan operator is generally preferred when joining large sorted datasets?,Nested Loop Join,Hash Join,Merge Join,Filter,C,Data Analytics,SQL Performance Optimization,54
DA_3134,Why is statistical power reduced when effect size decreases?,Smaller effects are harder to detect from noise,Confidence intervals shrink,Variance disappears,Sample size increases,A,Data Analytics,Advanced Analytics and Experimentation,51
DA_3135,Which SQL ranking function assigns unique sequential numbers regardless of ties?,RANK(),DENSE_RANK(),ROW_NUMBER(),NTILE(),C,Data Analytics,SQL Performance Optimization,73
DA_3136,What is the purpose of a placebo test in causal analysis?,Detect spurious treatment effects,Improve forecasting,Increase sample size,Reduce variance,A,Data Analytics,Advanced Analytics and Experimentation,59
DA_3137,Which SQL optimization strategy improves performance by precomputing expensive aggregations?,Materialized Views,Triggers,Cross Joins,Recursive Queries,A,Data Analytics,SQL Performance Optimization,67
DA_3138,What is the main objective of Bayesian updating?,Revise probabilities based on new evidence,Guarantee significance,Reduce uncertainty to zero,Increase sample size,A,Data Analytics,Advanced Analytics and Experimentation,64
DA_3139,Which SQL metric measures the number of data pages read from memory?,Logical Reads,CPU Time,Elapsed Time,Memory Grant,A,Data Analytics,SQL Performance Optimization,67
DA_3140,What is treatment effect heterogeneity?,Variation in treatment impact across different groups,Forecast uncertainty,Sampling bias,Measurement error,A,Data Analytics,Advanced Analytics and Experimentation,51
DA_3141,Which SQL feature is commonly used for moving averages without collapsing rows?,Window Functions,GROUP BY,HAVING,UNION,A,Data Analytics,SQL Performance Optimization,60
DA_3142,What is forecast drift primarily caused by?,Changes in underlying data patterns over time,Increased sample size,Reduced variance,Improved calibration,A,Data Analytics,Advanced Analytics and Experimentation,73
DA_3143,Which indexing strategy is most effective for low-cardinality analytical attributes?,Bitmap Index,Hash Index,Heap Table,XML Index,A,Data Analytics,SQL Performance Optimization,66
DA_3144,Why are confidence intervals valuable in experimentation?,They express uncertainty around estimated effects,Guarantee significance,Eliminate bias,Increase power,A,Data Analytics,Advanced Analytics and Experimentation,75
DA_3145,Which SQL optimization issue often occurs after large data changes without statistics updates?,Cardinality Estimation Error,Index Compression,Page Splitting,Partition Drift,A,Data Analytics,SQL Performance Optimization,69
DA_3146,What is the primary purpose of scenario analysis?,Evaluate outcomes under different future assumptions,Guarantee accuracy,Reduce uncertainty completely,Increase significance,A,Data Analytics,Advanced Analytics and Experimentation,74
DA_3147,Which SQL function returns the value from a preceding row within a partition?,LEAD(),LAG(),RANK(),NTILE(),B,Data Analytics,SQL Performance Optimization,75
DA_3148,Why is external validity important in business experiments?,Ensures results generalize beyond the test sample,Improves power,Reduces variance,Guarantees significance,A,Data Analytics,Advanced Analytics and Experimentation,53
DA_3149,Which SQL execution plan warning frequently indicates insufficient memory allocation?,Missing Index,Spill to TempDB,Unused Statistics,Duplicate Key,B,Data Analytics,SQL Performance Optimization,62
DA_3150,What is the purpose of incrementality testing?,Measure outcomes directly attributable to an intervention,Forecast sales,Reduce variance,Improve segmentation,A,Data Analytics,Advanced Analytics and Experimentation,53
DA_3151,Which SQL optimization technique reduces data transfer in distributed query engines?,Predicate Pushdown,Recursive Expansion,Cross Join Elimination,Partition Merge,A,Data Analytics,SQL Performance Optimization,65
DA_3152,What is a structural break in forecasting?,A sudden shift in underlying relationships affecting predictions,Seasonality,Random error,Missing values,A,Data Analytics,Advanced Analytics and Experimentation,67
DA_3153,Which SQL index type is optimized for analytical scans over large datasets?,Columnstore Index,Hash Index,XML Index,Unique Index,A,Data Analytics,SQL Performance Optimization,68
DA_3154,What is the primary objective of causal inference?,Estimate cause-and-effect relationships,Forecast demand,Improve indexing,Reduce storage,A,Data Analytics,Advanced Analytics and Experimentation,57
DA_3155,Which SQL window function can divide rows into equal-sized groups?,ROW_NUMBER(),RANK(),NTILE(),LEAD(),C,Data Analytics,SQL Performance Optimization,69
DA_3156,Why is sample size estimation performed before experimentation?,Ensure adequate power to detect meaningful effects,Guarantee significance,Reduce bias,Improve forecasting,A,Data Analytics,Advanced Analytics and Experimentation,57
DA_3157,Which SQL optimization issue is commonly associated with reused plans for atypical parameter values?,Parameter Sniffing,Index Fragmentation,Compression Drift,Schema Mismatch,A,Data Analytics,SQL Performance Optimization,55
DA_3158,What is forecast calibration concerned with?,Agreement between predicted probabilities and observed outcomes,Forecast speed,Variance reduction,Seasonality strength,A,Data Analytics,Advanced Analytics and Experimentation,58
DA_3159,Which SQL execution plan operator is most common for large equality joins on unsorted tables?,Hash Join,Nested Loop Join,Merge Join,Key Lookup,A,Data Analytics,SQL Performance Optimization,71
DA_3160,What is the ultimate purpose of advanced experimentation frameworks?,Support evidence-based decision making through reliable causal measurement,Eliminate uncertainty,Replace forecasting models,Reduce storage requirements,A,Data Analytics,Advanced Analytics and Experimentation,66
DA_3161,Which SQL optimization technique is most effective when a query frequently retrieves only a subset of rows and columns?,Heap Scan,Covering Filtered Index,Cross Join,Recursive CTE,B,Data Analytics,SQL Performance Optimization,66
DA_3162,What is the primary purpose of a falsification test in causal analysis?,Verify whether effects appear where no effect is expected,Increase sample size,Improve forecasting,Reduce variance,A,Data Analytics,Advanced Analytics and Experimentation,69
DA_3163,Which execution plan operator is generally most efficient for joining a small indexed table to a large table?,Hash Join,Nested Loop Join,Merge Join,Sort,B,Data Analytics,SQL Performance Optimization,75
DA_3164,Why is effect size important alongside statistical significance?,It measures the practical importance of results,It guarantees significance,It reduces sample size,It eliminates uncertainty,A,Data Analytics,Advanced Analytics and Experimentation,65
DA_3165,Which SQL function is most appropriate for assigning rows into quartiles?,ROW_NUMBER(),RANK(),NTILE(4),DENSE_RANK(),C,Data Analytics,SQL Performance Optimization,57
DA_3166,What is the key advantage of propensity score matching?,Reduces selection bias in observational studies,Increases power automatically,Eliminates variance,Improves clustering,A,Data Analytics,Advanced Analytics and Experimentation,55
DA_3167,Which indexing issue often leads to increased random I/O and slower scans?,Index Fragmentation,Index Selectivity,Index Coverage,Index Compression,A,Data Analytics,SQL Performance Optimization,73
DA_3168,What is forecast uncertainty intended to represent?,Range of plausible future outcomes,Exact future values,Forecast speed,Model complexity,A,Data Analytics,Advanced Analytics and Experimentation,61
DA_3169,Which SQL optimization method minimizes retrieval of unnecessary columns?,Column Pruning,Recursive Queries,Cross Joins,Trigger Expansion,A,Data Analytics,SQL Performance Optimization,60
DA_3170,Why is random assignment critical for internal validity?,Balances confounding variables across groups,Improves forecasting,Increases external validity,Reduces seasonality,A,Data Analytics,Advanced Analytics and Experimentation,75
DA_3171,Which SQL metric indicates memory reserved for query execution?,Memory Grant,CPU Time,Logical Reads,Elapsed Time,A,Data Analytics,SQL Performance Optimization,71
DA_3172,What is the primary objective of treatment effect estimation?,Measure the causal impact of an intervention,Forecast demand,Reduce variance,Improve indexing,A,Data Analytics,Advanced Analytics and Experimentation,73
DA_3173,Which SQL feature is most useful for traversing hierarchical organizational structures?,Recursive CTE,Hash Join,Window Function,Temporary Table,A,Data Analytics,SQL Performance Optimization,59
DA_3174,What does forecast robustness refer to?,Stability of results under changing assumptions,Forecast speed,Seasonality strength,Prediction interval width,A,Data Analytics,Advanced Analytics and Experimentation,51
DA_3175,Which SQL optimization strategy helps reduce repeated scans of massive fact tables?,Aggregate Tables,Heap Storage,Cross Joins,Recursive Views,A,Data Analytics,SQL Performance Optimization,70
DA_3176,What is heterogeneity analysis primarily used for?,Identify differences in treatment effects across subgroups,Reduce variance,Increase significance,Improve forecasting,A,Data Analytics,Advanced Analytics and Experimentation,51
DA_3177,Which SQL ranking function leaves gaps after ties occur?,ROW_NUMBER(),DENSE_RANK(),RANK(),NTILE(),C,Data Analytics,SQL Performance Optimization,58
DA_3178,What is a common consequence of omitted variable bias?,Distorted causal estimates,Improved accuracy,Reduced variance,Better forecasts,A,Data Analytics,Advanced Analytics and Experimentation,53
DA_3179,Which SQL optimization concept applies filters as close as possible to the source data?,Predicate Pushdown,Partition Switching,Recursive Expansion,Window Framing,A,Data Analytics,SQL Performance Optimization,52
DA_3180,Why is external validity important in experimentation?,Ensures results generalize beyond the study sample,Improves power,Reduces bias,Increases effect size,A,Data Analytics,Advanced Analytics and Experimentation,54
DA_3181,Which SQL index type is most suitable for highly selective equality lookups?,B-Tree Index,Bitmap Index,Heap Table,XML Index,A,Data Analytics,SQL Performance Optimization,69
DA_3182,What is the purpose of backtesting in forecasting?,Evaluate predictive performance using historical unseen data,Increase sample size,Reduce seasonality,Improve clustering,A,Data Analytics,Advanced Analytics and Experimentation,61
DA_3183,Which SQL execution plan discrepancy often signals optimizer estimation issues?,Estimated vs Actual Row Count Mismatch,Unused Alias Warning,Duplicate Key Warning,Constraint Violation,A,Data Analytics,SQL Performance Optimization,55
DA_3184,What is the primary objective of incrementality measurement?,Quantify outcomes directly caused by an intervention,Forecast sales,Reduce forecasting variance,Improve indexing,A,Data Analytics,Advanced Analytics and Experimentation,74
DA_3185,Which SQL feature enables calculations across rows without collapsing detail records?,Window Functions,GROUP BY,HAVING,UNION,A,Data Analytics,SQL Performance Optimization,60
DA_3186,Why is power analysis performed before experimentation?,Determine sample size required to detect meaningful effects,Guarantee significance,Reduce bias,Improve forecasts,A,Data Analytics,Advanced Analytics and Experimentation,74
DA_3187,Which SQL optimization approach improves scan performance through compressed columnar storage?,Columnstore Indexes,Heap Tables,Temporary Constraints,Recursive Views,A,Data Analytics,SQL Performance Optimization,73
DA_3188,What is a structural break in forecasting?,A sudden change in underlying relationships or patterns,Seasonal fluctuation,Missing values,Forecast interval shift,A,Data Analytics,Advanced Analytics and Experimentation,58
DA_3189,Which SQL metric measures processor resources consumed by a query?,CPU Time,Page Count,Partition Count,Constraint Count,A,Data Analytics,SQL Performance Optimization,63
DA_3190,What is the primary benefit of Bayesian decision analysis?,Supports decisions under uncertainty using probability distributions,Eliminates uncertainty,Reduces sample size,Improves indexing,A,Data Analytics,Advanced Analytics and Experimentation,55
DA_3191,Which SQL optimization strategy is most effective for recurring dashboard queries that aggregate billions of rows?,Recursive CTEs,Materialized Views,Cross Joins,Table Variables,B,Data Analytics,SQL Performance Optimization,62
DA_3192,What is the primary purpose of confidence intervals in advanced experimentation?,Provide a plausible range for the true treatment effect,Guarantee statistical significance,Reduce variance,Increase sample size,A,Data Analytics,Advanced Analytics and Experimentation,63
DA_3193,Which execution plan operator is generally preferred when joining two large pre-sorted datasets?,Hash Join,Nested Loop Join,Merge Join,Key Lookup,C,Data Analytics,SQL Performance Optimization,72
DA_3194,Why is sensitivity analysis important in forecasting and experimentation?,It evaluates how conclusions change under alternative assumptions,It guarantees forecast accuracy,It eliminates uncertainty,It increases statistical power,A,Data Analytics,Advanced Analytics and Experimentation,58
DA_3195,Which SQL feature is most useful for computing cumulative percentages while retaining row-level detail?,GROUP BY,HAVING,Window Functions,UNION,C,Data Analytics,SQL Performance Optimization,65
DA_3196,What is the primary role of a holdout group in incrementality testing?,Increase experiment size,Provide a baseline for causal comparison,Improve forecast accuracy,Reduce variance,B,Data Analytics,Advanced Analytics and Experimentation,63
DA_3197,Which indexing characteristic determines how effectively an index filters rows during lookups?,Fragmentation,Coverage,Compression,Selectivity,D,Data Analytics,SQL Performance Optimization,51
DA_3198,What does forecast bias indicate in predictive analytics?,Systematic overprediction or underprediction,Random variation in forecasts,Seasonal fluctuations only,Data quality issues,A,Data Analytics,Advanced Analytics and Experimentation,72
DA_3199,Which SQL optimization strategy is especially useful for recurring summary reports over large datasets?,Materialized Views,Recursive Queries,Temporary Constraints,Cross Joins,A,Data Analytics,SQL Performance Optimization,56
DA_3200,What is the ultimate objective of advanced experimentation frameworks in organizations?,Eliminate uncertainty completely,Replace forecasting models,Enable evidence-based decision making through causal measurement,Reduce database storage costs,C,Data Analytics,Advanced Analytics and Experimentation,61
DA_3201,A retail company stores 15 billion transaction records partitioned by month. Which optimization provides the greatest reduction in scanned data for monthly reports?,Horizontal Scaling,Partition Pruning,Data Replication,Row Compression,B,Data Analytics,Enterprise Analytics and Data Architecture,88
DA_3202,Which data modeling approach is most suitable for enterprise-wide historical auditability across multiple source systems?,Star Schema,Snowflake Schema,Data Vault,Flat Table,C,Data Analytics,Enterprise Analytics and Data Architecture,96
DA_3203,"In a distributed analytics platform, what is the primary purpose of predicate pushdown?",Increase storage utilization,Reduce network transfer and processing overhead,Improve dashboard formatting,Normalize dimension tables,B,Data Analytics,Enterprise Analytics and Data Architecture,95
DA_3204,A billion-row query spends most execution time redistributing data across nodes. What is the most likely bottleneck?,Data Skew,Metadata Management,Caching,Compression,A,Data Analytics,Enterprise Analytics and Data Architecture,76
DA_3205,Which architecture combines features of data lakes and data warehouses into a unified platform?,Lambda Architecture,Data Mesh,Lakehouse Architecture,Kappa Architecture,C,Data Analytics,Enterprise Analytics and Data Architecture,86
DA_3206,What is the primary advantage of columnar storage for analytical workloads?,Faster transactional updates,Efficient aggregation and compression,Reduced governance requirements,Simpler schema design,B,Data Analytics,Enterprise Analytics and Data Architecture,86
DA_3207,"In dimensional modeling, what defines the granularity of a fact table?",Number of columns,Level of detail represented by each row,Partition size,Index type,B,Data Analytics,Enterprise Analytics and Data Architecture,83
DA_3208,Which performance engineering activity identifies resource-intensive SQL operations before production deployment?,Query Profiling,Partitioning,Archiving,Normalization,A,Data Analytics,Enterprise Analytics and Data Architecture,97
DA_3209,What is the primary role of a semantic layer in enterprise analytics?,Store raw data,Provide consistent business definitions and metrics,Manage infrastructure security,Compress datasets,B,Data Analytics,Enterprise Analytics and Data Architecture,78
DA_3210,Which strategy is most effective for reducing storage costs of infrequently accessed historical data?,Materialized Views,Caching,Archival Storage,Surrogate Keys,C,Data Analytics,Enterprise Analytics and Data Architecture,94
DA_3211,Which architecture processes both batch and real-time streams through separate pipelines?,Kappa Architecture,Lambda Architecture,Star Architecture,Mesh Architecture,B,Data Analytics,Enterprise Analytics and Data Architecture,87
DA_3212,A fact table contains 40 billion rows. Which indexing approach is typically most efficient for aggregation-heavy workloads?,Clustered B-Tree,Columnstore Index,Unique Index,Hash Index,B,Data Analytics,Enterprise Analytics and Data Architecture,81
DA_3213,What is the primary purpose of workload management in enterprise analytics platforms?,Manage analyst schedules,Allocate resources across competing workloads,Create dashboards,Compress storage,B,Data Analytics,Enterprise Analytics and Data Architecture,98
DA_3214,Which schema design generally minimizes storage redundancy while increasing join complexity?,Star Schema,Snowflake Schema,Flat Model,Data Vault,B,Data Analytics,Enterprise Analytics and Data Architecture,83
DA_3215,What is the biggest risk of poor partition key selection?,Improved compression,Excessive partition scans and skewed workloads,Lower governance quality,Increased metadata accuracy,B,Data Analytics,Enterprise Analytics and Data Architecture,80
DA_3216,Which enterprise KPI framework characteristic is most important for executive reporting?,Complex calculations,Alignment with strategic objectives,Maximum granularity,Unlimited metrics,B,Data Analytics,Enterprise Analytics and Data Architecture,85
DA_3217,"In distributed systems,what is data skew?",Uneven distribution of data causing workload imbalance,Duplicate records,Missing metadata,Compressed storage,A,Data Analytics,Enterprise Analytics and Data Architecture,97
DA_3218,Which data modeling element stores measurable business events?,Dimension Table,Bridge Table,Fact Table,Lookup Table,C,Data Analytics,Enterprise Analytics and Data Architecture,91
DA_3219,What is the main purpose of observability frameworks in analytics ecosystems?,Track system health and data reliability,Store historical data,Build ML models,Manage security keys,A,Data Analytics,Enterprise Analytics and Data Architecture,87
DA_3220,Which optimization is most effective when repeatedly querying the same aggregated results?,Materialized View,Partition Split,Normalization,Data Replication,A,Data Analytics,Enterprise Analytics and Data Architecture,92
DA_3221,Which architecture promotes decentralized ownership of analytical domains?,Data Mesh,Lambda Architecture,Star Schema,OLTP Architecture,A,Data Analytics,Enterprise Analytics and Data Architecture,81
DA_3222,What is the primary goal of cost-based query optimization?,Reduce storage costs,Select the lowest estimated execution cost plan,Improve governance,Increase partition count,B,Data Analytics,Enterprise Analytics and Data Architecture,84
DA_3223,Which Medallion Architecture layer contains cleansed and conformed data?,Bronze,Silver,Gold,Archive,B,Data Analytics,Enterprise Analytics and Data Architecture,85
DA_3224,Why are surrogate keys commonly used in dimensional models?,Improve UI design,Provide stable unique identifiers independent of source systems,Reduce storage compression,Increase partition size,B,Data Analytics,Enterprise Analytics and Data Architecture,95
DA_3225,What is the primary benefit of query parallelization?,Reduce governance overhead,Execute work across multiple compute resources simultaneously,Increase schema complexity,Eliminate indexing requirements,B,Data Analytics,Enterprise Analytics and Data Architecture,89
DA_3226,Which analytics architecture component provides a unified business view across multiple data sources?,ETL Pipeline,Semantic Layer,Partition Manager,Storage Tier,B,Data Analytics,Enterprise Analytics and Data Architecture,89
DA_3227,What is the primary purpose of horizontal partitioning?,Reduce column count,Distribute rows across partitions,Normalize dimensions,Compress metadata,B,Data Analytics,Enterprise Analytics and Data Architecture,92
DA_3228,A query scanning only 2 of 120 partitions benefits primarily from which optimization?,Caching,Partition Pruning,Data Vault Modeling,Surrogate Keys,B,Data Analytics,Enterprise Analytics and Data Architecture,100
DA_3229,Which architecture is best suited for near real-time event processing using a single streaming pipeline?,Lambda Architecture,Kappa Architecture,Star Schema,OLTP Architecture,B,Data Analytics,Enterprise Analytics and Data Architecture,91
DA_3230,What is the primary objective of performance benchmarking?,Measure system performance against defined standards,Reduce storage consumption,Increase schema normalization,Manage governance policies,A,Data Analytics,Enterprise Analytics and Data Architecture,79
DA_3231,Which data modeling approach is most optimized for analytical query performance and simplicity?,Third Normal Form,Star Schema,Data Vault,Snowflake Schema,B,Data Analytics,Enterprise Analytics and Data Architecture,77
DA_3232,"In enterprise reporting, what is the biggest advantage of governed KPI definitions?",Lower storage costs,Consistent metrics across departments,Improved partitioning,Faster ETL jobs,B,Data Analytics,Enterprise Analytics and Data Architecture,91
DA_3233,Which storage optimization technique reduces disk usage while maintaining analytical access?,Compression,Replication,Denormalization,Sharding,A,Data Analytics,Enterprise Analytics and Data Architecture,76
DA_3234,What is the primary purpose of metadata management?,Store raw transactional records,Maintain information about data assets and lineage,Optimize CPU usage,Manage query scheduling,B,Data Analytics,Enterprise Analytics and Data Architecture,78
DA_3235,Which challenge is most common when processing billion-row joins in distributed systems?,Color inconsistency,Data Skew,Workbook corruption,Schema naming conflicts,B,Data Analytics,Enterprise Analytics and Data Architecture,98
DA_3236,Which Medallion Architecture layer is typically used for business-ready reporting datasets?,Bronze,Raw,Silver,Gold,D,Data Analytics,Enterprise Analytics and Data Architecture,86
DA_3237,What is the primary benefit of caching frequently accessed analytical results?,Improved query response times,Increased normalization,Reduced governance requirements,Automatic partitioning,A,Data Analytics,Enterprise Analytics and Data Architecture,91
DA_3238,Which type of table stores descriptive business attributes such as customer name and region?,Fact Table,Bridge Table,Dimension Table,Aggregate Table,C,Data Analytics,Enterprise Analytics and Data Architecture,93
DA_3239,What is the primary goal of data retention optimization?,Maximize storage usage,Balance compliance requirements with storage efficiency,Increase dashboard count,Eliminate governance,B,Data Analytics,Enterprise Analytics and Data Architecture,90
DA_3240,Which architecture pattern combines storage and compute scalability independently?,Lakehouse Architecture,Monolithic Database,Spreadsheet Architecture,Desktop BI,A,Data Analytics,Enterprise Analytics and Data Architecture,84
DA_3241,Which performance engineering activity focuses on identifying resource bottlenecks during execution?,Capacity Planning,Query Profiling,Dimension Modeling,Data Governance,B,Data Analytics,Enterprise Analytics and Data Architecture,87
DA_3242,What is the main advantage of distributed query execution?,Queries run across multiple nodes simultaneously,Eliminates joins,Removes indexing needs,Prevents data growth,A,Data Analytics,Enterprise Analytics and Data Architecture,93
DA_3243,Which modeling concept determines the lowest level of detail stored in a fact table?,Partition Key,Granularity,Compression Ratio,Semantic Layer,B,Data Analytics,Enterprise Analytics and Data Architecture,80
DA_3244,What is the primary objective of analytical governance?,"Ensure trusted, secure and consistent analytical processes",Increase storage capacity,Reduce dashboard usage,Improve row counts,A,Data Analytics,Enterprise Analytics and Data Architecture,99
DA_3245,Which strategy is most effective for managing rapidly growing historical datasets?,Delete old records immediately,Implement archival storage policies,Duplicate datasets,Increase dashboard refresh frequency,B,Data Analytics,Enterprise Analytics and Data Architecture,83
DA_3246,What is the primary purpose of capacity planning in analytics platforms?,Estimate future resource requirements,Create fact tables,Build KPI dashboards,Normalize databases,A,Data Analytics,Enterprise Analytics and Data Architecture,78
DA_3247,Which enterprise architecture principle promotes reusable analytical assets across teams?,Data Silos,Shared Data Products,Local Spreadsheets,Independent Reporting,B,Data Analytics,Enterprise Analytics and Data Architecture,77
DA_3248,Which optimization technique minimizes data movement during distributed joins?,Predicate Pushdown and Data Locality,Extra Replication,More Dimensions,Increased Partition Count,A,Data Analytics,Enterprise Analytics and Data Architecture,100
DA_3249,What is the primary role of a data quality framework?,Define and monitor data accuracy completeness and consistency,Improve storage speed,Create schemas automatically,Manage compute clusters,A,Data Analytics,Enterprise Analytics and Data Architecture,94
DA_3250,Which characteristic best defines a mature enterprise analytics ecosystem?,Independent reporting tools only,Centralized spreadsheets,Governed scalable and trusted decision-support capabilities,Maximum number of dashboards,C,Data Analytics,Enterprise Analytics and Data Architecture,83
DA_3251,Which table optimization strategy is most effective for queries that primarily access recent records?,Hash Partitioning,Range Partitioning by Date,Vertical Partitioning,Random Sharding,B,Data Analytics,Enterprise Analytics and Data Architecture,77
DA_3252,What is the primary advantage of a Data Vault model in enterprise environments?,Simplified reporting,Historical traceability and scalability,Reduced storage requirements,Fewer joins in BI tools,B,Data Analytics,Enterprise Analytics and Data Architecture,94
DA_3253,Which factor most directly impacts the effectiveness of partition pruning?,Dashboard design,Partition key selection,Data visualization style,Metadata size,B,Data Analytics,Enterprise Analytics and Data Architecture,76
DA_3254,What is the primary purpose of a Gold layer in Medallion Architecture?,Store raw data,Store cleansed business-ready data,Store backup files,Store metadata only,B,Data Analytics,Enterprise Analytics and Data Architecture,97
DA_3255,Which performance issue commonly results from uneven data distribution across compute nodes?,Data Skew,Schema Drift,Metadata Inflation,Compression Failure,A,Data Analytics,Enterprise Analytics and Data Architecture,88
DA_3256,What is the primary benefit of columnar storage for large-scale aggregations?,Faster row inserts,Reduced I/O for analytical queries,Improved normalization,Simplified governance,B,Data Analytics,Enterprise Analytics and Data Architecture,98
DA_3257,Which architecture pattern emphasizes domain-oriented ownership of analytical data?,Lambda Architecture,Data Mesh,Star Schema,Kappa Architecture,B,Data Analytics,Enterprise Analytics and Data Architecture,95
DA_3258,What is the primary objective of query federation?,Combine data from multiple sources without centralizing all data,Increase storage redundancy,Eliminate metadata management,Improve dashboard colors,A,Data Analytics,Enterprise Analytics and Data Architecture,92
DA_3259,Which data modeling structure typically produces the fewest joins for reporting queries?,Snowflake Schema,Third Normal Form,Star Schema,Data Vault,C,Data Analytics,Enterprise Analytics and Data Architecture,78
DA_3260,What is the main purpose of workload isolation in analytics platforms?,Separate workloads to prevent resource contention,Increase data duplication,Reduce governance controls,Eliminate indexing,A,Data Analytics,Enterprise Analytics and Data Architecture,84
DA_3261,Which enterprise reporting principle ensures users see consistent KPI calculations?,Semantic Layer Governance,Partition Pruning,Column Compression,Query Federation,A,Data Analytics,Enterprise Analytics and Data Architecture,80
DA_3262,What is the primary role of surrogate keys in dimensional models?,Store business calculations,Provide stable unique identifiers,Improve dashboard speed,Manage metadata,B,Data Analytics,Enterprise Analytics and Data Architecture,81
DA_3263,Which storage strategy is most suitable for infrequently accessed historical datasets?,High-performance SSD tier,Archival storage tier,In-memory cache,Real-time stream storage,B,Data Analytics,Enterprise Analytics and Data Architecture,79
DA_3264,What is the primary purpose of analytical observability?,Monitor data health pipelines and usage,Create fact tables,Manage backups only,Optimize report formatting,A,Data Analytics,Enterprise Analytics and Data Architecture,92
DA_3265,Which optimization most directly reduces network transfer in distributed analytics systems?,Predicate Pushdown,Extra Indexes,Normalization,Surrogate Keys,A,Data Analytics,Enterprise Analytics and Data Architecture,96
DA_3266,Which factor is most important when selecting a partitioning strategy?,Color scheme,Query access patterns,Dashboard count,Number of users,B,Data Analytics,Enterprise Analytics and Data Architecture,96
DA_3267,What is the primary purpose of business process modeling in analytics?,Identify and structure measurable business activities,Improve storage compression,Manage security roles,Create ETL schedules,A,Data Analytics,Enterprise Analytics and Data Architecture,96
DA_3268,Which architecture component provides business-friendly access to complex datasets?,Semantic Layer,Partition Manager,Cluster Scheduler,Storage Gateway,A,Data Analytics,Enterprise Analytics and Data Architecture,91
DA_3269,What is the main advantage of materialized views for enterprise reporting?,Precomputed results improve query performance,Reduce data quality issues,Eliminate governance needs,Prevent data growth,A,Data Analytics,Enterprise Analytics and Data Architecture,91
DA_3270,Which challenge is most common in billion-row aggregation workloads?,Data Skew and resource imbalance,Report formatting issues,Metadata duplication,Schema naming conflicts,A,Data Analytics,Enterprise Analytics and Data Architecture,97
DA_3271,What is the primary purpose of compute-storage separation in modern analytics platforms?,Scale compute and storage independently,Reduce metadata volume,Increase normalization,Eliminate indexing,A,Data Analytics,Enterprise Analytics and Data Architecture,86
DA_3272,Which KPI framework characteristic is most critical for executive decision-making?,Alignment with business objectives,Maximum number of metrics,High storage efficiency,Unlimited drill-downs,A,Data Analytics,Enterprise Analytics and Data Architecture,77
DA_3273,Which architecture pattern is designed around event streaming and real-time processing?,Kappa Architecture,Star Schema,Data Vault,OLTP Architecture,A,Data Analytics,Enterprise Analytics and Data Architecture,92
DA_3274,What is the primary objective of resource optimization in performance engineering?,Maximize efficiency of available compute and storage resources,Increase dashboard count,Reduce governance oversight,Eliminate partitioning,A,Data Analytics,Enterprise Analytics and Data Architecture,90
DA_3275,Which characteristic best describes a scalable enterprise analytics architecture?,Supports growth in users data volume and workloads without major redesign,Uses a single server,Eliminates metadata management,Avoids partitioning entirely,A,Data Analytics,Enterprise Analytics and Data Architecture,93
DA_3276,Which partitioning strategy is most effective for a global retailer querying sales data by region?,Range Partitioning,List Partitioning by Region,Random Partitioning,Vertical Partitioning,B,Data Analytics,Enterprise Analytics and Data Architecture,85
DA_3277,What is the primary purpose of a conformed dimension in enterprise data warehousing?,Reduce storage costs,Provide consistent dimensions across subject areas,Increase partition counts,Improve dashboard colors,B,Data Analytics,Enterprise Analytics and Data Architecture,81
DA_3278,Which query optimization technique reduces the amount of data shuffled between distributed nodes?,Predicate Pushdown and Local Aggregation,Extra Replication,Schema Normalization,Metadata Compression,A,Data Analytics,Enterprise Analytics and Data Architecture,96
DA_3279,What is the key advantage of Data Lakehouse architecture over traditional warehouses?,Unified support for structured and unstructured analytics,Eliminates governance,Removes need for metadata,Guarantees faster queries,A,Data Analytics,Enterprise Analytics and Data Architecture,91
DA_3280,Which performance metric is most useful for identifying inefficient resource utilization?,CPU and Memory Utilization,Number of Dashboards,Row Count,Dimension Count,A,Data Analytics,Enterprise Analytics and Data Architecture,80
DA_3281,Which dimensional modeling component typically contains foreign keys to dimensions?,Fact Table,Bridge Table,Hierarchy Table,Lookup Table,A,Data Analytics,Enterprise Analytics and Data Architecture,87
DA_3282,What is the primary purpose of query execution planning?,Determine the most efficient strategy to execute a query,Create reports,Manage metadata,Build KPIs,A,Data Analytics,Enterprise Analytics and Data Architecture,81
DA_3283,Which Medallion Architecture layer usually serves as the source for executive dashboards?,Bronze,Silver,Gold,Landing Zone,C,Data Analytics,Enterprise Analytics and Data Architecture,89
DA_3284,What is the biggest benefit of data compression in analytical systems?,Reduces storage and improves scan efficiency,Improves governance,Eliminates ETL,Prevents skew,A,Data Analytics,Enterprise Analytics and Data Architecture,98
DA_3285,Which architecture principle promotes discoverability and reuse of enterprise data assets?,Data Cataloging and Metadata Management,Data Duplication,Spreadsheet Reporting,Manual Documentation,A,Data Analytics,Enterprise Analytics and Data Architecture,91
DA_3286,Which challenge often arises when joining very large fact tables across distributed clusters?,Data Skew and Network Shuffling,Color Mismatch,Schema Naming,Dashboard Latency,A,Data Analytics,Enterprise Analytics and Data Architecture,100
DA_3287,What is the primary purpose of workload prioritization?,Ensure critical workloads receive resources first,Increase storage usage,Reduce metadata quality,Create additional partitions,A,Data Analytics,Enterprise Analytics and Data Architecture,82
DA_3288,Which modeling approach is best suited for highly normalized enterprise integration layers?,Star Schema,Third Normal Form,Flat Files,Wide Tables,B,Data Analytics,Enterprise Analytics and Data Architecture,77
DA_3289,What is the main advantage of caching frequently executed dashboard queries?,Lower query latency and reduced backend load,Improved normalization,Reduced governance needs,Automatic partitioning,A,Data Analytics,Enterprise Analytics and Data Architecture,81
DA_3290,Which architecture pattern supports both historical analytics and real-time event processing using separate pipelines?,Kappa Architecture,Lambda Architecture,Data Mesh,OLTP Design,B,Data Analytics,Enterprise Analytics and Data Architecture,84
DA_3291,What is the primary role of data lineage within enterprise analytics?,Track data movement and transformations across systems,Improve compression,Increase partition counts,Create KPIs,A,Data Analytics,Enterprise Analytics and Data Architecture,82
DA_3292,Which optimization is most beneficial for repetitive aggregation-heavy reporting workloads?,Materialized Views,Additional Fact Tables,More Dimensions,Random Sharding,A,Data Analytics,Enterprise Analytics and Data Architecture,77
DA_3293,What is the purpose of scalability engineering in analytics platforms?,Support growth without significant performance degradation,Reduce governance requirements,Eliminate indexing,Minimize metadata usage,A,Data Analytics,Enterprise Analytics and Data Architecture,94
DA_3294,"Which data architecture component stores information about datasets, ownership and lineage?",Data Catalog,Fact Table,Semantic Layer,Partition Manager,A,Data Analytics,Enterprise Analytics and Data Architecture,83
DA_3295,Which factor most directly influences distributed query performance for large joins?,Data Locality and Distribution,Color Themes,Dashboard Layout,Report Naming,A,Data Analytics,Enterprise Analytics and Data Architecture,86
DA_3296,What is the primary objective of an enterprise analytics maturity model?,Assess and improve organizational analytics capabilities,Increase storage usage,Reduce metadata,Build dashboards automatically,A,Data Analytics,Enterprise Analytics and Data Architecture,100
DA_3297,Which architecture concept emphasizes treating analytical assets as reusable products?,Data Product Design,Star Schema,Partition Pruning,Column Compression,A,Data Analytics,Enterprise Analytics and Data Architecture,79
DA_3298,What is the main benefit of observability-driven analytics operations?,Proactive detection of data and system issues,Automatic schema design,Reduced storage requirements,Elimination of ETL processes,A,Data Analytics,Enterprise Analytics and Data Architecture,91
DA_3299,Which optimization technique is most effective when a query repeatedly accesses the same subset of hot data?,Caching Layer,Extra Partitioning,Additional Dimensions,Metadata Expansion,A,Data Analytics,Enterprise Analytics and Data Architecture,100
DA_3300,Which performance metric best indicates inefficient utilization of analytics platform investments?,Infrastructure Utilization Rate,Dashboard Count,Worksheet Count,Dimension Count,A,Data Analytics,Enterprise Analytics and Data Architecture,93
DA_3301,Which architecture principle is most critical when designing a globally distributed analytics platform?,Minimize data access controls,Separate compute and storage layers,Eliminate metadata management,Store all data in a single region,B,Data Analytics,Enterprise Analytics and Data Architecture,88
DA_3302,What is the primary purpose of partition elimination in billion-row query processing?,Reduce the number of scanned partitions,Increase replication,Improve governance,Reduce metadata storage,A,Data Analytics,Enterprise Analytics and Data Architecture,80
DA_3303,Which modeling technique is best suited for integrating data from hundreds of source systems while preserving history?,Star Schema,Snowflake Schema,Data Vault,Flat Table,C,Data Analytics,Enterprise Analytics and Data Architecture,77
DA_3304,A distributed query experiences severe slowdown because one node processes 60% of all records. What is the most likely issue?,Metadata corruption,Data skew,Index fragmentation,Partition pruning,B,Data Analytics,Enterprise Analytics and Data Architecture,86
DA_3305,Which architecture component ensures consistent KPI calculations across dashboards and departments?,Fact Table,Semantic Layer,Partition Manager,ETL Pipeline,B,Data Analytics,Enterprise Analytics and Data Architecture,76
DA_3306,What is the primary benefit of workload isolation in shared analytics environments?,Prevent resource contention between workloads,Increase storage redundancy,Reduce partition counts,Improve normalization,A,Data Analytics,Enterprise Analytics and Data Architecture,88
DA_3307,Which storage format is typically preferred for large-scale analytical scans?,Row-Oriented Format,Columnar Format,XML Format,CSV Format,B,Data Analytics,Enterprise Analytics and Data Architecture,80
DA_3308,"In a star schema,which table generally grows the fastest over time?",Dimension Table,Bridge Table,Fact Table,Lookup Table,C,Data Analytics,Enterprise Analytics and Data Architecture,93
DA_3309,"Which enterprise analytics capability focuses on tracking data freshness , quality and reliability?",Data Compression,Observability,Partitioning,Denormalization,B,Data Analytics,Enterprise Analytics and Data Architecture,89
DA_3310,What is the primary goal of query parallelization?,Execute work across multiple processing units simultaneously,Reduce metadata size,Increase storage efficiency,Improve schema flexibility,A,Data Analytics,Enterprise Analytics and Data Architecture,88
DA_3311,Which Medallion Architecture layer typically contains raw ingested source data?,Gold,Silver,Bronze,Semantic,C,Data Analytics,Enterprise Analytics and Data Architecture,82
DA_3312,What is the primary purpose of capacity planning?,Estimate future infrastructure and workload needs,Design dashboards,Create dimensions,Compress data,A,Data Analytics,Enterprise Analytics and Data Architecture,83
DA_3313,Which factor most influences the effectiveness of a distributed join strategy?,Color palette,Data distribution,Report frequency,Dashboard count,B,Data Analytics,Enterprise Analytics and Data Architecture,93
DA_3314,What is the key advantage of materialized views compared to standard views?,Store precomputed query results,Require less storage,Eliminate governance,Prevent data growth,A,Data Analytics,Enterprise Analytics and Data Architecture,82
DA_3315,Which architecture pattern is commonly associated with domain-oriented ownership and decentralized governance?,Lambda Architecture,Data Mesh,Kappa Architecture,Star Schema,B,Data Analytics,Enterprise Analytics and Data Architecture,95
DA_3316,What is the primary objective of data lifecycle management?,Manage data from creation through archival and deletion,Improve indexing,Create dashboards,Normalize schemas,A,Data Analytics,Enterprise Analytics and Data Architecture,92
DA_3317,Which performance engineering metric is most useful for identifying compute bottlenecks?,CPU Utilization,Dimension Count,Dashboard Count,Metadata Size,A,Data Analytics,Enterprise Analytics and Data Architecture,91
DA_3318,What is the primary role of a conformed dimension?,Provide consistent business context across fact tables,Increase storage efficiency,Reduce partition counts,Improve compression,A,Data Analytics,Enterprise Analytics and Data Architecture,86
DA_3319,Which optimization technique reduces the amount of data transferred across distributed nodes?,Predicate Pushdown,Extra Indexes,Additional Dimensions,Replication,A,Data Analytics,Enterprise Analytics and Data Architecture,94
DA_3320,What is the primary purpose of enterprise KPI governance?,Ensure metric consistency and trustworthiness,Increase dashboard quantity,Reduce storage usage,Improve query formatting,A,Data Analytics,Enterprise Analytics and Data Architecture,76
DA_3321,Which architecture style combines streaming and batch processing in separate paths?,Data Mesh,Lambda Architecture,Star Schema,Data Vault,B,Data Analytics,Enterprise Analytics and Data Architecture,96
DA_3322,Which table optimization technique is most useful when queries primarily access recent time periods?,Date-Based Partitioning,Vertical Partitioning,Hash Replication,Data Duplication,A,Data Analytics,Enterprise Analytics and Data Architecture,83
DA_3323,What is the primary purpose of query federation?,Query multiple systems without fully centralizing data,Increase storage redundancy,Improve dashboard design,Reduce metadata usage,A,Data Analytics,Enterprise Analytics and Data Architecture,76
DA_3324,Which modeling approach is typically preferred for business-user-friendly reporting?,Third Normal Form,Star Schema,Data Vault,Anchor Modeling,B,Data Analytics,Enterprise Analytics and Data Architecture,84
DA_3325,What is the key benefit of analytical scalability?,Support growing workloads without major redesign,Reduce governance requirements,Eliminate metadata management,Decrease data quality controls,A,Data Analytics,Enterprise Analytics and Data Architecture,94
DA_3326,"Which architecture component provides a centralized repository of metadata , ownership and lineage information?",Data Catalog,Fact Table,Query Optimizer,Cache Layer,A,Data Analytics,Enterprise Analytics and Data Architecture,96
DA_3327,What is the primary purpose of vertical partitioning?,Split rows across storage nodes,Separate columns based on access patterns,Duplicate historical data,Improve metadata visibility,B,Data Analytics,Enterprise Analytics and Data Architecture,84
DA_3328,Which challenge is most common when executing distributed aggregations on highly skewed datasets?,Metadata duplication,Uneven workload distribution,Column compression,Dimension growth,B,Data Analytics,Enterprise Analytics and Data Architecture,96
DA_3329,What is the primary advantage of a Lakehouse architecture compared to a traditional data lake?,Built-in governance and warehouse-style analytics capabilities,Eliminates storage costs,Removes need for ETL,Stores only structured data,A,Data Analytics,Enterprise Analytics and Data Architecture,100
DA_3330,Which performance engineering practice focuses on comparing system behavior against predefined benchmarks?,Capacity Planning,Query Profiling,Performance Benchmarking,Data Governance,C,Data Analytics,Enterprise Analytics and Data Architecture,85
DA_3331,Which data modeling element typically contains descriptive attributes such as product category and customer region?,Fact Table,Dimension Table,Bridge Table,Aggregate Table,B,Data Analytics,Enterprise Analytics and Data Architecture,99
DA_3332,What is the primary purpose of resource allocation policies in enterprise analytics platforms?,Distribute compute resources efficiently among workloads,Increase storage costs,Reduce governance controls,Create dashboards,A,Data Analytics,Enterprise Analytics and Data Architecture,98
DA_3333,Which architecture pattern is best suited for event-driven analytics with minimal batch processing requirements?,Lambda Architecture,Kappa Architecture,Star Schema,Data Vault,B,Data Analytics,Enterprise Analytics and Data Architecture,86
DA_3334,What is the main benefit of partition pruning in large-scale analytics environments?,Improves dashboard design,Reduces the amount of data scanned by queries,Eliminates metadata management,Increases redundancy,B,Data Analytics,Enterprise Analytics and Data Architecture,76
DA_3335,Which KPI framework characteristic ensures metrics remain actionable for business leaders?,Alignment with strategic objectives,Maximum granularity,Unlimited dimensions,Large storage capacity,A,Data Analytics,Enterprise Analytics and Data Architecture,95
DA_3336,What is the primary objective of data governance architecture?,"Ensure secure , compliant and trusted data usage",Improve partition performance,Reduce dashboard complexity,Increase storage redundancy,A,Data Analytics,Enterprise Analytics and Data Architecture,100
DA_3337,Which optimization strategy is most effective for recurring dashboard queries over pre-aggregated data?,Materialized Views,Vertical Partitioning,Hash Sharding,Schema Normalization,A,Data Analytics,Enterprise Analytics and Data Architecture,83
DA_3338,What is the key advantage of compute-storage separation in modern analytics platforms?,Independent scaling of compute and storage resources,Elimination of metadata,Removal of governance requirements,Guaranteed query acceleration,A,Data Analytics,Enterprise Analytics and Data Architecture,95
DA_3339,Which modeling approach is most appropriate for enterprise reporting systems requiring fast query performance?,Star Schema,Third Normal Form,Data Vault,Anchor Model,A,Data Analytics,Enterprise Analytics and Data Architecture,87
DA_3340,What is the primary purpose of observability alerts in analytics ecosystems?,Notify teams about data or system anomalies,Create KPIs automatically,Increase partition count,Improve compression ratios,A,Data Analytics,Enterprise Analytics and Data Architecture,76
DA_3341,Which challenge often limits scalability in distributed query execution?,Balanced workload distribution,Network bottlenecks and data movement,Metadata quality,Dimension cardinality,B,Data Analytics,Enterprise Analytics and Data Architecture,85
DA_3342,What is the primary benefit of conformed dimensions in enterprise warehouses?,Consistent reporting across subject areas,Reduced compression ratios,Increased storage costs,Elimination of fact tables,A,Data Analytics,Enterprise Analytics and Data Architecture,79
DA_3343,Which storage optimization technique reduces physical storage requirements without removing data?,Compression,Replication,Sharding,Partition Splitting,A,Data Analytics,Enterprise Analytics and Data Architecture,90
DA_3344,What is the main purpose of a semantic layer?,Translate technical data structures into business-friendly concepts,Store raw data,Manage compute clusters,Handle backups,A,Data Analytics,Enterprise Analytics and Data Architecture,94
DA_3345,Which enterprise analytics capability helps organizations track the origin and transformation of data?,Data Lineage,Partitioning,Caching,Compression,A,Data Analytics,Enterprise Analytics and Data Architecture,81
DA_3346,Which architecture principle promotes self-service analytics while maintaining governance?,Centralized spreadsheets,Semantic layer with governed metrics,Manual reporting workflows,Local data silos,B,Data Analytics,Enterprise Analytics and Data Architecture,80
DA_3347,What is the primary objective of cost optimization in analytics engineering?,Balance performance and expenses efficiently,Maximize storage usage,Reduce governance standards,Increase dashboard counts,A,Data Analytics,Enterprise Analytics and Data Architecture,80
DA_3348,Which Medallion Architecture layer typically contains validated and transformed enterprise data?,Bronze,Silver,Archive,Landing Zone,B,Data Analytics,Enterprise Analytics and Data Architecture,93
DA_3349,What is the biggest advantage of analytical data products in modern enterprises?,"Reusable,discoverable,and governed analytical assets",Unlimited storage growth,Reduced metadata needs,Elimination of reporting tools,A,Data Analytics,Enterprise Analytics and Data Architecture,78
DA_3350,Which characteristic best indicates a highly mature analytics organization?,"Governed , scalable , data-driven decision-making practices",Maximum dashboard volume,Unlimited storage capacity,Minimal metadata management,A,Data Analytics,Enterprise Analytics and Data Architecture,97
DA_3351,Which data modeling approach is most appropriate when regulatory compliance requires complete historical traceability of every attribute change?,Star Schema,Snowflake Schema,Data Vault,Flat Reporting Model,C,Data Analytics,Enterprise Analytics and Data Architecture,77
DA_3352,What is the primary purpose of partition-wise joins in large-scale analytics systems?,Reduce network data movement by joining corresponding partitions,Increase partition count,Improve metadata quality,Reduce storage costs,A,Data Analytics,Enterprise Analytics and Data Architecture,79
DA_3353,Which enterprise architecture capability enables analysts to discover trusted datasets quickly?,Data Catalog,Fact Table,Partition Manager,Query Cache,A,Data Analytics,Enterprise Analytics and Data Architecture,93
DA_3354,A workload consistently exceeds allocated CPU resources during month-end reporting. Which performance engineering activity should be prioritized?,Dashboard Redesign,Capacity Planning,Dimension Modeling,Metadata Archiving,B,Data Analytics,Enterprise Analytics and Data Architecture,84
DA_3355,Which Medallion Architecture layer is typically the source for enterprise-grade KPI dashboards?,Bronze,Landing,Silver,Gold,D,Data Analytics,Enterprise Analytics and Data Architecture,94
DA_3356,What is the primary benefit of query result caching in enterprise BI platforms?,Eliminates governance,Reduces repeated computation and latency,Improves schema flexibility,Increases partition count,B,Data Analytics,Enterprise Analytics and Data Architecture,85
DA_3357,Which architecture pattern is designed to support decentralized data ownership and governance?,Data Mesh,Lambda Architecture,Star Schema,OLTP Architecture,A,Data Analytics,Enterprise Analytics and Data Architecture,97
DA_3358,What is the most important factor when choosing a partition key for a fact table?,Color conventions,Common query filter patterns,Number of dashboards,Metadata size,B,Data Analytics,Enterprise Analytics and Data Architecture,90
DA_3359,Which optimization technique helps reduce storage while maintaining analytical performance for repetitive aggregates?,Materialized Views,Random Sharding,Extra Dimensions,Data Duplication,A,Data Analytics,Enterprise Analytics and Data Architecture,76
DA_3360,What is the primary objective of enterprise observability frameworks?,Monitor data quality pipeline health and system reliability,Create schemas automatically,Manage user permissions only,Replace governance processes,A,Data Analytics,Enterprise Analytics and Data Architecture,86
DA_3361,Which challenge is most likely when processing highly skewed customer activity data across distributed nodes?,Uniform workload distribution,Node hotspots and uneven execution times,Improved compression,Reduced storage usage,B,Data Analytics,Enterprise Analytics and Data Architecture,89
DA_3362,What is the primary purpose of analytical workload management?,Allocate resources based on workload priorities,Increase storage capacity,Reduce metadata quality checks,Create KPI frameworks,A,Data Analytics,Enterprise Analytics and Data Architecture,85
DA_3363,Which dimensional modeling concept ensures that shared dimensions can be reused across subject areas?,Conformed Dimensions,Bridge Tables,Aggregate Facts,Role-Playing Facts,A,Data Analytics,Enterprise Analytics and Data Architecture,94
DA_3364,What is the key advantage of columnar storage over row-based storage for analytical workloads?,Faster transactional inserts,Efficient column scans and compression,Lower governance requirements,Simpler ETL pipelines,B,Data Analytics,Enterprise Analytics and Data Architecture,99
DA_3365,Which architecture component provides business-friendly metric definitions independent of physical storage?,Semantic Layer,Partition Manager,Storage Engine,ETL Orchestrator,A,Data Analytics,Enterprise Analytics and Data Architecture,96
DA_3366,What is the primary goal of enterprise analytics maturity assessments?,Evaluate and improve analytical capabilities over time,Increase storage capacity,Reduce dashboard count,Improve compression ratios,A,Data Analytics,Enterprise Analytics and Data Architecture,91
DA_3367,Which optimization strategy most directly reduces data scanned in a partitioned warehouse?,Partition Pruning,Extra Indexes,Normalization,Replication,A,Data Analytics,Enterprise Analytics and Data Architecture,83
DA_3368,What is the primary purpose of data retention policies?,Define how long data should be stored and managed,Increase dashboard speed,Reduce metadata,Create dimensions,A,Data Analytics,Enterprise Analytics and Data Architecture,77
DA_3369,Which architecture style is most suitable for unified analytics on structured and unstructured data?,Lakehouse Architecture,Traditional OLTP,Spreadsheet Model,Desktop Database,A,Data Analytics,Enterprise Analytics and Data Architecture,98
DA_3370,What is the biggest benefit of business-aligned KPI frameworks?,Ensure analytics directly supports organizational objectives,Increase partition count,Reduce ETL complexity,Improve storage efficiency,A,Data Analytics,Enterprise Analytics and Data Architecture,100
DA_3371,Which factor most influences the efficiency of distributed aggregations?,Data distribution and shuffle volume,Dashboard formatting,Metadata naming conventions,Color palettes,A,Data Analytics,Enterprise Analytics and Data Architecture,82
DA_3372,What is the primary role of surrogate keys in enterprise dimensional models?,Provide stable identifiers independent of source systems,Improve compression,Reduce governance overhead,Manage metadata catalogs,A,Data Analytics,Enterprise Analytics and Data Architecture,94
DA_3373,Which performance engineering practice identifies inefficient queries before production deployment?,Query Profiling,Data Cataloging,Dimension Design,Report Scheduling,A,Data Analytics,Enterprise Analytics and Data Architecture,82
DA_3374,What is the main advantage of analytical data products?,Deliver reusable governed analytical assets to consumers,Reduce storage costs automatically,Eliminate ETL requirements,Replace data governance,A,Data Analytics,Enterprise Analytics and Data Architecture,90
DA_3375,Which characteristic best describes a well-designed enterprise analytics ecosystem?,"Scalable , governed ,observable and  and business-aligned",Unlimited dashboard creation,Minimal metadata usage,Single-team ownership,A,Data Analytics,Enterprise Analytics and Data Architecture,83
DA_3376,Which data architecture principle helps minimize dependencies between analytical domains while maintaining interoperability?,Centralized Reporting,Domain-Oriented Ownership,Flat File Exchange,Shared Spreadsheets,B,Data Analytics,Enterprise Analytics and Data Architecture,89
DA_3377,What is the primary purpose of hash partitioning in large-scale analytics systems?,Optimize time-based queries,Distribute data evenly across partitions,Reduce metadata storage,Eliminate indexing,B,Data Analytics,Enterprise Analytics and Data Architecture,76
DA_3378,Which performance issue is most likely when partition sizes become extremely uneven?,Improved query balancing,Data Skew and resource hotspots,Reduced storage costs,Faster aggregation performance,B,Data Analytics,Enterprise Analytics and Data Architecture,88
DA_3379,What is the primary benefit of semantic models in self-service analytics?,Allow users to work with business concepts instead of technical schemas,Reduce storage requirements,Increase partition counts,Eliminate governance,A,Data Analytics,Enterprise Analytics and Data Architecture,78
DA_3380,Which architecture pattern emphasizes data as a product with clear ownership and discoverability?,Lambda Architecture,Star Schema,Data Mesh,OLTP Design,C,Data Analytics,Enterprise Analytics and Data Architecture,96
DA_3381,What is the main objective of query workload classification?,Group workloads to optimize resource allocation and prioritization,Reduce metadata volume,Increase dashboard creation,Improve storage compression,A,Data Analytics,Enterprise Analytics and Data Architecture,81
DA_3382,Which data modeling technique is most suitable for handling many-to-many relationships in dimensional models?,Bridge Tables,Factless Facts,Surrogate Keys,Aggregate Tables,A,Data Analytics,Enterprise Analytics and Data Architecture,94
DA_3383,What is the primary advantage of distributed storage architectures?,Independent scaling and fault tolerance,Reduced governance,Elimination of metadata,Automatic KPI generation,A,Data Analytics,Enterprise Analytics and Data Architecture,90
DA_3384,Which enterprise analytics capability ensures traceability from reports back to original source systems?,Data Lineage,Partition Pruning,Compression,Caching,A,Data Analytics,Enterprise Analytics and Data Architecture,79
DA_3385,What is the biggest benefit of automated data quality monitoring?,Early detection of reliability issues,Reduced storage costs,Improved partitioning,More dashboards,A,Data Analytics,Enterprise Analytics and Data Architecture,96
DA_3386,Which optimization technique is most effective when queries repeatedly access summarized historical data?,Materialized Aggregates,Extra Fact Tables,Replication,Random Partitioning,A,Data Analytics,Enterprise Analytics and Data Architecture,78
DA_3387,What is the primary purpose of enterprise metadata repositories?,Centralize information about datasets ownership and usage,Store raw transactions,Replace fact tables,Compress historical data,A,Data Analytics,Enterprise Analytics and Data Architecture,79
DA_3388,Which challenge commonly occurs when scaling analytics platforms globally?,Managing data locality and latency,Reducing dashboard colors,Increasing worksheet counts,Eliminating metadata,A,Data Analytics,Enterprise Analytics and Data Architecture,80
DA_3389,What is the primary role of Gold-layer datasets in a Medallion Architecture?,Raw ingestion,Business-ready consumption and reporting,Archival storage,Metadata tracking,B,Data Analytics,Enterprise Analytics and Data Architecture,93
DA_3390,Which performance engineering strategy balances response time objectives with infrastructure costs?,Cost-Performance Optimization,Data Duplication,Unlimited Scaling,Schema Expansion,A,Data Analytics,Enterprise Analytics and Data Architecture,100
DA_3391,What is the primary objective of analytical governance committees?,"Establish standards , policies and accountability for analytics",Increase storage capacity,Reduce data quality checks,Create dashboards automatically,A,Data Analytics,Enterprise Analytics and Data Architecture,85
DA_3392,Which architecture component enables consistent business calculations across multiple BI tools?,Semantic Layer,Storage Engine,Partition Manager,Cluster Scheduler,A,Data Analytics,Enterprise Analytics and Data Architecture,83
DA_3393,What is the key benefit of enterprise-wide conformed dimensions?,Cross-functional reporting consistency,Reduced storage costs,Elimination of ETL pipelines,Improved compression ratios,A,Data Analytics,Enterprise Analytics and Data Architecture,87
DA_3394,Which optimization technique is most beneficial for reducing scan costs in partitioned data warehouses?,Partition Pruning,Normalization,Replication,Bridge Tables,A,Data Analytics,Enterprise Analytics and Data Architecture,97
DA_3395,What is the primary purpose of observability dashboards in enterprise analytics?,Provide visibility into pipeline health and data reliability,Replace reporting dashboards,Manage storage allocation,Create metadata automatically,A,Data Analytics,Enterprise Analytics and Data Architecture,78
DA_3396,Which architecture style is best suited for combining real-time streaming and historical analytical processing in one governed environment?,Lakehouse Architecture,Spreadsheet Architecture,Desktop Database,Standalone OLTP System,A,Data Analytics,Enterprise Analytics and Data Architecture,93
DA_3397,What is the primary benefit of scalable analytical frameworks?,Support increasing data volumes and users efficiently,Reduce metadata usage,Increase report complexity,Eliminate governance controls,A,Data Analytics,Enterprise Analytics and Data Architecture,98
DA_3398,Which performance metric is most useful for identifying excessive data movement during distributed execution?,Network Shuffle Volume,Dashboard Count,Worksheet Count,Dimension Count,A,Data Analytics,Enterprise Analytics and Data Architecture,83
DA_3399,What is the main objective of enterprise BI strategy?,Enable trusted data-driven decision making across the organization,Maximize storage consumption,Increase dashboard quantity only,Eliminate reporting standards,A,Data Analytics,Enterprise Analytics and Data Architecture,76
DA_3400,Which performance metric best indicates inefficient utilization of analytics platform investments?,Infrastructure Utilization Rate,Dashboard Count,Worksheet Count,Dimension Count,A,Data Analytics,Enterprise Analytics and Data Architecture,89
DA_3401,Which data modeling approach is most appropriate for integrating historical data from multiple operational systems while preserving auditability?,Star Schema,Snowflake Schema,Data Vault,Wide Table,C,Data Analytics,Enterprise Analytics and Data Architecture,97
DA_3402,What is the primary benefit of partition-wise aggregation in distributed systems?,Reduces data movement between nodes,Increases storage utilization,Improves dashboard design,Eliminates indexing,A,Data Analytics,Enterprise Analytics and Data Architecture,98
DA_3403,Which architecture component is responsible for translating business terminology into technical data structures?,Storage Engine,Semantic Layer,Partition Manager,Data Lake,B,Data Analytics,Enterprise Analytics and Data Architecture,88
DA_3404,A query processing 8 billion rows spends most of its time transferring data across nodes. Which optimization should be evaluated first?,Increase dashboard refresh frequency,Reduce shuffle operations,Add dimensions,Increase retention period,B,Data Analytics,Enterprise Analytics and Data Architecture,100
DA_3405,Which enterprise analytics principle ensures that business metrics are interpreted consistently across departments?,Conformed Dimensions,Partitioning,Compression,Data Archival,A,Data Analytics,Enterprise Analytics and Data Architecture,87
DA_3406,What is the primary role of workload queues in analytics platforms?,Separate workloads based on priority and resource requirements,Create schemas automatically,Improve compression,Reduce metadata,A,Data Analytics,Enterprise Analytics and Data Architecture,78
DA_3407,Which storage strategy is best for high-frequency analytical queries requiring low latency?,Cold Archive Storage,In-Memory Caching,Tape Backup,Object Storage,B,Data Analytics,Enterprise Analytics and Data Architecture,93
DA_3408,What is the main advantage of a star schema over a highly normalized model for reporting?,Fewer joins and simpler queries,Smaller dimensions,More metadata,Better compression only,A,Data Analytics,Enterprise Analytics and Data Architecture,96
DA_3409,What is the primary objective of query cost estimation?,Predict the resources required to execute alternative plans,Reduce metadata volume,Increase dashboard count,Improve report formatting,A,Data Analytics,Enterprise Analytics and Data Architecture,88
DA_3410,Which challenge is most likely when a partitioning key has very low cardinality?,Uniform workload distribution,Partition hotspots and skew,Clean metadata,Faster joins,B,Data Analytics,Enterprise Analytics and Data Architecture,90
DA_3411,What is the primary benefit of enterprise data catalogs?,Improve discoverability and governance of data assets,Increase partition counts,Reduce storage usage,Generate reports automatically,A,Data Analytics,Enterprise Analytics and Data Architecture,85
DA_3412,Which optimization technique precomputes expensive calculations for repeated access?,Materialized Views,Normalization,Replication,Bridge Tables,A,Data Analytics,Enterprise Analytics and Data Architecture,76
DA_3413,Which enterprise architecture capability helps ensure regulatory compliance for data usage?,Data Governance Framework,Dashboard Automation,Compression Policies,Caching Strategies,A,Data Analytics,Enterprise Analytics and Data Architecture,81
DA_3414,Which factor most directly impacts query parallelization efficiency?,Availability of independent tasks and resources,Color themes,Dashboard layouts,Metadata labels,A,Data Analytics,Enterprise Analytics and Data Architecture,84
DA_3415,What is the primary purpose of slowly changing dimensions in analytical systems?,Track historical attribute changes over time,Reduce storage costs,Improve compression,Increase partition counts,A,Data Analytics,Enterprise Analytics and Data Architecture,85
DA_3416,Which architecture pattern is designed around event streams and continuous processing?,Kappa Architecture,Star Schema,Data Vault,OLTP Model,A,Data Analytics,Enterprise Analytics and Data Architecture,90
DA_3417,What is the primary objective of analytical scalability engineering?,Maintain performance as workloads and data volumes grow,Reduce governance,Increase report complexity,Eliminate metadata,A,Data Analytics,Enterprise Analytics and Data Architecture,84
DA_3418,Which optimization technique minimizes scanning of irrelevant data in partitioned tables?,Partition Pruning,Replication,Normalization,Bridge Modeling,A,Data Analytics,Enterprise Analytics and Data Architecture,98
DA_3419,Which enterprise KPI framework characteristic is most important for strategic decision-making?,Alignment with organizational goals,Maximum metric count,High partition count,Low metadata volume,A,Data Analytics,Enterprise Analytics and Data Architecture,89
DA_3420,What is the primary benefit of compute-storage separation?,Independent scaling of resources,Reduced metadata,Improved normalization,Automatic governance,A,Data Analytics,Enterprise Analytics and Data Architecture,86
DA_3421,Which challenge is most common in distributed join processing?,Data movement and skew,Dashboard design,Metadata duplication,Worksheet management,A,Data Analytics,Enterprise Analytics and Data Architecture,82
DA_3422,What is the primary purpose of business intelligence strategy?,Guide enterprise decision-making through trusted analytics,Increase dashboard count,Reduce storage costs,Improve ETL speed,A,Data Analytics,Enterprise Analytics and Data Architecture,99
DA_3423,Which data architecture component stores technical and business metadata about datasets?,Data Catalog,Fact Table,Cache Layer,Partition Manager,A,Data Analytics,Enterprise Analytics and Data Architecture,77
DA_3424,Which enterprise architecture principle is most important for enabling independent scaling of analytical workloads?,Tight Coupling,Compute-Storage Separation,Manual Reporting,Flat Files,B,Data Analytics,Enterprise Analytics and Data Architecture,89
DA_3425,What is the primary purpose of a factless fact table in dimensional modeling?,Store measures only,Track events or conditions without numeric facts,Reduce dimension size,Improve compression,B,Data Analytics,Enterprise Analytics and Data Architecture,81
DA_3426,Which performance optimization is most beneficial when repeatedly accessing a small subset of frequently queried data?,Cold Storage,Caching,Archiving,Normalization,B,Data Analytics,Enterprise Analytics and Data Architecture,80
DA_3427,Which architecture pattern best supports centralized governance with decentralized domain ownership?,Data Mesh,Star Schema,OLTP Architecture,Spreadsheet Model,A,Data Analytics,Enterprise Analytics and Data Architecture,80
DA_3428,Which query optimization technique reduces execution time by filtering data before expensive joins occur?,Predicate Pushdown,Replication,Partition Expansion,Data Duplication,A,Data Analytics,Enterprise Analytics and Data Architecture,94
DA_3429,What is the primary benefit of data lineage tracking?,Improved storage efficiency,Visibility into data origins and transformations,Reduced query cost,Automatic KPI creation,B,Data Analytics,Enterprise Analytics and Data Architecture,94
DA_3430,Which Medallion Architecture layer typically contains minimally transformed raw data?,Gold,Silver,Bronze,Semantic Layer,C,Data Analytics,Enterprise Analytics and Data Architecture,81
DA_3431,What is the key objective of enterprise observability platforms?,Monitor system performance and data reliability,Create ETL jobs,Increase storage capacity,Generate reports automatically,A,Data Analytics,Enterprise Analytics and Data Architecture,85
DA_3432,Which factor most influences the effectiveness of distributed aggregation workloads?,Network latency and data distribution,Dashboard themes,Worksheet count,Metadata naming,A,Data Analytics,Enterprise Analytics and Data Architecture,98
DA_3433,Which dimensional modeling technique supports multiple hierarchies within the same dimension?,Role-Playing Dimensions,Conformed Dimensions,Bridge Tables,Junk Dimensions,A,Data Analytics,Enterprise Analytics and Data Architecture,89
DA_3434,What is the primary purpose of enterprise KPI governance councils?,Define and maintain trusted metric standards,Increase dashboard quantity,Reduce storage consumption,Manage compute clusters,A,Data Analytics,Enterprise Analytics and Data Architecture,92
DA_3435,Which storage optimization approach is most effective for reducing scan costs on analytical datasets?,Columnar Compression,Data Replication,Horizontal Scaling,Bridge Modeling,A,Data Analytics,Enterprise Analytics and Data Architecture,78
DA_3436,Which architecture component allows business users to access trusted metrics without understanding underlying schemas?,Semantic Layer,Fact Table,Partition Manager,Storage Engine,A,Data Analytics,Enterprise Analytics and Data Architecture,76
DA_3437,What is the primary purpose of workload throttling in analytics platforms?,Prevent resource exhaustion by limiting workload consumption,Increase query complexity,Expand partitions,Reduce metadata quality,A,Data Analytics,Enterprise Analytics and Data Architecture,85
DA_3438,Which architecture style is commonly used for enterprise-scale reporting and historical analysis?,Data Warehouse Architecture,OLTP Architecture,Spreadsheet Architecture,Embedded Database,A,Data Analytics,Enterprise Analytics and Data Architecture,78
DA_3439,Which optimization strategy is most effective when queries consistently access recent time periods only?,Time-Based Partitioning,Bridge Tables,Replication,Data Duplication,A,Data Analytics,Enterprise Analytics and Data Architecture,80
DA_3440,What is the primary advantage of a governed self-service analytics model?,Empowers users while maintaining consistency and control,Eliminates governance,Removes metadata management,Prevents data growth,A,Data Analytics,Enterprise Analytics and Data Architecture,100
DA_3441,Which performance engineering metric helps identify inefficient memory utilization?,Memory Consumption and Spill Metrics,Dashboard Count,Dimension Count,Metadata Count,A,Data Analytics,Enterprise Analytics and Data Architecture,94
DA_3442,Which enterprise analytics capability ensures datasets are easily discoverable and reusable?,Data Cataloging,Replication,Normalization,Partition Expansion,A,Data Analytics,Enterprise Analytics and Data Architecture,85
DA_3443,Which challenge commonly arises when processing large joins across geographically distributed regions?,Data locality and network transfer costs,Worksheet formatting,Metadata duplication,Dashboard refresh frequency,A,Data Analytics,Enterprise Analytics and Data Architecture,100
DA_3444,What is the primary benefit of enterprise-wide data quality frameworks?,Improve trust and reliability of analytical outputs,Increase storage capacity,Reduce dashboard usage,Optimize color schemes,A,Data Analytics,Enterprise Analytics and Data Architecture,91
DA_3445,Which characteristic best defines a resilient analytics architecture?,Ability to maintain operations despite failures and workload fluctuations,Unlimited storage growth,Minimal metadata management,Single-node deployment,A,Data Analytics,Enterprise Analytics and Data Architecture,76
DA_3446,Which enterprise architecture principle is most important for ensuring analytical systems can evolve without disrupting downstream consumers?,Tight Coupling,Schema Versioning and Abstraction,Single Data Source,Hard-Coded Integrations,B,Data Analytics,Enterprise Analytics and Data Architecture,81
DA_3447,What is the primary purpose of a junk dimension in dimensional modeling?,Store rapidly changing measures,Combine low-cardinality attributes into a single dimension,Reduce partition count,Improve compression,B,Data Analytics,Enterprise Analytics and Data Architecture,84
DA_3448,Which performance optimization is most effective when query execution repeatedly spills intermediate results to disk?,Increase dashboard refresh rate,Optimize memory allocation and query plans,Add more dimensions,Reduce metadata volume,B,Data Analytics,Enterprise Analytics and Data Architecture,80
DA_3449,What is the primary role of data contracts in modern analytics architectures?,Define expectations between data producers and consumers,Compress datasets,Manage storage tiers,Create KPI dashboards,A,Data Analytics,Enterprise Analytics and Data Architecture,89
DA_3450,Which architecture approach is most suitable for independent deployment of analytical domains?,Monolithic Warehouse,Data Mesh,Fully Centralized Reporting,Spreadsheet-Based Analytics,B,Data Analytics,Enterprise Analytics and Data Architecture,85
DA_3451,Which optimization technique reduces query latency by storing frequently accessed data in high-speed storage?,Cold Archiving,Caching,Normalization,Data Replication,B,Data Analytics,Enterprise Analytics and Data Architecture,77
DA_3452,What is the primary objective of enterprise master data management?,Ensure consistent and authoritative core business entities,Increase dashboard count,Reduce ETL complexity,Improve compression,A,Data Analytics,Enterprise Analytics and Data Architecture,80
DA_3453,Which challenge is most likely when analytical workloads compete with operational workloads on the same infrastructure?,Improved performance,Resource contention,Better governance,Faster backups,B,Data Analytics,Enterprise Analytics and Data Architecture,76
DA_3454,What is the primary purpose of a role-playing dimension?,Allow one dimension to serve multiple business perspectives,Increase storage efficiency,Reduce partitioning complexity,Improve compression,A,Data Analytics,Enterprise Analytics and Data Architecture,100
DA_3455,Which enterprise analytics capability helps identify unused datasets and redundant reports?,Usage Monitoring and Observability,Partition Pruning,Data Compression,Bridge Tables,A,Data Analytics,Enterprise Analytics and Data Architecture,85
DA_3456,Which storage architecture characteristic improves fault tolerance across data centers?,Data Replication,Normalization,Dimension Modeling,Semantic Layers,A,Data Analytics,Enterprise Analytics and Data Architecture,100
DA_3457,What is the primary purpose of query workload forecasting?,Predict future resource requirements and demand patterns,Create dimensions,Improve report formatting,Reduce metadata volume,A,Data Analytics,Enterprise Analytics and Data Architecture,97
DA_3458,Which Medallion Architecture layer is typically responsible for cleansing and validation activities?,Bronze,Silver,Gold,Archive,B,Data Analytics,Enterprise Analytics and Data Architecture,84
DA_3459,What is the key advantage of distributed compute clusters for analytics?,Parallel execution of large workloads,Reduced governance requirements,Elimination of metadata management,Simpler schemas,A,Data Analytics,Enterprise Analytics and Data Architecture,78
DA_3460,Which factor most directly affects partition pruning efficiency?,Alignment of partition keys with query filters,Dashboard count,Metadata size,Number of dimensions,A,Data Analytics,Enterprise Analytics and Data Architecture,90
DA_3461,Which optimization strategy is most useful for reducing repeated full-table scans on large datasets?,Materialized Aggregations,Extra Fact Tables,Data Duplication,Bridge Modeling,A,Data Analytics,Enterprise Analytics and Data Architecture,79
DA_3462,What is the primary challenge of maintaining analytical consistency across multiple BI tools?,Metric definition drift,Storage limitations,Compression overhead,Partition size variations,A,Data Analytics,Enterprise Analytics and Data Architecture,88
DA_3463,Which architecture pattern best supports centralized governance with distributed execution engines?,Lakehouse Architecture,Spreadsheet Architecture,Desktop Databases,CSV Pipelines,A,Data Analytics,Enterprise Analytics and Data Architecture,81
DA_3464,What is the primary purpose of analytical workload prioritization?,Allocate resources according to business importance,Increase storage capacity,Reduce metadata complexity,Improve visualization design,A,Data Analytics,Enterprise Analytics and Data Architecture,95
DA_3465,Which modeling technique helps reduce redundancy while preserving analytical usability?,Snowflake Schema,Flat Tables,Duplicate Dimensions,Unstructured Storage,A,Data Analytics,Enterprise Analytics and Data Architecture,92
DA_3466,What is the primary benefit of data product thinking in enterprise analytics?,Treat data assets as managed products with clear ownership and value,Reduce storage usage,Eliminate governance requirements,Increase partition counts,A,Data Analytics,Enterprise Analytics and Data Architecture,98
DA_3467,Which enterprise architecture principle is most important for ensuring analytical systems remain maintainable as they scale?,Hard-coded integrations,Modularity and loose coupling,Single-team ownership,Manual workflows,B,Data Analytics,Enterprise Analytics and Data Architecture,80
DA_3468,What is the primary purpose of aggregate fact tables in large-scale analytical environments?,Store raw transactions,Accelerate common summary-level queries,Replace dimensions,Reduce governance requirements,B,Data Analytics,Enterprise Analytics and Data Architecture,90
DA_3469,Which performance engineering technique is most effective for identifying bottlenecks in complex query execution plans?,Dashboard Auditing,Query Profiling,Metadata Tagging,Data Cataloging,B,Data Analytics,Enterprise Analytics and Data Architecture,83
DA_3470,Which architecture pattern is most suitable for enabling cross-functional teams to manage their own analytical domains?,Centralized Monolith,Data Mesh,Standalone Spreadsheets,Desktop BI,B,Data Analytics,Enterprise Analytics and Data Architecture,100
DA_3471,Which optimization strategy helps minimize storage costs while preserving regulatory compliance requirements?,Immediate deletion of old data,Tiered storage and retention policies,Unlimited replication,Removing metadata,B,Data Analytics,Enterprise Analytics and Data Architecture,80
DA_3472,What is the primary benefit of workload-aware scheduling in enterprise analytics platforms?,Improved allocation of resources based on workload characteristics,Increased dashboard count,Reduced metadata quality,Automatic schema generation,A,Data Analytics,Enterprise Analytics and Data Architecture,99
DA_3473,Which Medallion Architecture layer is typically optimized for business consumption and KPI reporting?,Bronze,Silver,Gold,Landing Zone,C,Data Analytics,Enterprise Analytics and Data Architecture,88
DA_3474,Which modeling concept allows multiple fact tables to share common dimensions?,Conformed Dimensions,Bridge Tables,Junk Dimensions,Degenerate Dimensions,A,Data Analytics,Enterprise Analytics and Data Architecture,76
DA_3475,What is the primary objective of enterprise-wide metadata standards?,Ensure consistency and interoperability across data assets,Increase partition counts,Reduce storage utilization,Improve dashboard aesthetics,A,Data Analytics,Enterprise Analytics and Data Architecture,76
DA_3476,Which optimization is most effective for reducing repeated computation of expensive analytical metrics?,Materialized Views,Cross Joins,Additional Fact Tables,Replication,A,Data Analytics,Enterprise Analytics and Data Architecture,82
DA_3477,What is the primary role of observability alerts in analytics operations?,Detect and notify teams of reliability or quality issues,Create reports automatically,Increase storage efficiency,Manage user permissions,A,Data Analytics,Enterprise Analytics and Data Architecture,97
DA_3478,Which architecture style combines the flexibility of data lakes with the governance of data warehouses?,Lakehouse Architecture,OLTP Architecture,Spreadsheet Architecture,File Server Model,A,Data Analytics,Enterprise Analytics and Data Architecture,80
DA_3479,What is the main purpose of analytical service-level objectives (SLOs)?,Define measurable reliability and performance targets,Increase dashboard count,Reduce metadata volume,Create dimensions automatically,A,Data Analytics,Enterprise Analytics and Data Architecture,89
DA_3480,Which challenge is most likely when dimension tables grow without governance controls?,Metric inconsistency and reporting confusion,Improved performance,Reduced storage costs,Faster ETL execution,A,Data Analytics,Enterprise Analytics and Data Architecture,90
DA_3481,What is the primary purpose of enterprise data quality scorecards?,Track and communicate data quality performance,Reduce partition count,Improve dashboard formatting,Increase storage usage,A,Data Analytics,Enterprise Analytics and Data Architecture,96
DA_3482,Which optimization technique is most useful for reducing network traffic during distributed query execution?,Predicate Pushdown,Extra Replication,Bridge Modeling,Data Duplication,A,Data Analytics,Enterprise Analytics and Data Architecture,100
DA_3483,What is the primary benefit of a governed semantic layer?,Consistent metric definitions across analytical tools,Reduced storage costs,Automatic ETL creation,Improved compression ratios,A,Data Analytics,Enterprise Analytics and Data Architecture,92
DA_3484,Which performance engineering practice evaluates system behavior under expected future growth scenarios?,Capacity Planning,Dimension Modeling,Metadata Tagging,Report Scheduling,A,Data Analytics,Enterprise Analytics and Data Architecture,99
DA_3485,What is the primary objective of enterprise analytical framework design?,"Create scalable, governed and business-aligned analytics capabilities",Increase dashboard quantity,Reduce metadata requirements,Eliminate data quality monitoring,A,Data Analytics,Enterprise Analytics and Data Architecture,93
DA_3486,Which architecture capability enables analysts to understand how data moved from source systems to reports?,Data Lineage,Caching,Compression,Partition Pruning,A,Data Analytics,Enterprise Analytics and Data Architecture,82
DA_3487,What is the primary benefit of centralized KPI governance?,Ensure trusted and consistent business metrics,Increase storage utilization,Reduce ETL complexity,Improve partition balance,A,Data Analytics,Enterprise Analytics and Data Architecture,97
DA_3488,Which architectural principle is most important for enabling independent scaling of analytical workloads across business domains?,Centralized Storage Only,Loose Coupling and Domain Isolation,Single Shared Compute Pool,Manual Resource Allocation,B,Data Analytics,Enterprise Analytics and Data Architecture,93
DA_3489,What is the primary purpose of workload resource governance in enterprise analytics?,Ensure fair and efficient resource allocation,Increase dashboard count,Reduce metadata quality,Eliminate partitioning,A,Data Analytics,Enterprise Analytics and Data Architecture,94
DA_3490,Which data modeling technique is most effective for tracking historical customer attribute changes with auditability?,Factless Fact Table,Slowly Changing Dimensions,Bridge Table,Junk Dimension,B,Data Analytics,Enterprise Analytics and Data Architecture,95
DA_3491,Which optimization is most beneficial when analytical queries repeatedly access the same dimension attributes?,Dimension Caching,Replication,Normalization,Data Archiving,A,Data Analytics,Enterprise Analytics and Data Architecture,82
DA_3492,What is the primary objective of enterprise semantic governance?,Maintain consistent business definitions across analytics assets,Increase storage efficiency,Reduce partition counts,Improve visualization design,A,Data Analytics,Enterprise Analytics and Data Architecture,83
DA_3493,Which architecture pattern best supports decentralized analytics while enforcing enterprise-wide standards?,Data Mesh with Federated Governance,Spreadsheet-Based Reporting,Standalone Data Marts,Local File Systems,A,Data Analytics,Enterprise Analytics and Data Architecture,88
DA_3494,What is the primary benefit of adaptive query execution in distributed analytics engines?,Dynamically optimize execution plans based on runtime statistics,Reduce metadata storage,Increase dashboard count,Eliminate indexing,A,Data Analytics,Enterprise Analytics and Data Architecture,93
DA_3495,What is the primary role of business metadata in analytics platforms?,Provide business context and meaning for data assets,Improve compression,Increase storage capacity,Manage network traffic,A,Data Analytics,Enterprise Analytics and Data Architecture,99
DA_3496,Which optimization technique minimizes redundant computations across multiple analytical users?,Materialized Aggregates,Random Partitioning,Bridge Modeling,Data Duplication,A,Data Analytics,Enterprise Analytics and Data Architecture,86
DA_3497,Which architecture capability helps organizations understand the downstream impact of schema changes?,Data Lineage Analysis,Partition Pruning,Caching,Replication,A,Data Analytics,Enterprise Analytics and Data Architecture,84
DA_3498,What is the primary purpose of enterprise data domains?,Organize data ownership around business capabilities,Reduce storage costs,Increase partition counts,Improve compression,A,Data Analytics,Enterprise Analytics and Data Architecture,98
DA_3499,Which storage optimization technique is most suitable for rarely accessed regulatory archives?,In-Memory Storage,Tiered Cold Storage,SSD Caching,Hot Data Replication,B,Data Analytics,Enterprise Analytics and Data Architecture,76
DA_3500,Which performance engineering activity evaluates the impact of increasing user concurrency?,Load Testing,Metadata Tagging,Dimension Modeling,Data Cataloging,A,Data Analytics,Enterprise Analytics and Data Architecture,97
DA_3501,Which architecture component enables reusable metric definitions across multiple reporting tools?,Semantic Layer,Fact Table,Storage Engine,ETL Scheduler,A,Data Analytics,Enterprise Analytics and Data Architecture,83
DA_3502,What is the primary objective of analytical cost governance?,Control spending while maintaining required performance levels,Increase storage usage,Reduce governance controls,Maximize dashboard creation,A,Data Analytics,Enterprise Analytics and Data Architecture,96
DA_3503,Which optimization technique helps prevent excessive network shuffling during distributed joins?,Data Locality Optimization,Extra Replication,Dimension Expansion,Metadata Compression,A,Data Analytics,Enterprise Analytics and Data Architecture,87
DA_3504,What is the primary purpose of data observability scorecards?,Measure reliability and operational health of data assets,Increase dashboard count,Reduce storage consumption,Create dimensions automatically,A,Data Analytics,Enterprise Analytics and Data Architecture,77
DA_3505,Which architecture style is most suitable for integrating streaming and batch analytics into a unified platform?,Lakehouse Architecture,Desktop BI,Spreadsheet Analytics,Standalone OLTP Systems,A,Data Analytics,Enterprise Analytics and Data Architecture,90
DA_3506,What is the primary role of enterprise KPI stewardship?,Ensure metric definitions remain accurate and governed,Increase storage capacity,Reduce partition counts,Improve compression ratios,A,Data Analytics,Enterprise Analytics and Data Architecture,96
DA_3507,Which challenge commonly occurs when business units create independent metric definitions?,Metric Proliferation and Inconsistency,Improved governance,Reduced storage costs,Faster query execution,A,Data Analytics,Enterprise Analytics and Data Architecture,99
DA_3508,What is the primary purpose of query execution monitoring?,Track runtime performance and identify bottlenecks,Create dashboards,Manage partitions,Reduce dimensions,A,Data Analytics,Enterprise Analytics and Data Architecture,93
DA_3509,Which optimization strategy is most effective for reducing query response times on heavily used dashboards?,Caching and Materialization,Additional Dimensions,Bridge Tables,Metadata Expansion,A,Data Analytics,Enterprise Analytics and Data Architecture,92
DA_3510,Which enterprise analytics principle is most important for ensuring consistent metric calculations across business units?,Independent KPI Definitions,Semantic Governance Layer,Local Data Marts,Manual Reporting,B,Data Analytics,Enterprise Analytics and Data Architecture,90
DA_3511,What is the primary purpose of workload admission control in analytics platforms?,Prevent resource exhaustion by regulating query execution,Increase storage capacity,Reduce metadata volume,Create dimensions automatically,A,Data Analytics,Enterprise Analytics and Data Architecture,95
DA_3512,Which modeling approach is most suitable when multiple business processes share common dimensions and reporting requirements?,Conformed Dimensional Modeling,Flat Files,Spreadsheet Modeling,Isolated Data Marts,A,Data Analytics,Enterprise Analytics and Data Architecture,95
DA_3513,Which optimization technique is most effective for reducing scan times in columnar storage systems?,Column Pruning,Row Duplication,Metadata Expansion,Bridge Tables,A,Data Analytics,Enterprise Analytics and Data Architecture,84
DA_3514,What is the primary role of enterprise data ownership frameworks?,Define accountability for data quality and governance,Increase storage utilization,Reduce partition counts,Improve dashboard design,A,Data Analytics,Enterprise Analytics and Data Architecture,78
DA_3515,Which architecture capability enables organizations to assess the impact of upstream data changes on downstream reports?,Data Lineage,Caching,Compression,Partition Pruning,A,Data Analytics,Enterprise Analytics and Data Architecture,95
DA_3516,What is the primary challenge of supporting thousands of concurrent analytical users?,Balancing performance and resource allocation,Creating dimensions,Managing worksheets,Formatting dashboards,A,Data Analytics,Enterprise Analytics and Data Architecture,94
DA_3517,Which storage strategy is most appropriate for frequently accessed analytical datasets?,Hot Storage Tier,Cold Archive,Tape Backup,Offline Storage,A,Data Analytics,Enterprise Analytics and Data Architecture,93
DA_3518,Which optimization is most beneficial for repeated execution of expensive aggregation queries?,Materialized Views,Replication,Extra Dimensions,Data Duplication,A,Data Analytics,Enterprise Analytics and Data Architecture,95
DA_3519,Which architecture style supports both structured and unstructured analytics within a governed framework?,Lakehouse Architecture,Spreadsheet Architecture,Desktop Database,Standalone OLTP,A,Data Analytics,Enterprise Analytics and Data Architecture,83
DA_3520,What is the primary objective of data quality SLAs?,Define measurable expectations for data reliability and timeliness,Avoid governance,Increase storage usage,Reduce dimensions,A,Data Analytics,Enterprise Analytics and Data Architecture,76
DA_3521,Which challenge commonly occurs when partition counts become excessively large?,Metadata overhead and management complexity,Improved performance,Reduced storage costs,Faster query execution,A,Data Analytics,Enterprise Analytics and Data Architecture,99
DA_3522,What is the primary purpose of business glossaries in analytics ecosystems?,Standardize business terminology and definitions,Improve compression,Reduce storage costs,Manage compute resources,A,Data Analytics,Enterprise Analytics and Data Architecture,99
DA_3523,Which performance engineering practice focuses on evaluating system behavior under peak demand conditions?,Stress Testing,Dimension Modeling,Data Cataloging,Schema Design,A,Data Analytics,Enterprise Analytics and Data Architecture,90
DA_3524,Which architecture component provides governed access to trusted enterprise datasets?,Data Marketplace,Raw Landing Zone,Backup Repository,Log Archive,A,Data Analytics,Enterprise Analytics and Data Architecture,94
DA_3525,What is the primary advantage of federated governance in Data Mesh architectures?,Balances domain autonomy with enterprise standards,Eliminates governance,Reduces storage costs,Removes ownership responsibilities,A,Data Analytics,Enterprise Analytics and Data Architecture,85
DA_3526,Which optimization technique reduces query costs by eliminating unnecessary columns from processing?,Projection Pushdown,Replication,Partition Expansion,Metadata Duplication,A,Data Analytics,Enterprise Analytics and Data Architecture,87
DA_3527,What is the primary role of enterprise analytics roadmaps?,Guide long-term development of analytical capabilities,Increase dashboard count,Reduce metadata usage,Improve report formatting,A,Data Analytics,Enterprise Analytics and Data Architecture,81
DA_3528,Which challenge is most common when integrating multiple enterprise reporting platforms?,Metric inconsistency and governance complexity,Improved performance,Reduced costs,Automatic standardization,A,Data Analytics,Enterprise Analytics and Data Architecture,88
DA_3529,Which storage optimization technique is most beneficial for petabyte-scale historical datasets?,Tiered Storage Management,Unlimited SSD Usage,Data Duplication,Bridge Tables,A,Data Analytics,Enterprise Analytics and Data Architecture,79
DA_3530,What is the primary purpose of enterprise analytics operating models?,Define how analytical capabilities are governed and delivered,Increase partitions,Reduce metadata,Create dashboards automatically,A,Data Analytics,Enterprise Analytics and Data Architecture,88
DA_3531,Which performance metric is most useful for identifying inefficient distributed query execution?,Network Shuffle Volume,Worksheet Count,Dashboard Count,Dimension Count,A,Data Analytics,Enterprise Analytics and Data Architecture,92
DA_3532,Which architecture principle is most critical for ensuring analytical services can evolve independently without breaking downstream consumers?,Shared Databases,API and Contract-Based Design,Manual Data Transfers,Single Reporting Layer,B,Data Analytics,Enterprise Analytics and Data Architecture,76
DA_3533,What is the primary purpose of enterprise data product catalogs?,Provide discoverability and governance for analytical assets,Reduce storage costs,Increase partition counts,Eliminate metadata,A,Data Analytics,Enterprise Analytics and Data Architecture,80
DA_3534,Which optimization technique is most effective for reducing unnecessary data reads in columnar engines?,Column Pruning,Data Replication,Bridge Modeling,Extra Dimensions,A,Data Analytics,Enterprise Analytics and Data Architecture,99
DA_3535,What is the primary challenge of maintaining analytical consistency across hundreds of business teams?,Metric definition drift and governance complexity,Storage limitations,Compression efficiency,Partition sizing,A,Data Analytics,Enterprise Analytics and Data Architecture,92
DA_3536,Which architecture pattern is designed to enable self-service analytics at enterprise scale while maintaining governance?,Governed Semantic Layer,Standalone Data Marts,Spreadsheet Reporting,CSV Distribution,A,Data Analytics,Enterprise Analytics and Data Architecture,93
DA_3537,What is the primary purpose of resource quotas in analytics platforms?,Prevent individual workloads from monopolizing shared resources,Increase dashboard count,Reduce metadata management,Improve schema design,A,Data Analytics,Enterprise Analytics and Data Architecture,82
DA_3538,Which data modeling concept supports multiple business views of the same dimension table?,Role-Playing Dimensions,Factless Fact Tables,Junk Dimensions,Bridge Tables,A,Data Analytics,Enterprise Analytics and Data Architecture,91
DA_3539,Which challenge commonly occurs when analytical clusters scale to thousands of nodes?,Distributed coordination and resource management complexity,Improved simplicity,Reduced metadata needs,Faster governance approvals,A,Data Analytics,Enterprise Analytics and Data Architecture,83
DA_3540,Which optimization strategy is most useful for reducing repeated joins across massive fact tables?,Materialized Aggregations,Data Duplication,Bridge Expansion,Metadata Replication,A,Data Analytics,Enterprise Analytics and Data Architecture,87
DA_3541,Which architecture capability enables impact analysis before modifying source schemas?,Data Lineage and Dependency Tracking,Caching,Partition Pruning,Compression,A,Data Analytics,Enterprise Analytics and Data Architecture,89
DA_3542,Which storage optimization approach balances performance and cost for multi-temperature data?,Tiered Storage Architecture,SSD-Only Storage,Unlimited Replication,Flat File Storage,A,Data Analytics,Enterprise Analytics and Data Architecture,94
DA_3543,Which performance engineering practice focuses on measuring query execution efficiency over time?,Performance Monitoring and Trend Analysis,Schema Modeling,Data Cataloging,Metadata Labeling,A,Data Analytics,Enterprise Analytics and Data Architecture,86
DA_3544,Which architecture component provides a trusted layer of reusable business metrics?,Semantic Layer,Raw Data Lake,Backup Repository,Log Storage,A,Data Analytics,Enterprise Analytics and Data Architecture,87
DA_3545,Which optimization technique reduces network traffic by executing filters close to the storage layer?,Predicate Pushdown,Bridge Modeling,Data Duplication,Dimension Expansion,A,Data Analytics,Enterprise Analytics and Data Architecture,88
DA_3546,What is the primary role of analytical maturity assessments?,Measure and improve organizational analytics capabilities,Reduce metadata usage,Increase storage capacity,Create reports automatically,A,Data Analytics,Enterprise Analytics and Data Architecture,83
DA_3547,Which challenge is most likely when business domains independently define customer metrics?,Inconsistent reporting and decision-making,Improved governance,Reduced storage costs,Faster analytics delivery,A,Data Analytics,Enterprise Analytics and Data Architecture,76
DA_3548,What is the primary objective of observability-driven analytics operations?,Proactively identify and resolve reliability issues,Increase dashboard count,Reduce governance controls,Expand dimensions,A,Data Analytics,Enterprise Analytics and Data Architecture,84
DA_3549,Which storage optimization is most effective for reducing costs of infrequently accessed historical data?,Archival Tiering,In-Memory Storage,SSD Replication,Hot Cache Expansion,A,Data Analytics,Enterprise Analytics and Data Architecture,77
DA_3550,What is the primary purpose of enterprise analytical capability roadmaps?,Align future investments with business and analytics objectives,Increase partition counts,Reduce metadata complexity,Improve dashboard layouts,A,Data Analytics,Enterprise Analytics and Data Architecture,89
DA_3551,Which performance metric best indicates imbalance in distributed query workloads?,Node Resource Skew,Dashboard Count,Worksheet Count,Dimension Count,A,Data Analytics,Enterprise Analytics and Data Architecture,88
DA_3552,Which architecture principle is most important when designing analytics systems that must support future technology changes?,Tight Coupling,Abstraction and Decoupling,Centralized Ownership,Manual Integration,B,Data Analytics,Enterprise Analytics and Data Architecture,91
DA_3553,What is the primary purpose of enterprise data asset inventories?,Provide visibility into available datasets and ownership,Increase storage usage,Reduce governance controls,Create dashboards automatically,A,Data Analytics,Enterprise Analytics and Data Architecture,77
DA_3554,Which optimization technique is most effective for minimizing data transferred during distributed aggregations?,Local Aggregation Before Shuffle,Additional Replication,Dimension Expansion,Bridge Modeling,A,Data Analytics,Enterprise Analytics and Data Architecture,79
DA_3555,Which architecture component ensures business users can access certified metrics consistently across tools?,Semantic Layer,Raw Storage,Backup Repository,Cluster Manager,A,Data Analytics,Enterprise Analytics and Data Architecture,87
DA_3556,What is the primary objective of enterprise workload forecasting?,Anticipate future resource demand and capacity needs,Increase dashboard count,Reduce metadata volume,Improve report aesthetics,A,Data Analytics,Enterprise Analytics and Data Architecture,91
DA_3557,Which modeling approach is best suited for enterprise-wide integration of multiple source systems with historical traceability?,Data Vault,Flat Tables,Spreadsheet Modeling,Star Schema for OLTP,A,Data Analytics,Enterprise Analytics and Data Architecture,85
DA_3558,Which challenge commonly arises when thousands of dashboards depend on shared datasets?,Change management and downstream impact risk,Avoiding storage compression,Reducing partition counts,Increasing worksheet limits,A,Data Analytics,Enterprise Analytics and Data Architecture,78
DA_3559,What is the primary purpose of analytical service catalogs?,Enable discovery and consumption of governed analytical assets,Avoid governance,Reduce storage costs,Create ETL jobs automatically,A,Data Analytics,Enterprise Analytics and Data Architecture,79
DA_3560,Which optimization strategy is most effective for recurring executive dashboards with stable metrics?,Materialized Views and Cached Results,Bridge Tables,Random Partitioning,Data Duplication,A,Data Analytics,Enterprise Analytics and Data Architecture,81
DA_3561,Which storage strategy provides the best balance between cost and accessibility for moderately used historical data?,Warm Storage Tier,Hot Cache Only,Cold Archive Only,Tape Backup,A,Data Analytics,Enterprise Analytics and Data Architecture,98
DA_3562,What is the primary objective of federated analytics governance?,Maintain enterprise standards while enabling local autonomy,Avoid governance entirely,Increase partition counts,Reduce storage utilization,A,Data Analytics,Enterprise Analytics and Data Architecture,80
DA_3563,Which challenge is most likely when enterprise metrics lack formal ownership?,Metric inconsistency and reduced trust,Improved performance,Reduced costs,Faster reporting cycles,A,Data Analytics,Enterprise Analytics and Data Architecture,93
DA_3564,What is the primary purpose of analytical platform benchmarking?,Measure system performance against defined standards,Create dashboards,Manage dimensions,Improve report formatting,A,Data Analytics,Enterprise Analytics and Data Architecture,78
DA_3565,Which architecture pattern best supports reusable and governed analytical assets across business units?,Data Product Architecture,Spreadsheet Sharing,Local Data Silos,Standalone Databases,A,Data Analytics,Enterprise Analytics and Data Architecture,85
DA_3566,Which optimization technique is most useful for reducing latency in frequently accessed dimensional lookups?,Dimension Caching,Extra Fact Tables,Bridge Modeling,Data Archiving,A,Data Analytics,Enterprise Analytics and Data Architecture,86
DA_3567,What is the primary challenge of scaling self-service analytics across thousands of users?,Balancing accessibility with governance and consistency,Avoiding storage compression,Reducing metadata quality,Limiting dashboard creation,A,Data Analytics,Enterprise Analytics and Data Architecture,94
DA_3568,Which architecture capability helps organizations understand data dependencies before implementing changes?,Lineage and Impact Analysis,Caching,Partition Pruning,Compression,A,Data Analytics,Enterprise Analytics and Data Architecture,89
DA_3569,Which optimization strategy helps reduce costs while maintaining performance for predictable reporting workloads?,Workload Scheduling and Resource Optimization,Unlimited Scaling,Data Duplication,Manual Processing,A,Data Analytics,Enterprise Analytics and Data Architecture,96
DA_3570,Which enterprise architecture principle most effectively reduces vendor lock-in in analytics platforms?,Proprietary APIs,Open Standards and Interoperability,Single Cloud Dependency,Hard-Coded Integrations,B,Data Analytics,Enterprise Analytics and Data Architecture,86
DA_3571,What is the primary purpose of analytical domain boundaries in enterprise architectures?,Define ownership and accountability for data products,Increase storage capacity,Reduce metadata usage,Create dashboards automatically,A,Data Analytics,Enterprise Analytics and Data Architecture,96
DA_3572,Which optimization strategy is most effective when distributed joins are slowed by uneven key distributions?,Data Skew Mitigation Techniques,Additional Indexes,Data Compression,Metadata Expansion,A,Data Analytics,Enterprise Analytics and Data Architecture,79
DA_3573,Which architecture component serves as the authoritative source of enterprise business definitions?,Business Glossary,Raw Data Lake,Storage Cluster,ETL Scheduler,A,Data Analytics,Enterprise Analytics and Data Architecture,99
DA_3574,What is the primary objective of enterprise analytics portfolio management?,Prioritize analytical investments based on business value,Increase dashboard count,Reduce governance controls,Expand storage tiers,A,Data Analytics,Enterprise Analytics and Data Architecture,97
DA_3575,Which modeling approach is most suitable for supporting rapidly changing business structures while preserving history?,Data Vault,Flat Tables,Spreadsheet Models,Unstructured Storage,A,Data Analytics,Enterprise Analytics and Data Architecture,81
DA_3576,Which challenge commonly arises when analytical workloads exceed available compute capacity?,Query queuing and performance degradation,Improved efficiency,Reduced costs,Automatic scaling without limits,A,Data Analytics,Enterprise Analytics and Data Architecture,92
DA_3577,What is the primary role of enterprise analytical governance boards?,Establish standards and oversee analytical accountability,Manage dashboards only,Increase storage capacity,Reduce metadata usage,A,Data Analytics,Enterprise Analytics and Data Architecture,97
DA_3578,Which optimization technique is most useful for reducing latency in high-concurrency dashboard environments?,Result Set Caching,Additional Dimensions,Data Duplication,Metadata Replication,A,Data Analytics,Enterprise Analytics and Data Architecture,94
DA_3579,What is the primary benefit of workload segmentation in enterprise analytics platforms?,Improved resource isolation and performance predictability,Reduced governance requirements,Lower metadata quality,Increased dashboard duplication,A,Data Analytics,Enterprise Analytics and Data Architecture,88
DA_3580,Which architecture pattern best supports enterprise-wide analytical reuse and discoverability?,Data Product Ecosystem,Spreadsheet Sharing,Local Data Silos,Standalone Databases,A,Data Analytics,Enterprise Analytics and Data Architecture,97
DA_3581,Which performance metric is most useful for identifying storage bottlenecks in analytical systems?,Disk I/O Throughput and Latency,Dashboard Count,Worksheet Count,Dimension Count,A,Data Analytics,Enterprise Analytics and Data Architecture,85
DA_3582,What is the primary purpose of enterprise data observability platforms?,Provide continuous visibility into data reliability and operational health,Avoid governance,Reduce storage costs,Create ETL jobs automatically,A,Data Analytics,Enterprise Analytics and Data Architecture,86
DA_3583,Which optimization strategy is most effective for reducing repeated computation in KPI-heavy reporting environments?,Materialized KPI Aggregates,Bridge Tables,Metadata Duplication,Dimension Expansion,A,Data Analytics,Enterprise Analytics and Data Architecture,81
DA_3584,What is the primary role of federated governance in distributed analytics organizations?,Balance centralized standards with decentralized ownership,Avoid governance entirely,Increase partition counts,Reduce metadata quality,A,Data Analytics,Enterprise Analytics and Data Architecture,77
DA_3585,Which challenge is most likely when business units independently build customer dimensions?,Inconsistent customer definitions across reports,Improved governance,Reduced storage costs,Faster reporting cycles,A,Data Analytics,Enterprise Analytics and Data Architecture,76
DA_3586,What is the primary purpose of enterprise analytical capability assessments?,Measure organizational maturity and identify improvement opportunities,Avoid governance,Increase dashboard volume,Reduce metadata management,A,Data Analytics,Enterprise Analytics and Data Architecture,86
DA_3587,Which architecture capability supports impact analysis for enterprise reporting changes?,Data Lineage and Dependency Mapping,Caching,Compression,Partition Pruning,A,Data Analytics,Enterprise Analytics and Data Architecture,91
DA_3588,What is the primary benefit of workload-aware autoscaling?,Align resource allocation with actual demand patterns,Increase dashboard count,Reduce governance standards,Expand dimensions unnecessarily,A,Data Analytics,Enterprise Analytics and Data Architecture,78
DA_3589,Which architecture principle is most important for enterprise analytics resiliency?,Fault Tolerance and Redundancy,Single Point of Control,Manual Recovery Only,Hard-Coded Dependencies,A,Data Analytics,Enterprise Analytics and Data Architecture,80
DA_3590,What is the primary challenge of enterprise-wide KPI standardization?,Achieving consensus on business definitions and calculations,Creating dashboards,Reducing storage,Improving compression,A,Data Analytics,Enterprise Analytics and Data Architecture,90
DA_3591,Which optimization strategy most directly reduces costs in cloud analytics environments?,Resource Right-Sizing and Workload Optimization,Unlimited Scaling,Data Duplication,Additional Dimensions,A,Data Analytics,Enterprise Analytics and Data Architecture,90
DA_3592,Which enterprise analytics capability is most critical for understanding the downstream impact of schema modifications?,Data Lineage,Partition Pruning,Compression,Caching,A,Data Analytics,Enterprise Analytics and Data Architecture,79
DA_3593,What is the primary objective of workload governance policies in large analytics platforms?,Ensure fair resource utilization and workload prioritization,Increase dashboard count,Reduce storage capacity,Eliminate metadata management,A,Data Analytics,Enterprise Analytics and Data Architecture,98
DA_3594,Which optimization technique is most effective for reducing skew in distributed aggregation workloads?,Key Salting and Repartitioning,Additional Compression,Data Duplication,Dimension Expansion,A,Data Analytics,Enterprise Analytics and Data Architecture,79
DA_3595,Which architecture component provides a governed layer of reusable business metrics?,Semantic Layer,Raw Data Lake,Backup Storage,Landing Zone,A,Data Analytics,Enterprise Analytics and Data Architecture,83
DA_3596,Which modeling approach is most suitable for enterprise-wide historical auditing and source traceability?,Data Vault,Flat Files,Spreadsheet Models,Denormalized Reports,A,Data Analytics,Enterprise Analytics and Data Architecture,82
DA_3597,Which challenge commonly occurs when analytics platforms scale across multiple business units?,Metric inconsistency and duplicated logic,Improved governance,Reduced storage requirements,Automatic standardization,A,Data Analytics,Enterprise Analytics and Data Architecture,100
DA_3598,What is the primary role of enterprise metadata repositories?,Centralize technical and business metadata for governance and discovery,Store backups only,Create dashboards automatically,Manage storage hardware,A,Data Analytics,Enterprise Analytics and Data Architecture,92
DA_3599,Which optimization strategy is most beneficial for repeated execution of complex reporting workloads?,Materialized Views and Query Caching,Extra Fact Tables,Bridge Tables,Data Duplication,A,Data Analytics,Enterprise Analytics and Data Architecture,90
DA_3600,What is the primary objective of enterprise analytics observability?,Detect and diagnose issues affecting data quality and system health,Reduce metadata management,Increase dashboard count,Improve compression ratios,A,Data Analytics,Enterprise Analytics and Data Architecture,80
DA_3601,Which performance metric is most useful for identifying inefficient query execution patterns?,Query Runtime Distribution,Worksheet Count,Dashboard Count,Dimension Count,A,Data Analytics,Enterprise Analytics and Data Architecture,88
DA_3602,Which optimization strategy most directly reduces data movement during distributed joins?,Data Locality Optimization,Extra Dimensions,Replication,Metadata Expansion,A,Data Analytics,Enterprise Analytics and Data Architecture,79
DA_3603,Which challenge is most likely when enterprise reports rely on inconsistent source definitions?,Conflicting business insights and reduced trust,Improved governance,Faster analytics delivery,Lower storage costs,A,Data Analytics,Enterprise Analytics and Data Architecture,97
DA_3604,What is the primary objective of analytical platform benchmarking?,Evaluate performance against expected standards and goals,Increase dashboard count,Reduce governance controls,Create dimensions automatically,A,Data Analytics,Enterprise Analytics and Data Architecture,92
DA_3605,Which architecture capability enables discoverability of trusted datasets across an organization?,Data Catalog,Partition Manager,Storage Engine,Cluster Scheduler,A,Data Analytics,Enterprise Analytics and Data Architecture,97
DA_3606,What is the primary benefit of federated analytics operating models?,Combine local autonomy with enterprise-wide standards,Reduce governance entirely,Increase partition counts,Eliminate ownership responsibilities,A,Data Analytics,Enterprise Analytics and Data Architecture,92
DA_3607,Which optimization technique is most useful for reducing cloud analytics costs without impacting critical workloads?,Resource Right-Sizing,Unlimited Scaling,Data Duplication,Bridge Expansion,A,Data Analytics,Enterprise Analytics and Data Architecture,89
DA_3608,Which performance metric best identifies workload imbalance across distributed nodes?,Node Resource Utilization Variance,Dashboard Count,Worksheet Count,Dimension Count,A,Data Analytics,Enterprise Analytics and Data Architecture,89
DA_3609,Which enterprise architecture principle most effectively supports independent deployment of analytical capabilities across business domains?,Centralized ETL Ownership,Domain-Oriented Architecture,Shared Spreadsheet Reporting,Single Reporting Team,B,Data Analytics,Enterprise Analytics and Data Architecture,92
DA_3610,What is the primary purpose of analytical workload isolation?,Prevent resource contention between competing workloads,Increase storage capacity,Reduce metadata volume,Improve dashboard aesthetics,A,Data Analytics,Enterprise Analytics and Data Architecture,83
DA_3611,Which optimization technique is most effective for reducing the impact of skewed keys during distributed joins?,Salting Join Keys,Data Compression,Replication,Column Pruning,A,Data Analytics,Enterprise Analytics and Data Architecture,77
DA_3612,Which data modeling approach is most appropriate for integrating multiple operational systems while maintaining historical audit trails?,Data Vault,Flat Tables,Spreadsheet Models,Star Schema Only,A,Data Analytics,Enterprise Analytics and Data Architecture,88
DA_3613,Which challenge commonly arises when scaling analytics platforms to thousands of concurrent users?,Resource contention and performance variability,Improved governance,Reduced infrastructure needs,Automatic optimization,A,Data Analytics,Enterprise Analytics and Data Architecture,97
DA_3614,What is the primary purpose of enterprise KPI certification programs?,Validate and standardize business metrics,Increase dashboard quantity,Reduce storage costs,Expand partition counts,A,Data Analytics,Enterprise Analytics and Data Architecture,91
DA_3615,Which optimization strategy is most effective for recurring complex aggregations on large datasets?,Materialized Aggregate Tables,Bridge Tables,Dimension Expansion,Metadata Duplication,A,Data Analytics,Enterprise Analytics and Data Architecture,91
DA_3616,Which architecture style best supports analytical workloads spanning both batch and real-time processing?,Lakehouse Architecture,Desktop Database,Spreadsheet Architecture,Standalone OLTP System,A,Data Analytics,Enterprise Analytics and Data Architecture,81
DA_3617,What is the primary challenge of ensuring consistent customer metrics across business units?,Metric definition alignment and governance,Reducing storage costs,Improving compression,Managing partitions,A,Data Analytics,Enterprise Analytics and Data Architecture,97
DA_3618,Which performance metric is most useful for identifying excessive query queue times?,Workload Wait Time,Dashboard Count,Worksheet Count,Dimension Count,A,Data Analytics,Enterprise Analytics and Data Architecture,99
DA_3619,What is the primary objective of enterprise analytical capability maturity models?,Assess current capabilities and guide future improvements,Increase dashboard volume,Reduce metadata usage,Improve compression,A,Data Analytics,Enterprise Analytics and Data Architecture,79
DA_3620,Which optimization strategy most directly reduces network overhead during distributed aggregations?,Partial Aggregation Before Shuffle,Additional Dimensions,Replication,Metadata Expansion,A,Data Analytics,Enterprise Analytics and Data Architecture,78
DA_3621,Which challenge is most likely when self-service analytics lacks governance controls?,Metric inconsistency and reduced trust,Improved flexibility,Reduced storage costs,Faster reporting,A,Data Analytics,Enterprise Analytics and Data Architecture,81
DA_3622,What is the primary purpose of enterprise reporting standards?,Ensure consistency and comparability across reports,Increase partition counts,Reduce metadata complexity,Improve dashboard colors,A,Data Analytics,Enterprise Analytics and Data Architecture,79
DA_3623,Which architecture capability enables analysis of dependencies before retiring a dataset?,Impact Analysis and Lineage,Caching,Compression,Partition Pruning,A,Data Analytics,Enterprise Analytics and Data Architecture,93
DA_3624,What is the primary benefit of cloud-native analytical architectures?,Elastic scalability and resource flexibility,Reduced governance requirements,Elimination of metadata,Unlimited performance,A,Data Analytics,Enterprise Analytics and Data Architecture,81
DA_3625,Which optimization technique is most effective for reducing cloud compute costs in predictable reporting workloads?,Scheduled Resource Scaling,Unlimited Clusters,Data Duplication,Bridge Expansion,A,Data Analytics,Enterprise Analytics and Data Architecture,80
DA_3626,What is the primary challenge of enterprise-scale semantic modeling?,Maintaining consistent business logic across domains,Reducing storage costs,Improving compression,Managing partitions,A,Data Analytics,Enterprise Analytics and Data Architecture,84
DA_3627,Which performance metric best indicates imbalance in distributed processing workloads?,Variance in Node Utilization,Dashboard Count,Worksheet Count,Dimension Count,A,Data Analytics,Enterprise Analytics and Data Architecture,86
DA_3628,What is the primary purpose of analytical workload classification?,Categorize workloads for optimized resource management,Increase dashboard count,Reduce metadata storage,Create dimensions automatically,A,Data Analytics,Enterprise Analytics and Data Architecture,81
DA_3629,Which optimization technique is most effective for reducing data movement during distributed join operations?,Co-locating Related Data,Additional Compression,Bridge Tables,Dimension Expansion,A,Data Analytics,Enterprise Analytics and Data Architecture,91
DA_3630,Which architecture component enables business users to access certified metrics without understanding physical schemas?,Semantic Layer,Fact Table,Storage Engine,Partition Manager,A,Data Analytics,Enterprise Analytics and Data Architecture,94
DA_3631,What is the primary objective of enterprise data stewardship programs?,Ensure accountability for data quality and governance,Increase dashboard volume,Reduce storage capacity,Improve compression ratios,A,Data Analytics,Enterprise Analytics and Data Architecture,86
DA_3632,Which modeling technique is most suitable for handling complex many-to-many relationships in dimensional models?,Bridge Tables,Junk Dimensions,Factless Fact Tables,Degenerate Dimensions,A,Data Analytics,Enterprise Analytics and Data Architecture,96
DA_3633,Which challenge commonly occurs when scaling analytical platforms globally?,Data sovereignty and cross-region governance requirements,Avoiding metadata,Reducing dimensions,Increasing worksheet limits,A,Data Analytics,Enterprise Analytics and Data Architecture,90
DA_3634,What is the primary role of enterprise KPI councils?,Govern metric definitions and business calculations,Increase dashboard quantity,Reduce partition counts,Manage storage hardware,A,Data Analytics,Enterprise Analytics and Data Architecture,99
DA_3635,Which optimization strategy is most beneficial for repetitive executive reporting workloads?,Materialized Reporting Layers,Dimension Expansion,Data Duplication,Metadata Replication,A,Data Analytics,Enterprise Analytics and Data Architecture,84
DA_3636,What is the primary purpose of analytical platform resiliency engineering?,Maintain service availability despite failures,Increase storage capacity,Reduce governance controls,Improve dashboard aesthetics,A,Data Analytics,Enterprise Analytics and Data Architecture,99
DA_3637,Which architecture pattern best supports reusable and discoverable enterprise data products?,Data Mesh,Spreadsheet Distribution,Standalone Databases,Local Data Silos,A,Data Analytics,Enterprise Analytics and Data Architecture,94
DA_3638,What is the primary challenge of supporting enterprise-wide self-service analytics?,Balancing accessibility with governance and consistency,Avoiding storage compression,Reducing metadata complexity,Managing worksheet counts,A,Data Analytics,Enterprise Analytics and Data Architecture,100
DA_3639,Which performance metric is most useful for identifying storage throughput bottlenecks?,Disk Throughput Utilization,Dashboard Count,Worksheet Count,Dimension Count,A,Data Analytics,Enterprise Analytics and Data Architecture,94
DA_3640,What is the primary objective of enterprise analytical standards frameworks?,Ensure consistency and interoperability across analytical assets,Avoid governance,Increase dashboard volume,Reduce storage requirements,A,Data Analytics,Enterprise Analytics and Data Architecture,99
DA_3641,Which optimization technique most directly reduces the amount of data processed in columnar systems?,Column Pruning,Additional Dimensions,Replication,Metadata Expansion,A,Data Analytics,Enterprise Analytics and Data Architecture,84
DA_3642,What is the primary role of enterprise analytics centers of excellence?,Promote best practices and analytical capability development,Increase partition counts,Reduce metadata quality,Manage storage tiers,A,Data Analytics,Enterprise Analytics and Data Architecture,98
DA_3643,Which challenge is most likely when enterprise data products lack ownership?,Reduced trust and unclear accountability,Improved governance,Lower costs,Faster adoption,A,Data Analytics,Enterprise Analytics and Data Architecture,79
DA_3644,What is the primary purpose of impact analysis before schema changes?,Identify downstream dependencies and risks,Increase dashboard count,Reduce storage usage,Improve compression ratios,A,Data Analytics,Enterprise Analytics and Data Architecture,85
DA_3645,Which architecture capability supports enterprise-wide discoverability of analytical assets?,Data Catalog and Marketplace,Bridge Tables,Compression Engines,Partition Managers,A,Data Analytics,Enterprise Analytics and Data Architecture,84
DA_3646,What is the primary benefit of workload-aware autoscaling in cloud analytics platforms?,Optimize resource utilization based on demand,Increase dashboard quantity,Reduce metadata management,Expand dimensions automatically,A,Data Analytics,Enterprise Analytics and Data Architecture,94
DA_3647,Which optimization strategy is most effective for reducing repeated dashboard query latency?,Result Caching and Materialization,Data Duplication,Bridge Expansion,Dimension Replication,A,Data Analytics,Enterprise Analytics and Data Architecture,90
DA_3648,What is the primary challenge of enterprise-scale business glossary management?,Maintaining consistent definitions across domains,Avoiding storage costs,Improving compression,Managing partitions,A,Data Analytics,Enterprise Analytics and Data Architecture,94
DA_3649,Which performance metric best indicates excessive contention between analytical workloads?,Query Wait Time and Resource Queue Length,Dashboard Count,Worksheet Count,Dimension Count,A,Data Analytics,Enterprise Analytics and Data Architecture,77
DA_3650,Which enterprise architecture principle is most important for ensuring analytical platforms can support future acquisitions and mergers?,Hard-Coded Integrations,Extensible and Modular Design,Single Source Dependency,Manual Data Mapping,B,Data Analytics,Enterprise Analytics and Data Architecture,85
DA_3651,What is the primary purpose of analytical workload orchestration?,Coordinate execution of dependent analytical processes efficiently,Increase dashboard count,Reduce metadata storage,Improve compression,A,Data Analytics,Enterprise Analytics and Data Architecture,94
DA_3652,Which optimization technique is most effective for minimizing data skew in distributed aggregation operations?,Adaptive Repartitioning,Additional Dimensions,Replication,Bridge Tables,A,Data Analytics,Enterprise Analytics and Data Architecture,92
DA_3653,What is the primary challenge of maintaining enterprise-wide data quality standards?,Ensuring consistent enforcement across domains and systems,Reducing dashboard count,Increasing storage usage,Managing worksheets,A,Data Analytics,Enterprise Analytics and Data Architecture,95
DA_3654,Which architecture component provides centralized management of analytical business terms and KPIs?,Business Glossary and KPI Repository,Storage Engine,Partition Manager,ETL Scheduler,A,Data Analytics,Enterprise Analytics and Data Architecture,99
DA_3655,What is the primary objective of enterprise analytics operating committees?,Oversee strategic alignment and governance of analytics initiatives,Increase storage capacity,Reduce metadata usage,Improve dashboard design,A,Data Analytics,Enterprise Analytics and Data Architecture,96
DA_3656,Which data modeling technique is most suitable for preserving source-system traceability while integrating multiple datasets?,Data Vault Modeling,Flat File Modeling,Spreadsheet Modeling,Wide Table Modeling,A,Data Analytics,Enterprise Analytics and Data Architecture,77
DA_3657,Which challenge commonly occurs when analytical workloads span multiple cloud environments?,Cross-cloud interoperability and governance complexity,Avoiding partitions,Reducing dashboard counts,Improving worksheet performance,A,Data Analytics,Enterprise Analytics and Data Architecture,94
DA_3658,What is the primary role of enterprise semantic governance?,Ensure consistent interpretation of metrics and business concepts,Increase storage efficiency,Reduce partition counts,Manage hardware procurement,A,Data Analytics,Enterprise Analytics and Data Architecture,92
DA_3659,Which optimization strategy is most beneficial for high-frequency KPI reporting environments?,Precomputed Aggregation Layers,Data Duplication,Bridge Expansion,Metadata Replication,A,Data Analytics,Enterprise Analytics and Data Architecture,93
DA_3660,What is the primary purpose of enterprise analytics observability scorecards?,Measure reliability and operational health of analytical assets,Increase dashboard volume,Reduce storage costs,Create ETL jobs automatically,A,Data Analytics,Enterprise Analytics and Data Architecture,92
DA_3661,What is the primary challenge of maintaining KPI consistency across global business units?,Reconciling local requirements with global standards,Avoiding metadata,Reducing storage usage,Managing worksheets,A,Data Analytics,Enterprise Analytics and Data Architecture,77
DA_3662,Which performance metric is most useful for identifying excessive cluster resource contention?,CPU Wait Time and Queue Depth,Dashboard Count,Worksheet Count,Dimension Count,A,Data Analytics,Enterprise Analytics and Data Architecture,94
DA_3663,What is the primary objective of enterprise analytics capability roadmaps?,Align long-term analytics investments with business strategy,Reduce governance,Increase dashboard count,Improve compression ratios,A,Data Analytics,Enterprise Analytics and Data Architecture,76
DA_3664,Which optimization technique most directly reduces query latency for frequently accessed dimensional attributes?,Dimension Caching,Replication,Bridge Tables,Metadata Expansion,A,Data Analytics,Enterprise Analytics and Data Architecture,86
DA_3665,What is the primary role of enterprise data stewardship councils?,Coordinate accountability for data quality and governance,Increase storage utilization,Reduce partition counts,Manage compute resources,A,Data Analytics,Enterprise Analytics and Data Architecture,100
DA_3666,Which challenge is most likely when analytics platforms lack centralized metadata management?,Reduced discoverability and inconsistent understanding of data,Improved governance,Faster reporting,Lower costs,A,Data Analytics,Enterprise Analytics and Data Architecture,85
DA_3667,What is the primary purpose of analytical workload prioritization frameworks?,Allocate resources according to business importance and urgency,Increase storage capacity,Reduce dashboard usage,Improve compression ratios,A,Data Analytics,Enterprise Analytics and Data Architecture,80
DA_3668,Which architecture capability supports dependency analysis before decommissioning analytical assets?,Lineage and Impact Analysis,Caching,Compression,Partition Pruning,A,Data Analytics,Enterprise Analytics and Data Architecture,91
DA_3669,What is the primary benefit of cloud-native analytics architectures?,Elastic scaling and operational flexibility,Reduced governance requirements,Elimination of metadata,Unlimited performance,A,Data Analytics,Enterprise Analytics and Data Architecture,99
DA_3670,Which optimization strategy is most effective for reducing costs in workloads with predictable usage patterns?,Scheduled Resource Scaling,Unlimited Clusters,Data Duplication,Bridge Expansion,A,Data Analytics,Enterprise Analytics and Data Architecture,80
DA_3671,What is the primary challenge of enterprise-scale semantic layer management?,Maintaining consistent business logic across domains and tools,Avoiding storage costs,Improving compression,Managing partitions,A,Data Analytics,Enterprise Analytics and Data Architecture,99
DA_3672,Which performance metric best identifies uneven workload distribution across cluster nodes?,Node Utilization Variance,Dashboard Count,Worksheet Count,Dimension Count,A,Data Analytics,Enterprise Analytics and Data Architecture,98
DA_3673,Which enterprise architecture principle most effectively supports integration of newly acquired business units into an existing analytics ecosystem?,Proprietary Data Formats,Standardized Interfaces and Data Contracts,Manual Data Mapping,Independent Reporting Systems,B,Data Analytics,Enterprise Analytics and Data Architecture,87
DA_3674,Which optimization technique is most effective for improving performance of skewed distributed joins involving a small dimension table?,Broadcast Join Strategy,Data Duplication,Bridge Expansion,Metadata Replication,A,Data Analytics,Enterprise Analytics and Data Architecture,79
DA_3675,What is the primary challenge of enterprise-scale metadata governance?,Maintaining accuracy and consistency across diverse systems,Avoiding partitioning,Reducing dashboard counts,Improving worksheet layouts,A,Data Analytics,Enterprise Analytics and Data Architecture,98
DA_3676,Which architecture component provides business users with a governed catalog of reusable analytical assets?,Data Marketplace,Storage Engine,Cluster Scheduler,Partition Manager,A,Data Analytics,Enterprise Analytics and Data Architecture,81
DA_3677,What is the primary objective of enterprise analytics funding models?,Align investments with measurable business outcomes,Increase dashboard quantity,Reduce storage usage,Improve compression ratios,A,Data Analytics,Enterprise Analytics and Data Architecture,94
DA_3678,Which data modeling technique is most appropriate for representing hierarchical organizational structures in analytics?,Snowflaked Dimensions,Flat Tables,Factless Facts,Junk Dimensions,A,Data Analytics,Enterprise Analytics and Data Architecture,84
DA_3679,Which challenge commonly occurs when organizations adopt self-service analytics without governance standards?,Metric proliferation and inconsistent reporting,Improved trust,Reduced storage requirements,Faster standardization,A,Data Analytics,Enterprise Analytics and Data Architecture,87
DA_3680,What is the primary role of enterprise data quality councils?,Define quality standards and oversee remediation efforts,Increase partition counts,Reduce metadata management,Manage storage hardware,A,Data Analytics,Enterprise Analytics and Data Architecture,90
DA_3681,Which optimization strategy is most beneficial for executive dashboards accessed by thousands of users daily?,Result Caching and Pre-Aggregation,Bridge Tables,Data Duplication,Dimension Expansion,A,Data Analytics,Enterprise Analytics and Data Architecture,91
DA_3682,What is the primary purpose of enterprise analytics reliability engineering?,Ensure analytical services meet reliability expectations,Increase storage capacity,Reduce governance controls,Improve dashboard aesthetics,A,Data Analytics,Enterprise Analytics and Data Architecture,88
DA_3683,Which architecture style best supports enterprise-wide analytical interoperability across multiple platforms?,Open Standards-Based Architecture,Spreadsheet Architecture,Standalone Databases,Desktop Reporting Tools,A,Data Analytics,Enterprise Analytics and Data Architecture,100
DA_3684,What is the primary challenge of maintaining lineage information in complex analytics ecosystems?,Tracking transformations across numerous interconnected systems,Avoiding storage costs,Improving compression,Managing worksheets,A,Data Analytics,Enterprise Analytics and Data Architecture,96
DA_3685,Which performance metric is most useful for identifying excessive data movement in distributed queries?,Shuffle Volume,Dashboard Count,Worksheet Count,Dimension Count,A,Data Analytics,Enterprise Analytics and Data Architecture,99
DA_3686,What is the primary objective of enterprise analytical governance scorecards?,Measure adherence to governance policies and standards,Increase dashboard volume,Reduce storage costs,Create ETL jobs automatically,A,Data Analytics,Enterprise Analytics and Data Architecture,82
DA_3687,Which optimization technique most directly reduces storage costs for rarely accessed analytical data?,Lifecycle-Based Archival,Tier Expansion,Dimension Replication,Bridge Tables,A,Data Analytics,Enterprise Analytics and Data Architecture,100
DA_3688,What is the primary role of enterprise business architecture in analytics?,Align analytical capabilities with business processes and goals,Increase storage utilization,Reduce partition counts,Manage compute resources,A,Data Analytics,Enterprise Analytics and Data Architecture,98
DA_3689,Which challenge is most likely when analytical domains lack clearly defined ownership?,Accountability gaps and inconsistent quality,Improved governance,Faster reporting,Reduced operational risk,A,Data Analytics,Enterprise Analytics and Data Architecture,95
DA_3690,What is the primary purpose of analytical workload forecasting models?,Predict future demand for analytical resources,Increase dashboard count,Reduce metadata complexity,Improve report formatting,A,Data Analytics,Enterprise Analytics and Data Architecture,79
DA_3691,Which architecture capability supports enterprise-wide discovery of certified KPIs and metrics?,Semantic Catalog,Caching Layer,Partition Manager,Storage Engine,A,Data Analytics,Enterprise Analytics and Data Architecture,86
DA_3692,What is the primary benefit of enterprise data contracts?,Reduce ambiguity between data producers and consumers,Increase storage capacity,Reduce governance controls,Expand partition counts,A,Data Analytics,Enterprise Analytics and Data Architecture,83
DA_3693,Which optimization strategy is most effective for reducing cloud analytics costs caused by idle resources?,Auto-Suspend and Auto-Resume Compute,Unlimited Clusters,Data Duplication,Bridge Expansion,A,Data Analytics,Enterprise Analytics and Data Architecture,81
DA_3694,What is the primary challenge of maintaining global KPI frameworks?,Balancing local business needs with enterprise consistency,Avoiding metadata,Improving compression,Managing worksheets,A,Data Analytics,Enterprise Analytics and Data Architecture,100
DA_3695,Which performance metric best identifies inefficient utilization of allocated compute resources?,Resource Utilization Efficiency,Dashboard Count,Worksheet Count,Dimension Count,A,Data Analytics,Enterprise Analytics and Data Architecture,85
DA_3696,Which enterprise architecture principle is most important for ensuring analytical services remain interoperable across multiple platforms?,Open Standards Adoption,Single Vendor Strategy,Manual Integration Processes,Independent Data Silos,A,Data Analytics,Enterprise Analytics and Data Architecture,82
DA_3697,What is the primary purpose of enterprise analytical chargeback models?,Allocate analytics costs to consuming business units,Increase dashboard count,Reduce metadata management,Improve storage compression,A,Data Analytics,Enterprise Analytics and Data Architecture,82
DA_3698,Which optimization technique is most effective for handling skewed aggregations where a small number of keys dominate processing?,Key Salting,Dimension Expansion,Data Duplication,Metadata Replication,A,Data Analytics,Enterprise Analytics and Data Architecture,79
DA_3699,What is the primary challenge of enterprise-scale semantic layer governance?,Maintaining consistent business logic across domains and tools,Avoiding storage costs,Reducing partition counts,Managing dashboards,A,Data Analytics,Enterprise Analytics and Data Architecture,78
DA_3700,Which architecture component provides governance over analytical metric definitions and calculations?,Metric Repository,Storage Engine,Partition Manager,Cluster Scheduler,A,Data Analytics,Enterprise Analytics and Data Architecture,99
DA_3701,What is the primary objective of enterprise analytics risk management?,Identify and mitigate risks affecting analytical operations,Increase storage capacity,Reduce dashboard count,Improve report aesthetics,A,Data Analytics,Enterprise Analytics and Data Architecture,82
DA_3702,Which data modeling approach is most suitable for integrating highly heterogeneous enterprise source systems?,Data Vault Modeling,Spreadsheet Modeling,Flat File Modeling,Single Fact Table Design,A,Data Analytics,Enterprise Analytics and Data Architecture,79
DA_3703,Which challenge commonly arises when scaling data product ecosystems across large enterprises?,Maintaining governance while preserving autonomy,Avoiding metadata,Reducing storage utilization,Increasing worksheet limits,A,Data Analytics,Enterprise Analytics and Data Architecture,88
DA_3704,Which optimization strategy is most beneficial for repetitive KPI calculations across multiple reports?,Centralized Metric Materialization,Bridge Tables,Dimension Duplication,Metadata Expansion,A,Data Analytics,Enterprise Analytics and Data Architecture,95
DA_3705,What is the primary purpose of enterprise analytics health monitoring?,Track operational status and reliability of analytical systems,Increase storage capacity,Reduce governance requirements,Improve dashboard formatting,A,Data Analytics,Enterprise Analytics and Data Architecture,92
DA_3706,Which architecture style best supports composable enterprise analytics capabilities?,Composable Data Architecture,Spreadsheet Architecture,Standalone Databases,Local Reporting Systems,A,Data Analytics,Enterprise Analytics and Data Architecture,82
DA_3707,What is the primary challenge of maintaining enterprise-wide business glossaries?,Ensuring consistent terminology adoption across domains,Avoiding partitions,Reducing storage costs,Managing dashboards,A,Data Analytics,Enterprise Analytics and Data Architecture,92
DA_3708,Which performance metric is most useful for identifying excessive memory pressure during analytical processing?,Memory Spill Volume,Dashboard Count,Worksheet Count,Dimension Count,A,Data Analytics,Enterprise Analytics and Data Architecture,79
DA_3709,What is the primary objective of enterprise analytical governance maturity assessments?,Evaluate governance effectiveness and identify improvement opportunities,Increase storage usage,Reduce metadata management,Improve dashboard aesthetics,A,Data Analytics,Enterprise Analytics and Data Architecture,86
DA_3710,Which optimization technique most directly improves performance of selective queries on partitioned datasets?,Partition Pruning,Dimension Expansion,Data Duplication,Bridge Tables,A,Data Analytics,Enterprise Analytics and Data Architecture,78
DA_3711,Which challenge is most likely when data contracts are not enforced between producers and consumers?,Schema instability and downstream failures,Improved governance,Faster reporting,Reduced costs,A,Data Analytics,Enterprise Analytics and Data Architecture,86
DA_3712,What is the primary purpose of enterprise workload observability?,Provide visibility into workload behavior and resource consumption,Increase partition counts,Reduce metadata quality,Create dimensions automatically,A,Data Analytics,Enterprise Analytics and Data Architecture,78
DA_3713,Which architecture capability supports enterprise-wide trust in analytical outputs?,Data Quality Framework,Caching Layer,Partition Manager,Storage Engine,A,Data Analytics,Enterprise Analytics and Data Architecture,87
DA_3714,Which optimization strategy is most effective for reducing query costs in cloud-native analytics platforms?,Resource Right-Sizing and Optimization,Unlimited Compute Scaling,Data Duplication,Bridge Expansion,A,Data Analytics,Enterprise Analytics and Data Architecture,76
DA_3715,Which performance metric best indicates excessive concurrency pressure in shared analytics environments?,Query Queue Time,Dashboard Count,Worksheet Count,Dimension Count,A,Data Analytics,Enterprise Analytics and Data Architecture,79
DA_3716,Which enterprise architecture principle is most important for ensuring analytical capabilities can be reused across multiple business domains?,Capability Reusability,Local Optimization,Manual Integration,Single-Team Ownership,A,Data Analytics,Enterprise Analytics and Data Architecture,89
DA_3717,What is the primary purpose of analytical workload cost attribution?,Track resource consumption by teams and workloads,Increase dashboard count,Reduce metadata usage,Improve storage compression,A,Data Analytics,Enterprise Analytics and Data Architecture,76
DA_3718,Which optimization technique is most effective for reducing data transfer during distributed query execution?,Predicate and Projection Pushdown,Dimension Expansion,Data Duplication,Metadata Replication,A,Data Analytics,Enterprise Analytics and Data Architecture,89
DA_3719,What is the primary challenge of enterprise-scale data catalog adoption?,Driving consistent usage and metadata stewardship,Reducing storage costs,Improving compression,Managing partitions,A,Data Analytics,Enterprise Analytics and Data Architecture,88
DA_3720,Which architecture component provides a governed inventory of enterprise data products?,Data Marketplace,Storage Engine,Cluster Scheduler,Partition Manager,A,Data Analytics,Enterprise Analytics and Data Architecture,88
DA_3721,What is the primary objective of enterprise analytics value measurement?,Assess business impact generated by analytical initiatives,Increase dashboard volume,Reduce governance controls,Improve report aesthetics,A,Data Analytics,Enterprise Analytics and Data Architecture,99
DA_3722,Which data modeling technique is most suitable for preserving historical relationships between entities over time?,Data Vault Links and Satellites,Flat Tables,Spreadsheet Models,Single Fact Tables,A,Data Analytics,Enterprise Analytics and Data Architecture,90
DA_3723,Which challenge commonly occurs when multiple analytics teams independently build semantic models?,Inconsistent metric definitions and duplication,Improved governance,Reduced costs,Faster standardization,A,Data Analytics,Enterprise Analytics and Data Architecture,92
DA_3724,Which optimization strategy is most beneficial for reducing query latency in executive reporting environments?,Precomputed Aggregations and Caching,Bridge Tables,Dimension Expansion,Metadata Duplication,A,Data Analytics,Enterprise Analytics and Data Architecture,87
DA_3725,What is the primary purpose of enterprise analytics service management?,Manage analytical services throughout their lifecycle,Increase dashboard count,Reduce storage utilization,Improve compression ratios,A,Data Analytics,Enterprise Analytics and Data Architecture,97
DA_3726,Which architecture style best supports modular analytical capabilities assembled from reusable components?,Composable Analytics Architecture,Spreadsheet Architecture,Standalone Databases,Local Reporting Tools,A,Data Analytics,Enterprise Analytics and Data Architecture,98
DA_3727,What is the primary challenge of maintaining enterprise-wide analytical standards?,Balancing flexibility with consistency and governance,Reducing metadata usage,Improving storage efficiency,Managing worksheets,A,Data Analytics,Enterprise Analytics and Data Architecture,89
DA_3728,Which performance metric is most useful for identifying excessive CPU contention in analytical clusters?,CPU Wait Time,Dashboard Count,Worksheet Count,Dimension Count,A,Data Analytics,Enterprise Analytics and Data Architecture,87
DA_3729,Which optimization technique most directly improves performance of selective analytical queries against partitioned datasets?,Partition Elimination,Dimension Expansion,Bridge Tables,Data Duplication,A,Data Analytics,Enterprise Analytics and Data Architecture,93
DA_3730,Which challenge is most likely when governance policies are inconsistently applied across domains?,Compliance risks and inconsistent analytical outcomes,Improved flexibility,Reduced storage costs,Faster deployment,A,Data Analytics,Enterprise Analytics and Data Architecture,79
DA_3731,What is the primary purpose of analytical workload capacity forecasting?,Predict future infrastructure and resource needs,Increase dashboard count,Reduce partition complexity,Improve compression ratios,A,Data Analytics,Enterprise Analytics and Data Architecture,89
DA_3732,Which architecture capability supports enterprise-wide visibility into data ownership and accountability?,Metadata Catalog with Ownership Tracking,Caching Layer,Partition Manager,Storage Engine,A,Data Analytics,Enterprise Analytics and Data Architecture,94
DA_3733,Which optimization strategy is most effective for reducing cloud analytics spend caused by overprovisioned resources?,Rightsizing Compute Resources,Unlimited Cluster Scaling,Data Duplication,Bridge Expansion,A,Data Analytics,Enterprise Analytics and Data Architecture,88
DA_3734,What is the primary challenge of enterprise-scale KPI governance?,Maintaining trusted definitions across evolving business requirements,Avoiding storage costs,Improving compression,Managing partitions,A,Data Analytics,Enterprise Analytics and Data Architecture,100
DA_3735,Which performance metric best indicates inefficient utilization of provisioned analytics infrastructure?,Resource Utilization Rate,Dashboard Count,Worksheet Count,Dimension Count,A,Data Analytics,Enterprise Analytics and Data Architecture,98
DA_3736,What is the primary purpose of enterprise analytics demand management?,Prioritize analytics initiatives based on business value and capacity,Increase dashboard count,Reduce metadata quality,Expand storage capacity,A,Data Analytics,Enterprise Analytics and Data Architecture,93
DA_3737,Which optimization technique is most effective for reducing execution time of large distributed joins involving a small lookup table?,Broadcast Join,Data Duplication,Dimension Expansion,Metadata Replication,A,Data Analytics,Enterprise Analytics and Data Architecture,86
DA_3738,Which architecture component provides a centralized repository for analytical policies and standards?,Governance Repository,Storage Engine,Partition Manager,Cluster Scheduler,A,Data Analytics,Enterprise Analytics and Data Architecture,81
DA_3739,What is the primary objective of enterprise analytics portfolio governance?,Align analytical investments with strategic priorities,Increase dashboard quantity,Reduce metadata management,Improve compression ratios,A,Data Analytics,Enterprise Analytics and Data Architecture,84
DA_3740,Which challenge commonly occurs when analytics workloads share infrastructure with operational systems?,Resource contention and unpredictable performance,Improved efficiency,Reduced costs,Automatic optimization,A,Data Analytics,Enterprise Analytics and Data Architecture,87
DA_3741,Which optimization strategy is most beneficial for repetitive enterprise reporting queries?,Materialized Reporting Views,Bridge Tables,Dimension Expansion,Metadata Duplication,A,Data Analytics,Enterprise Analytics and Data Architecture,94
DA_3742,What is the primary purpose of enterprise observability programs?,Provide end-to-end visibility into analytical system health,Increase storage capacity,Reduce governance requirements,Improve dashboard design,A,Data Analytics,Enterprise Analytics and Data Architecture,89
DA_3743,Which architecture style best supports scalable analytics across hybrid cloud environments?,Cloud-Agnostic Architecture,Spreadsheet Architecture,Standalone Databases,Desktop Reporting Systems,A,Data Analytics,Enterprise Analytics and Data Architecture,90
DA_3744,What is the primary challenge of maintaining metric consistency across acquisitions and mergers?,Reconciling differing business definitions and standards,Avoiding storage costs,Improving compression,Managing partitions,A,Data Analytics,Enterprise Analytics and Data Architecture,86
DA_3745,Which performance metric is most useful for identifying excessive storage latency?,Storage Response Time,Dashboard Count,Worksheet Count,Dimension Count,A,Data Analytics,Enterprise Analytics and Data Architecture,81
DA_3746,What is the primary objective of enterprise analytics transformation programs?,Improve organizational analytical capabilities and maturity,Avoid governance,Increase dashboard count,Reduce metadata usage,A,Data Analytics,Enterprise Analytics and Data Architecture,89
DA_3747,Which optimization technique most directly reduces processing costs in columnar analytical databases?,Column Pruning,Bridge Tables,Data Duplication,Dimension Expansion,A,Data Analytics,Enterprise Analytics and Data Architecture,78
DA_3748,What is the primary role of enterprise data accountability frameworks?,Assign ownership and responsibility for data assets,Increase storage utilization,Reduce partition counts,Manage hardware procurement,A,Data Analytics,Enterprise Analytics and Data Architecture,94
DA_3749,Which challenge is most likely when enterprise analytics lacks standardized KPI definitions?,Conflicting business insights and decisions,Improved governance,Lower costs,Faster reporting,A,Data Analytics,Enterprise Analytics and Data Architecture,95
DA_3750,What is the primary purpose of analytical workload scheduling?,Optimize execution timing and resource utilization,Increase dashboard volume,Reduce metadata quality,Improve report formatting,A,Data Analytics,Enterprise Analytics and Data Architecture,100
DA_3751,Which architecture capability supports enterprise-wide impact assessment before major data changes?,Data Lineage and Dependency Analysis,Caching Layer,Partition Manager,Storage Engine,A,Data Analytics,Enterprise Analytics and Data Architecture,86
DA_3752,Which optimization strategy is most effective for reducing cloud costs associated with infrequently used analytics workloads?,Auto-Suspend Compute Resources,Unlimited Clusters,Data Duplication,Bridge Expansion,A,Data Analytics,Enterprise Analytics and Data Architecture,99
DA_3753,What is the primary challenge of governing enterprise data products?,Balancing autonomy with organizational standards,Reducing storage costs,Improving compression,Managing worksheets,A,Data Analytics,Enterprise Analytics and Data Architecture,92
DA_3754,Which performance metric best indicates excessive resource contention among analytical workloads?,Query Queue Duration,Dashboard Count,Worksheet Count,Dimension Count,A,Data Analytics,Enterprise Analytics and Data Architecture,92
DA_3755,Which enterprise architecture principle most effectively supports long-term analytics platform sustainability?,Technology Lock-in,Standardization and Modularity,Manual Integration Processes,Single Vendor Dependence,B,Data Analytics,Enterprise Analytics and Data Architecture,98
DA_3756,What is the primary purpose of analytical workload segmentation?,Separate workloads based on characteristics and priorities,Increase dashboard count,Reduce metadata storage,Improve report formatting,A,Data Analytics,Enterprise Analytics and Data Architecture,78
DA_3757,Which optimization technique is most effective for improving performance of star-schema queries on massive fact tables?,Star Join Optimization,Data Duplication,Dimension Expansion,Metadata Replication,A,Data Analytics,Enterprise Analytics and Data Architecture,89
DA_3758,What is the primary challenge of enterprise-scale analytical compliance?,Balancing regulatory requirements with analytical agility,Avoiding partitions,Reducing dashboard counts,Improving worksheet performance,A,Data Analytics,Enterprise Analytics and Data Architecture,82
DA_3759,Which architecture component provides centralized control over analytical access policies?,Access Governance Framework,Storage Engine,Partition Manager,Cluster Scheduler,A,Data Analytics,Enterprise Analytics and Data Architecture,100
DA_3760,What is the primary objective of enterprise analytics investment governance?,Ensure resources are allocated to high-value analytical initiatives,Increase dashboard volume,Reduce metadata quality,Expand storage capacity,A,Data Analytics,Enterprise Analytics and Data Architecture,94
DA_3761,Which data modeling approach is most suitable for enterprise-wide integration with strong auditability requirements?,Data Vault Modeling,Spreadsheet Modeling,Flat File Modeling,Single Fact Table Design,A,Data Analytics,Enterprise Analytics and Data Architecture,78
DA_3762,Which challenge commonly arises when analytical assets lack standardized documentation?,Reduced discoverability and increased dependency risks,Avoiding storage costs,Improving compression,Managing partitions,A,Data Analytics,Enterprise Analytics and Data Architecture,77
DA_3763,Which optimization strategy is most beneficial for repetitive analytical queries with stable data refresh cycles?,Materialized Query Results,Bridge Tables,Dimension Expansion,Metadata Duplication,A,Data Analytics,Enterprise Analytics and Data Architecture,92
DA_3764,What is the primary purpose of enterprise analytical service catalogs?,Provide discoverability and governance for analytical services,Increase storage capacity,Reduce metadata quality,Create dashboards automatically,A,Data Analytics,Enterprise Analytics and Data Architecture,84
DA_3765,Which architecture style best supports analytics across distributed business domains while maintaining governance?,Federated Data Mesh,Spreadsheet Architecture,Standalone Databases,Local Reporting Systems,A,Data Analytics,Enterprise Analytics and Data Architecture,97
DA_3766,What is the primary challenge of maintaining enterprise-wide analytical observability?,Aggregating visibility across diverse systems and domains,Avoiding partitions,Reducing dashboard counts,Improving worksheet design,A,Data Analytics,Enterprise Analytics and Data Architecture,81
DA_3767,Which performance metric is most useful for identifying excessive network overhead in distributed analytics?,Network Transfer Volume,Dashboard Count,Worksheet Count,Dimension Count,A,Data Analytics,Enterprise Analytics and Data Architecture,99
DA_3768,Which optimization technique most directly improves partitioned table query performance?,Partition Pruning,Dimension Expansion,Bridge Tables,Data Duplication,A,Data Analytics,Enterprise Analytics and Data Architecture,96
DA_3769,What is the primary role of enterprise KPI repositories?,Maintain certified and reusable business metrics,Increase storage utilization,Reduce metadata quality,Manage compute resources,A,Data Analytics,Enterprise Analytics and Data Architecture,84
DA_3770,Which challenge is most likely when analytical ownership is unclear across departments?,Accountability gaps and inconsistent data quality,Improved governance,Faster reporting,Lower operational risk,A,Data Analytics,Enterprise Analytics and Data Architecture,80
DA_3771,What is the primary purpose of analytical demand forecasting?,Estimate future analytical workload requirements,Increase dashboard count,Reduce partition complexity,Improve report formatting,A,Data Analytics,Enterprise Analytics and Data Architecture,77
DA_3772,Which architecture capability supports enterprise-wide discovery of trusted analytical assets?,Enterprise Data Catalog,Caching Layer,Storage Engine,Partition Manager,A,Data Analytics,Enterprise Analytics and Data Architecture,97
DA_3773,Which optimization strategy is most effective for minimizing cloud spend on underutilized analytics resources?,Dynamic Resource Scaling,Unlimited Cluster Capacity,Data Duplication,Bridge Expansion,A,Data Analytics,Enterprise Analytics and Data Architecture,90
DA_3774,What is the primary challenge of enterprise-scale data product governance?,Maintaining autonomy while enforcing organizational standards,Reducing storage costs,Improving compression,Managing worksheets,A,Data Analytics,Enterprise Analytics and Data Architecture,84
DA_3775,Which performance metric best indicates inefficient utilization of analytical compute clusters?,Average Resource Utilization,Dashboard Count,Worksheet Count,Dimension Count,A,Data Analytics,Enterprise Analytics and Data Architecture,94
DA_3776,Which enterprise architecture principle most effectively enables independent evolution of analytics platforms and data products?,Tight Coupling,Loose Coupling and Domain Ownership,Manual Integration,Centralized Reporting Only,B,Data Analytics,Enterprise Analytics and Data Architecture,85
DA_3777,What is the primary purpose of enterprise analytics capability mapping?,Identify analytical capabilities and align them with business objectives,Increase dashboard count,Reduce storage costs,Improve compression,A,Data Analytics,Enterprise Analytics and Data Architecture,79
DA_3778,Which optimization technique is most effective for reducing shuffle costs during distributed aggregations?,Partial Aggregation Before Shuffle,Dimension Expansion,Data Duplication,Metadata Replication,A,Data Analytics,Enterprise Analytics and Data Architecture,85
DA_3779,What is the primary challenge of maintaining data lineage across hybrid analytics environments?,Tracking transformations across heterogeneous platforms,Avoiding partitions,Reducing dashboard counts,Improving worksheet design,A,Data Analytics,Enterprise Analytics and Data Architecture,83
DA_3780,Which architecture component provides enterprise-wide visibility into analytical assets and their relationships?,Metadata Catalog and Lineage Repository,Storage Engine,Partition Manager,Cluster Scheduler,A,Data Analytics,Enterprise Analytics and Data Architecture,97
DA_3781,What is the primary objective of enterprise analytics service-level management?,Ensure analytical services meet agreed performance and reliability targets,Increase storage utilization,Reduce metadata quality,Create dashboards automatically,A,Data Analytics,Enterprise Analytics and Data Architecture,88
DA_3782,Which data modeling approach is most suitable for highly scalable historical auditing and regulatory traceability?,Data Vault Architecture,Flat Files,Spreadsheet Models,Denormalized Reporting Tables,A,Data Analytics,Enterprise Analytics and Data Architecture,82
DA_3783,Which challenge commonly arises when multiple business units independently manage analytical assets?,Duplication and inconsistent governance,Improved standardization,Reduced costs,Faster alignment,A,Data Analytics,Enterprise Analytics and Data Architecture,82
DA_3784,What is the primary role of enterprise analytical operating standards?,Define consistent processes and practices for analytics delivery,Increase dashboard volume,Reduce storage usage,Manage hardware resources,A,Data Analytics,Enterprise Analytics and Data Architecture,79
DA_3785,Which optimization strategy is most beneficial for recurring enterprise KPI calculations?,Centralized Metric Computation Layer,Bridge Tables,Dimension Expansion,Metadata Duplication,A,Data Analytics,Enterprise Analytics and Data Architecture,90
DA_3786,What is the primary purpose of enterprise analytical health scorecards?,Measure operational health and reliability of analytics systems,Increase storage capacity,Reduce governance requirements,Improve report aesthetics,A,Data Analytics,Enterprise Analytics and Data Architecture,87
DA_3787,Which architecture style best supports composable analytics through reusable services and data products?,Composable Enterprise Architecture,Spreadsheet Architecture,Standalone Databases,Desktop Reporting Systems,A,Data Analytics,Enterprise Analytics and Data Architecture,91
DA_3788,What is the primary challenge of maintaining business glossary consistency across global organizations?,Coordinating definitions across regions and domains,Avoiding metadata,Reducing storage costs,Managing worksheets,A,Data Analytics,Enterprise Analytics and Data Architecture,81
DA_3789,Which performance metric is most useful for identifying bottlenecks caused by memory pressure?,Memory Spill Rate,Dashboard Count,Worksheet Count,Dimension Count,A,Data Analytics,Enterprise Analytics and Data Architecture,84
DA_3790,What is the primary objective of enterprise analytics governance maturity programs?,Continuously improve governance effectiveness and adoption,Increase dashboard count,Reduce metadata quality,Expand storage tiers,A,Data Analytics,Enterprise Analytics and Data Architecture,78
DA_3791,Which optimization technique most directly improves selective query performance on large partitioned datasets?,Partition Elimination,Dimension Expansion,Data Duplication,Bridge Tables,A,Data Analytics,Enterprise Analytics and Data Architecture,83
DA_3792,Which challenge is most likely when data contracts are inconsistently enforced?,Schema drift and downstream failures,Improved governance,Faster deployment,Reduced costs,A,Data Analytics,Enterprise Analytics and Data Architecture,82
DA_3793,What is the primary purpose of enterprise workload observability frameworks?,Provide visibility into workload behavior and resource consumption,Increase partition counts,Reduce metadata management,Create dimensions automatically,A,Data Analytics,Enterprise Analytics and Data Architecture,79
DA_3794,Which architecture capability supports trust in enterprise analytical outputs?,Comprehensive Data Quality Framework,Caching Layer,Partition Manager,Storage Engine,A,Data Analytics,Enterprise Analytics and Data Architecture,88
DA_3795,Which optimization strategy is most effective for controlling cloud analytics costs while maintaining performance targets?,Workload-Aware Resource Optimization,Unlimited Compute Scaling,Data Duplication,Bridge Expansion,A,Data Analytics,Enterprise Analytics and Data Architecture,94
DA_3796,Which performance metric best indicates contention among concurrent analytical workloads?,Query Queue Duration,Dashboard Count,Worksheet Count,Dimension Count,A,Data Analytics,Enterprise Analytics and Data Architecture,82
DA_3797,Which enterprise architecture principle most effectively supports analytics modernization initiatives?,Backward Compatibility Only,Incremental and Modular Transformation,Manual Migration Processes,Single-System Replacement,B,Data Analytics,Enterprise Analytics and Data Architecture,85
DA_3798,Which optimization technique is most effective for reducing execution overhead in repetitive analytical workloads?,Result Reuse and Query Caching,Dimension Expansion,Data Duplication,Metadata Replication,A,Data Analytics,Enterprise Analytics and Data Architecture,100
DA_3799,What is the primary challenge of managing analytical assets across decentralized business domains?,Maintaining governance and consistency while enabling autonomy,Avoiding partitions,Reducing dashboard counts,Improving worksheet performance,A,Data Analytics,Enterprise Analytics and Data Architecture,87
DA_3800,Which architecture component provides centralized visibility into enterprise KPI definitions?,KPI Registry,Storage Engine,Partition Manager,Cluster Scheduler,A,Data Analytics,Enterprise Analytics and Data Architecture,78
DA_3801,What is the primary objective of enterprise analytical service catalogs?,Provide discoverability and governance for analytical services,Increase storage capacity,Reduce metadata quality,Create dashboards automatically,A,Data Analytics,Enterprise Analytics and Data Architecture,100
DA_3802,Which data modeling approach is most suitable for supporting enterprise-wide historical auditability and flexibility?,Data Vault Modeling,Flat Tables,Spreadsheet Models,Single Fact Tables,A,Data Analytics,Enterprise Analytics and Data Architecture,99
DA_3803,Which challenge commonly arises when business metrics are defined independently across departments?,Conflicting calculations and inconsistent reporting,Improved governance,Reduced costs,Faster standardization,A,Data Analytics,Enterprise Analytics and Data Architecture,87
DA_3804,What is the primary role of enterprise data stewardship programs?,Ensure accountability for data quality and governance,Increase dashboard volume,Reduce storage utilization,Manage hardware resources,A,Data Analytics,Enterprise Analytics and Data Architecture,94
DA_3805,Which optimization strategy is most beneficial for recurring executive-level reporting workloads?,Precomputed Summary Layers,Bridge Tables,Dimension Expansion,Metadata Duplication,A,Data Analytics,Enterprise Analytics and Data Architecture,90
DA_3806,What is the primary purpose of enterprise analytics resiliency testing?,Validate system behavior during failures and disruptions,Increase storage capacity,Reduce governance requirements,Improve dashboard design,A,Data Analytics,Enterprise Analytics and Data Architecture,83
DA_3807,Which performance metric is most useful for identifying excessive disk I/O bottlenecks?,Disk Queue Length,Dashboard Count,Worksheet Count,Dimension Count,A,Data Analytics,Enterprise Analytics and Data Architecture,87
DA_3808,Which optimization technique most directly improves performance of highly selective partition-based queries?,Partition Pruning,Dimension Expansion,Bridge Tables,Data Duplication,A,Data Analytics,Enterprise Analytics and Data Architecture,95
DA_3809,Which challenge is most likely when enterprise analytics lacks formal ownership structures?,Accountability gaps and reduced trust in outputs,Improved governance,Faster deployment,Lower operational risk,A,Data Analytics,Enterprise Analytics and Data Architecture,81
DA_3810,What is the primary purpose of analytical capacity planning?,Forecast resource requirements to support future demand,Increase dashboard volume,Reduce partition complexity,Improve report formatting,A,Data Analytics,Enterprise Analytics and Data Architecture,85
DA_3811,Which architecture capability supports enterprise-wide visibility into data lineage and ownership?,Metadata Catalog with Lineage Tracking,Caching Layer,Storage Engine,Partition Manager,A,Data Analytics,Enterprise Analytics and Data Architecture,77
DA_3812,Which optimization strategy is most effective for minimizing cloud costs associated with idle analytics clusters?,Automatic Compute Suspension,Unlimited Cluster Capacity,Data Duplication,Bridge Expansion,A,Data Analytics,Enterprise Analytics and Data Architecture,99
DA_3813,What is the primary challenge of enterprise-scale KPI governance programs?,Maintaining trusted definitions while adapting to changing business needs,Avoiding storage costs,Improving compression,Managing worksheets,A,Data Analytics,Enterprise Analytics and Data Architecture,88
DA_3814,Which performance metric best indicates inefficient utilization of analytical infrastructure investments?,Resource Utilization Percentage,Dashboard Count,Worksheet Count,Dimension Count,A,Data Analytics,Enterprise Analytics and Data Architecture,100
DA_3815,Which enterprise architecture principle is most important for ensuring analytics platforms can integrate emerging technologies without major redesigns?,Rigid Standardization,Extensible Architecture,Manual Integration Layers,Single-Vendor Dependency,B,Data Analytics,Enterprise Analytics and Data Architecture,82
DA_3816,What is the primary purpose of enterprise analytics capability roadmaps?,Align analytical investments with long-term business objectives,Increase dashboard count,Reduce metadata volume,Improve compression ratios,A,Data Analytics,Enterprise Analytics and Data Architecture,83
DA_3817,Which optimization technique is most effective when distributed joins suffer from extreme data skew on a small subset of keys?,Key Salting,Dimension Expansion,Bridge Tables,Metadata Replication,A,Data Analytics,Enterprise Analytics and Data Architecture,98
DA_3818,What is the primary challenge of maintaining analytical consistency across multiple acquisitions?,Reconciling differing data models and KPI definitions,Avoiding partitions,Reducing dashboard counts,Improving worksheet layouts,A,Data Analytics,Enterprise Analytics and Data Architecture,91
DA_3819,Which architecture component provides a single trusted source for enterprise business metrics?,Governed Semantic Layer,Storage Engine,Partition Manager,Cluster Scheduler,A,Data Analytics,Enterprise Analytics and Data Architecture,86
DA_3820,Which data modeling approach is most suitable for enterprise environments requiring scalability and auditability?,Data Vault Modeling,Flat File Modeling,Spreadsheet Modeling,Single Fact Tables,A,Data Analytics,Enterprise Analytics and Data Architecture,79
DA_3821,What is the primary role of enterprise data stewardship frameworks?,Assign accountability for data quality and governance,Avoid governance,Increase storage utilization,Manage hardware resources,A,Data Analytics,Enterprise Analytics and Data Architecture,92
DA_3822,Which optimization strategy is most beneficial for recurring enterprise KPI calculations across departments?,Centralized Metric Materialization,Bridge Tables,Dimension Expansion,Metadata Duplication,A,Data Analytics,Enterprise Analytics and Data Architecture,91
DA_3823,Which architecture style best supports analytical interoperability across multiple cloud providers?,Cloud-Agnostic Analytics Architecture,Spreadsheet Architecture,Standalone Databases,Desktop Reporting Systems,A,Data Analytics,Enterprise Analytics and Data Architecture,94
DA_3824,What is the primary challenge of enterprise KPI governance at scale?,Maintaining consistency while accommodating evolving business requirements,Avoiding storage costs,Improving compression,Managing partitions,A,Data Analytics,Enterprise Analytics and Data Architecture,98
DA_3825,Which performance metric is most useful for identifying excessive cluster-wide CPU contention?,CPU Wait Percentage,Dashboard Count,Worksheet Count,Dimension Count,A,Data Analytics,Enterprise Analytics and Data Architecture,86
DA_3826,What is the primary objective of enterprise analytics maturity programs?,Advance analytical capabilities through structured improvement,Avoid governance,Increase dashboard count,Reduce metadata quality,A,Data Analytics,Enterprise Analytics and Data Architecture,82
DA_3827,Which optimization technique most directly reduces data scanned in columnar storage systems?,Column Pruning,Dimension Expansion,Data Duplication,Bridge Tables,A,Data Analytics,Enterprise Analytics and Data Architecture,88
DA_3828,What is the primary role of enterprise data ownership frameworks?,Define responsibility for data assets and quality outcomes,Increase storage capacity,Reduce partition counts,Manage compute clusters,A,Data Analytics,Enterprise Analytics and Data Architecture,94
DA_3829,Which challenge is most likely when enterprise metrics are not certified?,Reduced trust and conflicting business decisions,Improved governance,Lower infrastructure costs,Faster reporting cycles,A,Data Analytics,Enterprise Analytics and Data Architecture,92
DA_3830,What is the primary purpose of enterprise workload prioritization?,Allocate resources according to business value and urgency,Increase dashboard volume,Reduce metadata quality,Improve report layouts,A,Data Analytics,Enterprise Analytics and Data Architecture,100
DA_3831,Which architecture capability supports enterprise-wide impact analysis before schema changes?,Lineage and Dependency Mapping,Caching Layer,Storage Engine,Partition Manager,A,Data Analytics,Enterprise Analytics and Data Architecture,97
DA_3832,Which optimization strategy is most effective for minimizing cloud analytics costs caused by overprovisioned resources?,Resource Rightsizing,Unlimited Scaling,Data Duplication,Bridge Expansion,A,Data Analytics,Enterprise Analytics and Data Architecture,88
DA_3833,What is the primary challenge of enterprise-scale semantic model governance?,Maintaining consistent business logic across analytical tools,Reducing storage costs,Improving compression,Managing worksheets,A,Data Analytics,Enterprise Analytics and Data Architecture,87
DA_3834,Which performance metric best identifies excessive workload contention in shared analytical environments?,Query Queue Time,Dashboard Count,Worksheet Count,Dimension Count,A,Data Analytics,Enterprise Analytics and Data Architecture,82
DA_3835,Which enterprise architecture principle most effectively supports long-term maintainability of analytical ecosystems?,Custom Point-to-Point Integrations,Standardized Interfaces and Modular Components,Single Reporting Tool Dependence,Manual Data Transfers,B,Data Analytics,Enterprise Analytics and Data Architecture,76
DA_3836,What is the primary purpose of enterprise analytics value realization frameworks?,Measure business outcomes from analytical investments,Increase dashboard count,Reduce metadata usage,Improve storage compression,A,Data Analytics,Enterprise Analytics and Data Architecture,76
DA_3837,Which optimization technique is most effective for reducing shuffle overhead in distributed aggregations?,Local Pre-Aggregation,Dimension Expansion,Data Duplication,Metadata Replication,A,Data Analytics,Enterprise Analytics and Data Architecture,95
DA_3838,What is the primary challenge of maintaining enterprise-wide business glossaries?,Ensuring consistent terminology adoption across domains,Reducing storage costs,Improving compression,Managing dashboards,A,Data Analytics,Enterprise Analytics and Data Architecture,98
DA_3839,Which architecture component provides governed access to certified enterprise metrics?,Semantic Layer,Storage Engine,Partition Manager,Cluster Scheduler,A,Data Analytics,Enterprise Analytics and Data Architecture,89
DA_3840,Which data modeling approach is most suitable for integrating multiple source systems with full historical traceability?,Data Vault Modeling,Flat Tables,Spreadsheet Models,Star Schema Only,A,Data Analytics,Enterprise Analytics and Data Architecture,90
DA_3841,Which challenge commonly occurs when analytical assets lack clear ownership?,Reduced accountability and inconsistent quality,Improved governance,Lower operational risk,Faster delivery,A,Data Analytics,Enterprise Analytics and Data Architecture,86
DA_3842,Which optimization strategy is most beneficial for dashboards with repeated access patterns?,Result Caching and Materialization,Bridge Tables,Dimension Expansion,Metadata Duplication,A,Data Analytics,Enterprise Analytics and Data Architecture,99
DA_3843,Which architecture style best supports reusable analytical capabilities assembled from independent components?,Composable Analytics Architecture,Spreadsheet Architecture,Standalone Databases,Local Reporting Systems,A,Data Analytics,Enterprise Analytics and Data Architecture,84
DA_3844,What is the primary challenge of maintaining enterprise-wide KPI consistency?,Aligning business definitions across organizational units,Reducing storage costs,Improving compression,Managing worksheets,A,Data Analytics,Enterprise Analytics and Data Architecture,92
DA_3845,Which performance metric is most useful for identifying excessive network communication in distributed analytics?,Network Transfer Volume,Dashboard Count,Worksheet Count,Dimension Count,A,Data Analytics,Enterprise Analytics and Data Architecture,79
DA_3846,What is the primary objective of enterprise governance scorecards?,Measure compliance and effectiveness of governance practices,Increase dashboard volume,Reduce metadata usage,Improve storage efficiency,A,Data Analytics,Enterprise Analytics and Data Architecture,95
DA_3847,Which optimization technique most directly improves performance for highly selective partitioned-table queries?,Partition Pruning,Dimension Expansion,Bridge Tables,Data Duplication,A,Data Analytics,Enterprise Analytics and Data Architecture,94
DA_3848,What is the primary role of enterprise KPI repositories?,Maintain trusted and reusable business metrics,Increase storage utilization,Reduce governance controls,Manage compute resources,A,Data Analytics,Enterprise Analytics and Data Architecture,82
DA_3849,Which challenge is most likely when semantic models are developed independently across teams?,Metric inconsistency and duplicated business logic,Improved governance,Faster reporting,Lower infrastructure costs,A,Data Analytics,Enterprise Analytics and Data Architecture,76
DA_3850,What is the primary purpose of analytical workload forecasting?,Predict future resource demand and infrastructure requirements,Increase dashboard count,Reduce partition complexity,Improve report formatting,A,Data Analytics,Enterprise Analytics and Data Architecture,84
DA_3851,Which architecture capability supports enterprise-wide visibility into analytical dependencies?,Lineage and Impact Analysis,Caching Layer,Storage Engine,Partition Manager,A,Data Analytics,Enterprise Analytics and Data Architecture,88
DA_3852,Which optimization strategy is most effective for minimizing cloud analytics costs from underutilized compute resources?,Dynamic Resource Scaling,Unlimited Clusters,Data Duplication,Bridge Expansion,A,Data Analytics,Enterprise Analytics and Data Architecture,99
DA_3853,What is the primary challenge of enterprise-scale data product management?,Balancing domain autonomy with enterprise standards,Reducing storage costs,Improving compression,Managing worksheets,A,Data Analytics,Enterprise Analytics and Data Architecture,77
DA_3854,Which performance metric best indicates inefficient utilization of analytics infrastructure?,Average Resource Utilization Rate,Dashboard Count,Worksheet Count,Dimension Count,A,Data Analytics,Enterprise Analytics and Data Architecture,77
DA_3855,Which enterprise architecture principle most effectively supports analytics platform evolution without disrupting dependent systems?,Backward Compatibility Through Abstraction,Manual Migration,Hard-Coded Integrations,Single-System Ownership,A,Data Analytics,Enterprise Analytics and Data Architecture,99
DA_3856,Which optimization technique is most effective for reducing execution time of repetitive analytical workloads?,Result Reuse and Query Caching,Dimension Expansion,Data Duplication,Metadata Replication,A,Data Analytics,Enterprise Analytics and Data Architecture,90
DA_3857,What is the primary challenge of maintaining enterprise-wide data ownership models?,Ensuring accountability across organizational boundaries,Reducing storage costs,Improving compression,Managing partitions,A,Data Analytics,Enterprise Analytics and Data Architecture,92
DA_3858,Which architecture component provides centralized visibility into enterprise data quality metrics?,Data Quality Dashboard and Repository,Storage Engine,Partition Manager,Cluster Scheduler,A,Data Analytics,Enterprise Analytics and Data Architecture,88
DA_3859,What is the primary objective of enterprise analytics operating reviews?,Assess operational effectiveness and identify improvement actions,Increase dashboard count,Reduce metadata usage,Expand storage tiers,A,Data Analytics,Enterprise Analytics and Data Architecture,82
DA_3860,Which data modeling approach is most suitable for highly auditable enterprise integration architectures?,Data Vault Modeling,Flat Files,Spreadsheet Models,Single Fact Tables,A,Data Analytics,Enterprise Analytics and Data Architecture,84
DA_3861,Which challenge commonly occurs when analytical governance policies are inconsistently enforced?,Variability in quality and compliance outcomes,Improved flexibility,Reduced costs,Faster delivery,A,Data Analytics,Enterprise Analytics and Data Architecture,87
DA_3862,What is the primary role of enterprise semantic governance?,Maintain consistency of business logic and metric definitions,Increase storage utilization,Reduce partition counts,Manage hardware procurement,A,Data Analytics,Enterprise Analytics and Data Architecture,78
DA_3863,Which optimization strategy is most beneficial for enterprise KPI reporting environments with stable refresh schedules?,Precomputed KPI Aggregations,Bridge Tables,Dimension Expansion,Metadata Duplication,A,Data Analytics,Enterprise Analytics and Data Architecture,98
DA_3864,What is the primary purpose of enterprise analytics reliability engineering?,Ensure analytical services consistently meet reliability targets,Increase dashboard volume,Reduce governance controls,Improve report aesthetics,A,Data Analytics,Enterprise Analytics and Data Architecture,97
DA_3865,Which architecture style best supports reusable analytics capabilities delivered as independent services?,Composable Data and Analytics Architecture,Spreadsheet Architecture,Standalone Databases,Desktop Reporting Tools,A,Data Analytics,Enterprise Analytics and Data Architecture,90
DA_3866,What is the primary challenge of maintaining a global business glossary?,Aligning terminology across regions and business functions,Reducing storage costs,Improving compression,Managing worksheets,A,Data Analytics,Enterprise Analytics and Data Architecture,82
DA_3867,Which performance metric is most useful for identifying memory-related execution bottlenecks?,Memory Spill Volume,Dashboard Count,Worksheet Count,Dimension Count,A,Data Analytics,Enterprise Analytics and Data Architecture,98
DA_3868,What is the primary objective of enterprise analytical maturity roadmaps?,Guide progression toward advanced analytical capabilities,Increase dashboard count,Reduce metadata quality,Expand storage capacity,A,Data Analytics,Enterprise Analytics and Data Architecture,76
DA_3869,Which optimization technique most directly improves selective-query performance on large partitioned datasets?,Partition Elimination,Dimension Expansion,Data Duplication,Bridge Tables,A,Data Analytics,Enterprise Analytics and Data Architecture,89
DA_3870,Which challenge is most likely when enterprise data contracts are not actively managed?,Schema drift and downstream analytical failures,Improved governance,Faster implementation,Reduced costs,A,Data Analytics,Enterprise Analytics and Data Architecture,94
DA_3871,What is the primary purpose of enterprise workload observability systems?,Provide transparency into workload behavior and resource consumption,Increase partition counts,Reduce metadata management,Create dimensions automatically,A,Data Analytics,Enterprise Analytics and Data Architecture,91
DA_3872,Which architecture capability supports enterprise-wide confidence in analytical outputs?,Comprehensive Data Quality and Validation Framework,Caching Layer,Storage Engine,Partition Manager,A,Data Analytics,Enterprise Analytics and Data Architecture,85
DA_3873,Which optimization strategy is most effective for balancing performance and cost in cloud analytics platforms?,Elastic Resource Management,Unlimited Scaling,Data Duplication,Bridge Expansion,A,Data Analytics,Enterprise Analytics and Data Architecture,76
DA_3874,What is the primary challenge of governing enterprise KPI ecosystems?,Maintaining trusted definitions while supporting evolving business needs,Avoiding storage costs,Improving compression,Managing worksheets,A,Data Analytics,Enterprise Analytics and Data Architecture,80
DA_3875,Which performance metric best indicates excessive waiting caused by resource contention?,Query Queue Time,Dashboard Count,Worksheet Count,Dimension Count,A,Data Analytics,Enterprise Analytics and Data Architecture,78
DA_3876,Which enterprise architecture principle most effectively supports continuous evolution of analytical ecosystems while minimizing disruption?,Tightly Coupled Systems,Backward-Compatible Modular Design,Single Platform Dependency,Manual Migration Processes,B,Data Analytics,Enterprise Analytics and Data Architecture,92
DA_3877,What is the primary purpose of enterprise analytics strategic planning?,Align analytical capabilities with long-term organizational goals,Increase dashboard count,Reduce metadata usage,Improve storage compression,A,Data Analytics,Enterprise Analytics and Data Architecture,93
DA_3878,Which optimization technique is most effective for minimizing data movement during distributed processing?,Data Locality Optimization,Dimension Expansion,Data Duplication,Metadata Replication,A,Data Analytics,Enterprise Analytics and Data Architecture,96
DA_3879,What is the primary challenge of maintaining analytical governance across decentralized domains?,Balancing autonomy with enterprise standards,Reducing storage costs,Improving compression,Managing dashboards,A,Data Analytics,Enterprise Analytics and Data Architecture,94
DA_3880,Which architecture component provides a centralized inventory of enterprise analytical assets?,Enterprise Data Catalog,Storage Engine,Partition Manager,Cluster Scheduler,A,Data Analytics,Enterprise Analytics and Data Architecture,97
DA_3882,Which data modeling approach is most suitable for large-scale enterprise integration requiring flexibility and auditability?,Data Vault Modeling,Flat File Modeling,Spreadsheet Models,Single Fact Tables,A,Data Analytics,Enterprise Analytics and Data Architecture,100
DA_3883,Which challenge commonly occurs when enterprise analytics lacks standardized metadata practices?,Reduced discoverability and inconsistent understanding,Improved governance,Lower operational costs,Faster delivery,A,Data Analytics,Enterprise Analytics and Data Architecture,97
DA_3884,What is the primary role of enterprise KPI governance committees?,Maintain consistency and trust in business metrics,Increase storage utilization,Reduce partition counts,Manage hardware resources,A,Data Analytics,Enterprise Analytics and Data Architecture,93
DA_3885,Which optimization strategy is most beneficial for recurring enterprise reporting workloads?,Materialized Reporting Layers,Bridge Tables,Dimension Expansion,Metadata Duplication,A,Data Analytics,Enterprise Analytics and Data Architecture,91
DA_3886,Which architecture style best supports reusable and independently deployable analytical capabilities?,Composable Analytics Architecture,Spreadsheet Architecture,Standalone Databases,Desktop Reporting Systems,A,Data Analytics,Enterprise Analytics and Data Architecture,77
DA_3887,What is the primary challenge of maintaining enterprise-wide semantic consistency?,Aligning business logic across domains and analytical tools,Reducing storage costs,Improving compression,Managing worksheets,A,Data Analytics,Enterprise Analytics and Data Architecture,90
DA_3888,Which performance metric is most useful for identifying excessive resource contention across analytical workloads?,Resource Wait Time,Dashboard Count,Worksheet Count,Dimension Count,A,Data Analytics,Enterprise Analytics and Data Architecture,88
DA_3889,What is the primary objective of enterprise analytics maturity assessments?,Measure current capabilities and identify improvement opportunities,Increase dashboard count,Reduce metadata quality,Expand storage tiers,A,Data Analytics,Enterprise Analytics and Data Architecture,88
DA_3890,Which optimization technique most directly improves performance of partitioned analytical datasets?,Partition Pruning,Dimension Expansion,Bridge Tables,Data Duplication,A,Data Analytics,Enterprise Analytics and Data Architecture,91
DA_3891,What is the primary role of enterprise data stewardship programs?,Ensure accountability for data quality and governance,Increase storage capacity,Reduce dashboard usage,Manage cluster hardware,A,Data Analytics,Enterprise Analytics and Data Architecture,83
DA_3892,Which challenge is most likely when enterprise metrics are not governed centrally?,Conflicting business insights and reduced trust,Improved governance,Faster implementation,Lower costs,A,Data Analytics,Enterprise Analytics and Data Architecture,86
DA_3893,What is the primary purpose of enterprise workload forecasting?,Predict future demand for analytical infrastructure and resources,Increase dashboard volume,Reduce partition complexity,Improve report layouts,A,Data Analytics,Enterprise Analytics and Data Architecture,83
DA_3894,Which architecture capability supports enterprise-wide dependency analysis before data changes?,Lineage and Impact Analysis,Caching Layer,Storage Engine,Partition Manager,A,Data Analytics,Enterprise Analytics and Data Architecture,97
DA_3895,What is the primary benefit of enterprise analytics automation initiatives?,"Improve scalability, efficiency and operational consistency",Reduce accountability,Unlimited performance,Automatic dashboard creation,A,Data Analytics,Enterprise Analytics and Data Architecture,85
DA_3896,Which optimization strategy is most effective for controlling cloud analytics costs while maintaining performance objectives?,Elastic Resource Optimization,Unlimited Scaling,Data Duplication,Bridge Expansion,A,Data Analytics,Enterprise Analytics and Data Architecture,98
DA_3897,What is the primary challenge of enterprise-scale KPI lifecycle management?,Maintaining relevance trust and consistency over time,Avoiding storage costs,Improving compression,Managing worksheets,A,Data Analytics,Enterprise Analytics and Data Architecture,76
